,Stn,Datum,Tijd,P,qP,T,qT,Tn,qTn,Tx,qTx,U,qU,Ed,qEd,Tw,qTw,D,qD,F,qF,N,qN
0,32,19380101,7.0,—,7,26.5,0,—,7,—,7,80,0,20.6,0,24,0,65,0,3.8,0,—,7
1,32,19380101,12.0,—,7,29.3,0,—,7,—,7,—,7,—,7,27,0,65,0,5,0,—,7
2,32,19380101,17.0,—,7,27.9,0,—,7,—,7,87,0,24.2,0,26.2,0,65,0,3.8,0,—,7
3,32,19380101,24.0,—,7,—,7,25,0,28.5,0,—,7,—,7,—,7,—,7,—,7,—,7
4,32,19380102,7.0,—,7,25.3,0,—,7,—,7,91,0,21.8,0,24.2,0,65,0,3.4,0,—,7
5,32,19380102,12.0,—,7,29.7,0,—,7,—,7,—,7,—,7,28.6,0,90,0,4.2,0,—,7
6,32,19380102,17.0,—,7,27.7,0,—,7,—,7,90,0,24.8,0,26.4,0,90,0,3.4,0,—,7
7,32,19380102,24.0,—,7,—,7,25.5,0,29,0,—,7,—,7,—,7,—,7,—,7,—,7
8,32,19380103,7.0,—,7,25.1,0,—,7,—,7,89,0,21.1,0,23.8,0,90,0,1.8,0,—,7
9,32,19380103,12.0,—,7,29.5,0,—,7,—,7,—,7,—,7,27.1,0,90,0,3.6,0,—,7
10,32,19380103,17.0,—,7,27.7,0,—,7,—,7,90,0,24.8,0,26.4,0,65,0,3,0,—,7
11,32,19380103,24.0,—,7,—,7,25,0,31,0,—,7,—,7,—,7,—,7,—,7,—,7
12,32,19380104,7.0,—,7,25.3,0,—,7,—,7,90,0,21.4,0,24,0,65,0,3,0,—,7
13,32,19380104,12.0,—,7,27.5,0,—,7,—,7,90,0,24.5,0,26.2,0,65,0,2.9,0,—,7
14,32,19380104,17.0,—,7,25.7,0,—,7,—,7,96,0,23.5,0,25.2,0,65,0,2.8,0,—,7
15,32,19380104,24.0,—,7,—,7,24,0,29,0,—,7,—,7,—,7,—,7,—,7,—,7
16,32,19380105,7.0,—,7,25.2,0,—,7,—,7,88,0,21.1,0,23.8,0,65,0,1.8,0,—,7
17,32,19380105,12.0,—,7,28.9,0,—,7,—,7,—,7,—,7,27.4,0,65,0,3.4,0,—,7
18,32,19380105,17.0,—,7,27.7,0,—,7,—,7,89,0,24.6,0,26.3,0,65,0,2.6,0,—,7
19,32,19380105,24.0,—,7,—,7,24.5,0,30,0,—,7,—,7,—,7,—,7,—,7,—,7
20,32,19380106,7.0,—,7,24.7,0,—,7,—,7,92,0,21.4,0,23.8,0,65,0,2,0,—,7
21,32,19380106,12.0,—,7,28.5,0,—,7,—,7,85,0,24.7,0,26.6,0,65,0,3.6,0,—,7
22,32,19380106,17.0,—,7,27.1,0,—,7,—,7,80,0,21.5,0,24.6,0,65,0,3.2,0,—,7
23,32,19380106,24.0,—,7,—,7,24.5,0,29.5,0,—,7,—,7,—,7,—,7,—,7,—,7
24,32,19380107,7.0,—,7,24.8,0,—,7,—,7,88,0,20.5,0,23.4,0,65,0,2.4,0,—,7
25,32,19380107,12.0,—,7,28.4,0,—,7,—,7,85,0,24.3,0,26.4,0,65,0,3.7,0,—,7
26,32,19380107,17.0,—,7,26.9,0,—,7,—,7,83,0,21.8,0,24.7,0,65,0,3.7,0,—,7
27,32,19380107,24.0,—,7,—,7,24.5,0,30,0,—,7,—,7,—,7,—,7,—,7,—,7
28,32,19380108,7.0,—,7,25.1,0,—,7,—,7,85,0,20.2,0,23.3,0,65,0,2.2,0,—,7
29,32,19380108,12.0,—,7,28.5,0,—,7,—,7,80,0,23,0,25.8,0,65,0,3.4,0,—,7
30,32,19380108,17.0,—,7,26.5,0,—,7,—,7,86,0,22.2,0,24.8,0,65,0,2.8,0,—,7
31,32,19380108,24.0,—,7,—,7,25,0,29,0,—,7,—,7,—,7,—,7,—,7,—,7
32,32,19380109,7.0,—,7,24.7,0,—,7,—,7,96,0,22.1,0,24.2,0,90,0,1.8,0,—,7
33,32,19380109,12.0,—,7,26.7,0,—,7,—,7,93,0,24.1,0,25.8,0,65,0,2.8,0,—,7
34,32,19380109,17.0,—,7,26.5,0,—,7,—,7,88,0,22.6,0,25,0,65,0,2.8,0,—,7
35,32,19380109,24.0,—,7,—,7,23,0,27,0,—,7,—,7,—,7,—,7,—,7,—,7
36,32,19380110,7.0,—,7,24.3,0,—,7,—,7,91,0,20.7,0,23.3,0,65,0,1.4,0,—,7
37,32,19380110,12.0,—,7,25.6,0,—,7,—,7,95,0,23.2,0,25,0,65,0,—,7,—,7
38,32,19380110,17.0,—,7,26.1,0,—,7,—,7,88,0,22.1,0,24.6,0,65,0,—,7,—,7
39,32,19380110,24.0,—,7,—,7,24.5,0,28.5,0,—,7,—,7,—,7,—,7,—,7,—,7
40,32,19380111,7.0,—,7,24.5,0,—,7,—,7,84,0,19.2,0,22.6,0,65,0,1.8,0,—,7
41,32,19380111,12.0,—,7,27.6,0,—,7,—,7,79,0,21.5,0,24.8,0,65,0,3.4,0,—,7
42,32,19380111,17.0,—,7,27.1,0,—,7,—,7,83,0,22.2,0,25,0,65,0,3.2,0,—,7
43,32,19380111,24.0,—,7,—,7,23.5,0,29,0,—,7,—,7,—,7,—,7,—,7,—,7
44,32,19380112,7.0,—,7,24.9,0,—,7,—,7,81,0,18.9,0,22.6,0,65,0,2.6,0,—,7
45,32,19380112,12.0,—,7,28.7,0,—,7,—,7,84,0,24.6,0,26.6,0,65,0,3.2,0,—,7
46,32,19380112,17.0,—,7,26.5,0,—,7,—,7,99,0,25.5,0,26.4,0,65,0,3,0,—,7
47,32,19380112,24.0,—,7,—,7,25,0,29,0,—,7,—,7,—,7,—,7,—,7,—,7
48,32,19380113,7.0,—,7,24.3,0,—,7,—,7,87,0,19.5,0,22.7,0,115,0,2.2,0,—,7
49,32,19380113,12.0,—,7,29.1,0,—,7,—,7,83,0,24.8,0,26.8,0,90,0,3,0,—,7
50,32,19380113,17.0,—,7,28.1,0,—,7,—,7,84,0,23.7,0,26,0,65,0,3.4,0,—,7
51,32,19380113,24.0,—,7,—,7,24,0,29.5,0,—,7,—,7,—,7,—,7,—,7,—,7
52,32,19380114,7.0,—,7,23.1,0,—,7,—,7,96,0,20.3,0,22.7,0,90,0,2.8,0,—,7
53,32,19380114,12.0,—,7,28,0,—,7,—,7,84,0,23.5,0,25.9,0,65,0,3.6,0,—,7
54,32,19380114,17.0,—,7,27.8,0,—,7,—,7,83,0,23,0,25.6,0,65,0,3.2,0,—,7
55,32,19380114,24.0,—,7,—,7,22,0,29.5,0,—,7,—,7,—,7,—,7,—,7,—,7
56,32,19380115,7.0,—,7,23.8,0,—,7,—,7,93,0,20.4,0,23,0,65,0,1.2,0,—,7
57,32,19380115,12.0,—,7,28.7,0,—,7,—,7,80,0,23.3,0,26,0,65,0,2.6,0,—,7
58,32,19380115,17.0,—,7,28.5,0,—,7,—,7,80,0,23,0,25.8,0,65,0,2.2,0,—,7
59,32,19380115,24.0,—,7,—,7,24,0,29.5,0,—,7,—,7,—,7,—,7,—,7,—,7
60,32,19380116,7.0,—,7,24.9,0,—,7,—,7,88,0,20.5,0,23.4,0,65,0,1.8,0,—,7
61,32,19380116,12.0,—,7,28.1,0,—,7,—,7,85,0,24.1,0,26.2,0,65,0,3.2,0,—,7
62,32,19380116,17.0,—,7,27.7,0,—,7,—,7,88,0,24.3,0,26.2,0,65,0,3.2,0,—,7
63,32,19380116,24.0,—,7,—,7,23.5,0,29,0,—,7,—,7,—,7,—,7,—,7,—,7
64,32,19380117,7.0,—,7,23.2,0,—,7,—,7,—,7,—,7,24.1,0,65,0,—,7,—,7
65,32,19380117,12.0,—,7,27.9,0,—,7,—,7,86,0,24,0,26.1,0,65,0,—,7,—,7
66,32,19380117,17.0,—,7,27.8,0,—,7,—,7,83,0,23,0,25.6,0,65,0,—,7,—,7
67,32,19380117,24.0,—,7,—,7,25,0,29.5,0,—,7,—,7,—,7,—,7,—,7,—,7
68,32,19380118,7.0,—,7,25.1,0,—,7,—,7,89,0,21.1,0,23.8,0,65,0,2.6,0,—,7
69,32,19380118,12.0,—,7,29.1,0,—,7,—,7,79,0,23.9,0,26.4,0,65,0,4.2,0,—,7
70,32,19380118,17.0,—,7,27.8,0,—,7,—,7,83,0,23,0,25.6,0,65,0,4,0,—,7
71,32,19380118,24.0,—,7,—,7,25,0,30.1,0,—,7,—,7,—,7,—,7,—,7,—,7
72,32,19380119,7.0,—,7,25.1,0,—,7,—,7,86,0,20.4,0,23.4,0,65,0,2.8,0,—,7
73,32,19380119,12.0,—,7,28.7,0,—,7,—,7,83,0,24.1,0,26.4,0,65,0,3.8,0,—,7
74,32,19380119,17.0,—,7,27.7,0,—,7,—,7,84,0,23.1,0,25.6,0,65,0,3.6,0,—,7
75,32,19380119,24.0,—,7,—,7,24,0,30,0,—,7,—,7,—,7,—,7,—,7,—,7
76,32,19380120,7.0,—,7,23.6,0,—,7,—,7,88,0,19,0,22.2,0,65,0,1.8,0,—,7
77,32,19380120,12.0,—,7,28.5,0,—,7,—,7,78,0,22.6,0,25.6,0,65,0,3.6,0,—,7
78,32,19380120,17.0,—,7,27.3,0,—,7,—,7,80,0,21.7,0,24.8,0,65,0,3,0,—,7
79,32,19380120,24.0,—,7,—,7,27,0,30,0,—,7,—,7,—,7,—,7,—,7,—,7
80,32,19380121,7.0,—,7,22.3,0,—,7,—,7,97,0,19.5,0,22,0,65,0,3,0,—,7
81,32,19380121,12.0,—,7,27,0,—,7,—,7,86,0,22.9,0,25.3,0,65,0,3.6,0,—,7
82,32,19380121,17.0,—,7,26.5,0,—,7,—,7,81,0,22.4,0,24.9,0,65,0,3.4,0,—,7
83,32,19380121,24.0,—,7,—,7,23,0,28,0,—,7,—,7,—,7,—,7,—,7,—,7
84,32,19380122,7.0,—,7,25,0,—,7,—,7,86,0,20.2,0,23.3,0,65,0,2.8,0,—,7
85,32,19380122,12.0,—,7,27.9,0,—,7,—,7,83,0,23.2,0,25.7,0,65,0,4.4,0,—,7
86,32,19380122,17.0,—,7,26.7,0,—,7,—,7,76,0,19.7,0,23.6,0,65,0,3.2,0,—,7
87,32,19380122,24.0,—,7,—,7,24,0,29,0,—,7,—,7,—,7,—,7,—,7,—,7
88,32,19380123,7.0,—,7,24.3,0,—,7,—,7,89,0,20.1,0,23,0,65,0,2.8,0,—,7
89,32,19380123,12.0,—,7,27.7,0,—,7,—,7,84,0,23.1,0,25.6,0,65,0,3.6,0,—,7
90,32,19380123,17.0,—,7,26.7,0,—,7,—,7,83,0,21.7,0,24.6,0,65,0,2.6,0,—,7
91,32,19380123,24.0,—,7,—,7,28,0,28.5,0,—,7,—,7,—,7,—,7,—,7,—,7
92,32,19380124,7.0,—,7,24.1,0,—,7,—,7,89,0,19.8,0,22.8,0,65,0,1.8,0,—,7
93,32,19380124,12.0,—,7,28.7,0,—,7,—,7,75,0,22.1,0,25.4,0,65,0,3.2,0,—,7
94,32,19380124,17.0,—,7,27.3,0,—,7,—,7,80,0,21.7,0,24.8,0,65,0,2.8,0,—,7
95,32,19380124,24.0,—,7,—,7,28,0,28.5,0,—,7,—,7,—,7,—,7,—,7,—,7
96,32,19380125,7.0,—,7,27.6,0,—,7,—,7,66,0,18,0,23,0,65,0,2,0,—,7
97,32,19380125,12.0,—,7,29.1,0,—,7,—,7,73,0,21.8,0,25.4,0,65,0,3.2,0,—,7
98,32,19380125,17.0,—,7,27.7,0,—,7,—,7,79,0,21.9,0,25,0,65,0,3,0,—,7
99,32,19380125,24.0,—,7,—,7,27.5,0,30,0,—,7,—,7,—,7,—,7,—,7,—,7
100,32,19380126,7.0,—,7,23.1,0,—,7,—,7,94,0,19.7,0,22.4,0,65,0,1.8,0,—,7
101,32,19380126,12.0,—,7,24.9,0,—,7,—,7,89,0,20.9,0,23.6,0,65,0,4.6,0,—,7
102,32,19380126,17.0,—,7,25,0,—,7,—,7,98,0,23.2,0,24.8,0,65,0,2.6,0,—,7
103,32,19380126,24.0,—,7,—,7,23.5,0,28,0,—,7,—,7,—,7,—,7,—,7,—,7
104,32,19380127,7.0,—,7,23.5,0,—,7,—,7,89,0,19.1,0,22.2,0,90,0,1,0,—,7
105,32,19380127,12.0,—,7,28.5,0,—,7,—,7,78,0,22.6,0,25.6,0,90,0,2.2,0,—,7
106,32,19380127,17.0,—,7,24.7,0,—,7,—,7,88,0,20.4,0,23.3,0,65,0,1.8,0,—,7
107,32,19380127,24.0,—,7,—,7,23,0,29,0,—,7,—,7,—,7,—,7,—,7,—,7
108,32,19380128,7.0,—,7,22.7,0,—,7,—,7,96,0,19.6,0,22.2,0,90,0,1.2,0,—,7
109,32,19380128,12.0,—,7,26.1,0,—,7,—,7,86,0,21.7,0,24.4,0,65,0,3.2,0,—,7
110,32,19380128,17.0,—,7,27.1,0,—,7,—,7,79,0,21.1,0,24.4,0,65,0,2.8,0,—,7
111,32,19380128,24.0,—,7,—,7,21,0,28,0,—,7,—,7,—,7,—,7,—,7,—,7
112,32,19380129,7.0,—,7,23.4,0,—,7,—,7,85,0,18.1,0,21.6,0,25,0,1.8,0,—,7
113,32,19380129,12.0,—,7,27.8,0,—,7,—,7,79,0,22,0,25.1,0,45,0,4,0,—,7
114,32,19380129,17.0,—,7,25.9,0,—,7,—,7,79,0,19.5,0,23.2,0,45,0,3.8,0,—,7
115,32,19380129,24.0,—,7,—,7,23,0,28.5,0,—,7,—,7,—,7,—,7,—,7,—,7
116,32,19380130,7.0,—,7,25.3,0,—,7,—,7,77,0,18.4,0,22.4,0,65,0,1.4,0,—,7
117,32,19380130,12.0,—,7,28.5,0,—,7,—,7,75,0,21.8,0,25.2,0,65,0,3.6,0,—,7
118,32,19380130,17.0,—,7,27.3,0,—,7,—,7,80,0,21.7,0,24.8,0,65,0,3,0,—,7
119,32,19380130,24.0,—,7,—,7,25,0,29,0,—,7,—,7,—,7,—,7,—,7,—,7
120,32,19380131,7.0,—,7,24.1,0,—,7,—,7,87,0,19.3,0,22.5,0,65,0,1.4,0,—,7
121,32,19380131,12.0,—,7,26.5,0,—,7,—,7,85,0,21.8,0,24.6,0,115,0,2.6,0,—,7
122,32,19380131,17.0,—,7,27.2,0,—,7,—,7,85,0,22.8,0,25.3,0,90,0,2.2,0,—,7
123,32,19380131,24.0,—,7,—,7,24,0,28,0,—,7,—,7,—,7,—,7,—,7,—,7
124,32,19380201,7.0,—,7,25.7,0,—,7,—,7,85,0,20.7,0,23.8,0,65,0,2.8,0,—,7
125,32,19380201,12.0,—,7,28.7,0,—,7,—,7,78,0,22.9,0,25.8,0,65,0,3.4,0,—,7
126,32,19380201,17.0,—,7,28.1,0,—,7,—,7,81,0,22.9,0,25.6,0,65,0,3.4,0,—,7
127,32,19380201,24.0,—,7,—,7,25.5,0,29,0,—,7,—,7,—,7,—,7,—,7,—,7
128,32,19380202,7.0,—,7,24.8,0,—,7,—,7,91,0,21.2,0,23.8,0,65,0,2.8,0,—,7
129,32,19380202,12.0,—,7,29.1,0,—,7,—,7,80,0,23.9,0,26.4,0,65,0,4,0,—,7
130,32,19380202,17.0,—,7,27.1,0,—,7,—,7,85,0,22.7,0,25.2,0,65,0,4,0,—,7
131,32,19380202,24.0,—,7,—,7,24.5,0,29.5,0,—,7,—,7,—,7,—,7,—,7,—,7
132,32,19380203,7.0,—,7,25.1,0,—,7,—,7,88,0,20.9,0,23.7,0,90,0,2.6,0,—,7
133,32,19380203,12.0,—,7,27.7,0,—,7,—,7,82,0,22.7,0,25.4,0,90,0,3.4,0,—,7
134,32,19380203,17.0,—,7,27.7,0,—,7,—,7,82,0,22.7,0,25.4,0,90,0,3.4,0,—,7
135,32,19380203,24.0,—,7,—,7,24.5,0,29,0,—,7,—,7,—,7,—,7,—,7,—,7
136,32,19380204,7.0,—,7,24.9,0,—,7,—,7,92,0,21.4,0,23.9,0,65,0,2.2,0,—,7
137,32,19380204,12.0,—,7,28.5,0,—,7,—,7,82,0,23.9,0,26.2,0,65,0,3.6,0,—,7
138,32,19380204,17.0,—,7,27.3,0,—,7,—,7,83,0,22.5,0,25.2,0,65,0,3,0,—,7
139,32,19380204,24.0,—,7,—,7,25,0,29,0,—,7,—,7,—,7,—,7,—,7,—,7
140,32,19380205,7.0,—,7,24.4,0,—,7,—,7,88,0,20,0,23,0,65,0,1.8,0,—,7
141,32,19380205,12.0,—,7,29.3,0,—,7,—,7,78,0,23.8,0,26.4,0,65,0,3.4,0,—,7
142,32,19380205,17.0,—,7,27.8,0,—,7,—,7,78,0,21.6,0,24.9,0,65,0,2.8,0,—,7
143,32,19380205,24.0,—,7,—,7,24.5,0,30,0,—,7,—,7,—,7,—,7,—,7,—,7
144,32,19380206,7.0,—,7,24.3,0,—,7,—,7,86,0,19.3,0,22.6,0,65,0,1.4,0,—,7
145,32,19380206,12.0,—,7,28.7,0,—,7,—,7,77,0,22.5,0,25.6,0,65,0,3.2,0,—,7
146,32,19380206,17.0,—,7,26.1,0,—,7,—,7,85,0,21.5,0,24.3,0,65,0,2.8,0,—,7
147,32,19380206,24.0,—,7,—,7,24,0,29,0,—,7,—,7,—,7,—,7,—,7,—,7
148,32,19380207,7.0,—,7,25.1,0,—,7,—,7,88,0,20.9,0,23.7,0,65,0,2.2,0,—,7
149,32,19380207,12.0,—,7,28.9,0,—,7,—,7,78,0,23.2,0,26,0,65,0,3.4,0,—,7
150,32,19380207,17.0,—,7,27.8,0,—,7,—,7,78,0,21.8,0,25,0,65,0,3.4,0,—,7
151,32,19380207,24.0,—,7,—,7,25,0,30,0,—,7,—,7,—,7,—,7,—,7,—,7
152,32,19380208,7.0,—,7,25.4,0,—,7,—,7,89,0,21.3,0,24,0,65,0,3.2,0,—,7
153,32,19380208,12.0,—,7,28.4,0,—,7,—,7,82,0,23.7,0,26.1,0,65,0,4.2,0,—,7
154,32,19380208,17.0,—,7,26.4,0,—,7,—,7,90,0,23.1,0,25.2,0,65,0,3.6,0,—,7
155,32,19380208,24.0,—,7,—,7,24.4,0,29,0,—,7,—,7,—,7,—,7,—,7,—,7
156,32,19380209,7.0,—,7,25,0,—,7,—,7,84,0,19.7,0,23,0,65,0,4,0,—,7
157,32,19380209,12.0,—,7,27.9,0,—,7,—,7,84,0,23.6,0,25.9,0,65,0,4.6,0,—,7
158,32,19380209,17.0,—,7,26.7,0,—,7,—,7,78,0,20.1,0,23.8,0,65,0,3.8,0,—,7
159,32,19380209,24.0,—,7,—,7,24,0,29,0,—,7,—,7,—,7,—,7,—,7,—,7
160,32,19380210,7.0,—,7,24.5,0,—,7,—,7,85,0,19.4,0,22.7,0,65,0,2.8,0,—,7
161,32,19380210,12.0,—,7,28.1,0,—,7,—,7,82,0,23.1,0,25.7,0,65,0,3.8,0,—,7
162,32,19380210,17.0,—,7,—,7,—,7,—,7,—,7,—,7,—,7,65,0,3.6,0,—,7
163,32,19380210,24.0,—,7,—,7,24,0,29,0,—,7,—,7,—,7,—,7,—,7,—,7
164,32,19380211,7.0,—,7,—,7,—,7,—,7,—,7,—,7,—,7,—,7,—,7,—,7
165,32,19380211,12.0,—,7,—,7,—,7,—,7,—,7,—,7,—,7,—,7,—,7,—,7
166,32,19380211,17.0,—,7,—,7,—,7,—,7,—,7,—,7,—,7,—,7,—,7,—,7
167,32,19380211,24.0,—,7,—,7,—,7,—,7,—,7,—,7,—,7,—,7,—,7,—,7
168,32,19380212,7.0,—,7,—,7,—,7,—,7,—,7,—,7,—,7,—,7,—,7,—,7
169,32,19380212,12.0,—,7,—,7,—,7,—,7,—,7,—,7,—,7,—,7,—,7,—,7
170,32,19380212,17.0,—,7,—,7,—,7,—,7,—,7,—,7,—,7,—,7,—,7,—,7
171,32,19380212,24.0,—,7,—,7,—,7,—,7,—,7,—,7,—,7,—,7,—,7,—,7
172,32,19380213,7.0,—,7,—,7,—,7,—,7,—,7,—,7,—,7,—,7,—,7,—,7
173,32,19380213,12.0,—,7,—,7,—,7,—,7,—,7,—,7,—,7,—,7,—,7,—,7
174,32,19380213,17.0,—,7,—,7,—,7,—,7,—,7,—,7,—,7,—,7,—,7,—,7
175,32,19380213,24.0,—,7,—,7,—,7,—,7,—,7,—,7,—,7,—,7,—,7,—,7
176,32,19380214,7.0,—,7,23.9,0,—,7,—,7,87,0,19.2,0,22.4,0,65,0,2.2,0,—,7
177,32,19380214,12.0,—,7,28.7,0,—,7,—,7,80,0,23.3,0,26,0,65,0,3.2,0,—,7
178,32,19380214,17.0,—,7,26.5,0,—,7,—,7,—,7,—,7,24,0,65,0,2.8,0,—,7
179,32,19380214,24.0,—,7,—,7,24,0,29,0,—,7,—,7,—,7,—,7,—,7,—,7
180,32,19380215,7.0,—,7,23.5,0,—,7,—,7,90,0,19.3,0,22.3,0,65,0,2.8,0,—,7
181,32,19380215,12.0,—,7,27.5,0,—,7,—,7,80,0,21.6,0,24.8,0,65,0,4.4,0,—,7
182,32,19380215,17.0,—,7,25.4,0,—,7,—,7,82,0,19.8,0,23.2,0,65,0,3.6,0,—,7
183,32,19380215,24.0,—,7,—,7,22,0,28,0,—,7,—,7,—,7,—,7,—,7,—,7
184,32,19380216,7.0,—,7,23.5,0,—,7,—,7,92,0,19.9,0,22.6,0,65,0,2.8,0,—,7
185,32,19380216,12.0,—,7,24.7,0,—,7,—,7,90,0,20.8,0,23.5,0,65,0,3.8,0,—,7
186,32,19380216,17.0,—,7,25.9,0,—,7,—,7,76,0,18.7,0,22.8,0,65,0,3.4,0,—,7
187,32,19380216,24.0,—,7,—,7,22.5,0,28,0,—,7,—,7,—,7,—,7,—,7,—,7
188,32,19380217,7.0,—,7,23.9,0,—,7,—,7,80,0,17.6,0,21.5,0,65,0,2.4,0,—,7
189,32,19380217,12.0,—,7,25.7,0,—,7,—,7,86,0,21.1,0,24,0,65,0,3.8,0,—,7
190,32,19380217,17.0,—,7,25.8,0,—,7,—,7,79,0,19.5,0,23.2,0,65,0,3.6,0,—,7
191,32,19380217,24.0,—,7,—,7,24,0,29.5,0,—,7,—,7,—,7,—,7,—,7,—,7
192,32,19380218,7.0,—,7,24,0,—,7,—,7,82,0,18.1,0,21.8,0,65,0,2.8,0,—,7
193,32,19380218,12.0,—,7,27.5,0,—,7,—,7,84,0,23,0,25.5,0,65,0,4,0,—,7
194,32,19380218,17.0,—,7,26.3,0,—,7,—,7,79,0,20.2,0,23.7,0,65,0,3.2,0,—,7
195,32,19380218,24.0,—,7,—,7,23.5,0,29,0,—,7,—,7,—,7,—,7,—,7,—,7
196,32,19380219,7.0,—,7,24,0,—,7,—,7,80,0,17.7,0,21.6,0,65,0,3,0,—,7
197,32,19380219,12.0,—,7,28.2,0,—,7,—,7,73,0,21,0,24.7,0,90,0,3.6,0,—,7
198,32,19380219,17.0,—,7,26,0,—,7,—,7,73,0,18.3,0,22.6,0,65,0,4,0,—,7
199,32,19380219,24.0,—,7,—,7,23.5,0,29,0,—,7,—,7,—,7,—,7,—,7,—,7
200,32,19380220,7.0,—,7,24.1,0,—,7,—,7,80,0,17.8,0,21.7,0,90,0,3.6,0,—,7
201,32,19380220,12.0,—,7,29.7,0,—,7,—,7,72,0,22.3,0,25.8,0,90,0,4.2,0,—,7
202,32,19380220,17.0,—,7,27.7,0,—,7,—,7,93,0,25.6,0,26.8,0,65,0,3.6,0,—,7
203,32,19380220,24.0,—,7,—,7,24,0,29,0,—,7,—,7,—,7,—,7,—,7,—,7
204,32,19380221,7.0,—,7,24.9,0,—,7,—,7,88,0,20.5,0,23.4,0,90,0,3.2,0,—,7
205,32,19380221,12.0,—,7,28.7,0,—,7,—,7,78,0,22.9,0,25.8,0,65,0,4,0,—,7
206,32,19380221,17.0,—,7,26.9,0,—,7,—,7,85,0,22.4,0,25,0,65,0,4.8,0,—,7
207,32,19380221,24.0,—,7,—,7,24.5,0,29,0,—,7,—,7,—,7,—,7,—,7,—,7
208,32,19380222,7.0,—,7,25,0,—,7,—,7,85,0,20,0,23.2,0,65,0,3.2,0,—,7
209,32,19380222,12.0,—,7,28.5,0,—,7,—,7,81,0,23.4,0,26,0,65,0,4.4,0,—,7
210,32,19380222,17.0,—,7,27.1,0,—,7,—,7,83,0,22.2,0,25,0,65,0,4.6,0,—,7
211,32,19380222,24.0,—,7,—,7,23.5,0,30.3,0,—,7,—,7,—,7,—,7,—,7,—,7
212,32,19380223,7.0,—,7,24.5,0,—,7,—,7,89,0,20.3,0,23.2,0,65,0,3.6,0,—,7
213,32,19380223,12.0,—,7,27.7,0,—,7,—,7,87,0,23.9,0,26,0,65,0,5,0,—,7
214,32,19380223,17.0,—,7,26.1,0,—,7,—,7,85,0,21.3,0,24.2,0,65,0,4.4,0,—,7
215,32,19380223,24.0,—,7,—,7,24.1,0,29,0,—,7,—,7,—,7,—,7,—,7,—,7
216,32,19380224,7.0,—,7,24,0,—,7,—,7,86,0,19.2,0,22.4,0,90,0,2.8,0,—,7
217,32,19380224,12.0,—,7,27.7,0,—,7,—,7,83,0,22.9,0,25.5,0,90,0,4,0,—,7
218,32,19380224,17.0,—,7,25.1,0,—,7,—,7,89,0,21.1,0,23.8,0,90,0,4,0,—,7
219,32,19380224,24.0,—,7,—,7,23.4,0,28.5,0,—,7,—,7,—,7,—,7,—,7,—,7
220,32,19380225,7.0,—,7,25.1,0,—,7,—,7,84,0,20,0,23.2,0,90,0,2.8,0,—,7
221,32,19380225,12.0,—,7,27.5,0,—,7,—,7,90,0,24.5,0,26.2,0,65,0,3.6,0,—,7
222,32,19380225,17.0,—,7,26.1,0,—,7,—,7,91,0,22.9,0,25,0,65,0,3.8,0,—,7
223,32,19380225,24.0,—,7,—,7,23.9,0,28,0,—,7,—,7,—,7,—,7,—,7,—,7
224,32,19380226,7.0,—,7,24.7,0,—,7,—,7,90,0,20.8,0,23.5,0,90,0,2,0,—,7
225,32,19380226,12.0,—,7,28.5,0,—,7,—,7,84,0,24.3,0,26.4,0,65,0,3.2,0,—,7
226,32,19380226,17.0,—,7,26.9,0,—,7,—,7,82,0,21.6,0,24.6,0,65,0,3.4,0,—,7
227,32,19380226,24.0,—,7,—,7,24.6,0,28.8,0,—,7,—,7,—,7,—,7,—,7,—,7
228,32,19380227,7.0,—,7,26.1,0,—,7,—,7,90,0,22.5,0,24.8,0,65,0,2,0,—,7
229,32,19380227,12.0,—,7,27.1,0,—,7,—,7,93,0,24.7,0,26.2,0,90,0,2.4,0,—,7
230,32,19380227,17.0,—,7,27.7,0,—,7,—,7,87,0,23.9,0,26,0,90,0,2.6,0,—,7
231,32,19380227,24.0,—,7,—,7,26.1,0,28.1,0,—,7,—,7,—,7,—,7,—,7,—,7
232,32,19380228,7.0,—,7,25.7,0,—,7,—,7,93,0,22.7,0,24.8,0,65,0,2,0,—,7
233,32,19380228,12.0,—,7,28.9,0,—,7,—,7,—,7,—,7,27,0,65,0,3.6,0,—,7
234,32,19380228,17.0,—,7,29.3,0,—,7,—,7,77,0,23.4,0,26.2,0,65,0,3,0,—,7
235,32,19380228,24.0,—,7,—,7,25.6,0,30.4,0,—,7,—,7,—,7,—,7,—,7,—,7
236,32,19380301,7.0,—,7,25.3,0,—,7,—,7,91,0,21.8,0,24.2,0,65,0,2.8,0,—,7
237,32,19380301,12.0,—,7,28.9,0,—,7,—,7,—,7,25.3,0,27,0,65,0,3.6,0,—,7
238,32,19380301,17.0,—,7,27.7,0,—,7,—,7,87,0,23.9,0,26,0,65,0,3.8,0,—,7
239,32,19380301,24.0,—,7,—,7,25.6,0,29.6,0,—,7,—,7,—,7,—,7,—,7,—,7
240,32,19380302,7.0,—,7,24.8,0,—,7,—,7,92,0,21.5,0,23.9,0,65,0,2,0,—,7
241,32,19380302,12.0,—,7,28,0,—,7,—,7,86,0,23.3,0,25.8,0,65,0,4,0,—,7
242,32,19380302,17.0,—,7,27.4,0,—,7,—,7,83,0,22.5,0,25.2,0,65,0,3.4,0,—,7
243,32,19380302,24.0,—,7,—,7,24.6,0,29.8,0,—,7,—,7,—,7,—,7,—,7,—,7
244,32,19380303,7.0,—,7,23.9,0,—,7,—,7,92,0,20.4,0,23,0,65,0,2,0,—,7
245,32,19380303,12.0,—,7,28.5,0,—,7,—,7,83,0,23.7,0,26.1,0,65,0,3,0,—,7
246,32,19380303,17.0,—,7,27.6,0,—,7,—,7,81,0,22.3,0,25.2,0,65,0,3,0,—,7
247,32,19380303,24.0,—,7,—,7,23.2,0,30,0,—,7,—,7,—,7,—,7,—,7,—,7
248,32,19380304,7.0,—,7,23.6,0,—,7,—,7,—,7,—,7,27.4,0,65,0,1.6,0,—,7
249,32,19380304,12.0,—,7,28.4,0,—,7,—,7,82,0,23.5,0,26,0,65,0,2.4,0,—,7
250,32,19380304,17.0,—,7,26.8,0,—,7,—,7,83,0,21.6,0,24.6,0,65,0,1.8,0,—,7
251,32,19380304,24.0,—,7,—,7,22.6,0,30.2,0,—,7,—,7,—,7,—,7,—,7,—,7
252,32,19380305,7.0,—,7,22.9,0,—,7,—,7,91,0,18.9,0,21.9,0,65,0,—,7,—,7
253,32,19380305,12.0,—,7,27.9,0,—,7,—,7,82,0,23.4,0,25.8,0,65,0,1.6,0,—,7
254,32,19380305,17.0,—,7,27.1,0,—,7,—,7,83,0,22.2,0,25,0,65,0,2.4,0,—,7
255,32,19380305,24.0,—,7,—,7,22.8,0,29.5,0,—,7,—,7,—,7,—,7,—,7,—,7
256,32,19380306,7.0,—,7,23.4,0,—,7,—,7,93,0,19.9,0,22.6,0,65,0,1,0,—,7
257,32,19380306,12.0,—,7,28.1,0,—,7,—,7,84,0,22,0,25.2,0,65,0,2.8,0,—,7
258,32,19380306,17.0,—,7,26.9,0,—,7,—,7,88,0,23.2,0,25.4,0,65,0,2,0,—,7
259,32,19380306,24.0,—,7,—,7,23.6,0,28.5,0,—,7,—,7,—,7,—,7,—,7,—,7
260,32,19380307,7.0,—,7,24.5,0,—,7,—,7,87,0,20,0,23,0,45,0,2,0,—,7
261,32,19380307,12.0,—,7,27.1,0,—,7,—,7,78,0,22.9,0,25.3,0,45,0,2.6,0,—,7
262,32,19380307,17.0,—,7,26.7,0,—,7,—,7,86,0,22.5,0,25,0,45,0,2.4,0,—,7
263,32,19380307,24.0,—,7,—,7,23.4,0,28.8,0,—,7,—,7,—,7,—,7,—,7,—,7
264,32,19380308,7.0,—,7,23.7,0,—,7,—,7,90,0,19.7,0,22.6,0,65,0,1.6,0,—,7
265,32,19380308,12.0,—,7,27.3,0,—,7,—,7,86,0,21.7,0,24.8,0,65,0,3,0,—,7
266,32,19380308,17.0,—,7,26.5,0,—,7,—,7,88,0,22.6,0,25,0,65,0,2.6,0,—,7
267,32,19380308,24.0,—,7,—,7,23.6,0,30.1,0,—,7,—,7,—,7,—,7,—,7,—,7
268,32,19380309,7.0,—,7,24.4,0,—,7,—,7,90,0,20.4,0,23.2,0,65,0,2.4,0,—,7
269,32,19380309,12.0,—,7,26.5,0,—,7,—,7,80,0,22.6,0,25,0,65,0,3,0,—,7
270,32,19380309,17.0,—,7,26.9,0,—,7,—,7,86,0,22.8,0,25.2,0,65,0,2.8,0,—,7
271,32,19380309,24.0,—,7,—,7,23.8,0,29.1,0,—,7,—,7,—,7,—,7,—,7,—,7
272,32,19380310,7.0,—,7,23.7,0,—,7,—,7,94,0,20.5,0,23,0,65,0,2.6,0,—,7
273,32,19380310,12.0,—,7,27.1,0,—,7,—,7,88,0,23.9,0,25.8,0,65,0,4,0,—,7
274,32,19380310,17.0,—,7,23.2,0,—,7,—,7,96,0,20.4,0,22.8,0,65,0,3.4,0,—,7
275,32,19380310,24.0,—,7,—,7,21.5,0,28,0,—,7,—,7,—,7,—,7,—,7,—,7
276,32,19380311,7.0,—,7,24.9,0,—,7,—,7,94,0,22,0,24.2,0,65,0,2.8,0,—,7
277,32,19380311,12.0,—,7,27.9,0,—,7,—,7,90,0,25.1,0,26.6,0,65,0,3.8,0,—,7
278,32,19380311,17.0,—,7,26.3,0,—,7,—,7,91,0,23.1,0,25.2,0,65,0,3.2,0,—,7
279,32,19380311,24.0,—,7,—,7,27.6,0,28.9,0,—,7,—,7,—,7,—,7,—,7,—,7
280,32,19380312,7.0,—,7,24.5,0,—,7,—,7,90,0,20.5,0,23.3,0,65,0,2.6,0,—,7
281,32,19380312,12.0,—,7,28.2,0,—,7,—,7,90,0,22.8,0,25.6,0,65,0,3.4,0,—,7
282,32,19380312,17.0,—,7,25.7,0,—,7,—,7,83,0,20.4,0,23.6,0,65,0,3,0,—,7
283,32,19380312,24.0,—,7,—,7,24.6,0,28.8,0,—,7,—,7,—,7,—,7,—,7,—,7
284,32,19380313,7.0,—,7,25.3,0,—,7,—,7,86,0,20.6,0,23.6,0,65,0,2,0,—,7
285,32,19380313,12.0,—,7,28.7,0,—,7,—,7,80,0,21.7,0,25.2,0,65,0,2.6,0,—,7
286,32,19380313,17.0,—,7,27.1,0,—,7,—,7,80,0,21.5,0,24.6,0,45,0,2.8,0,—,7
287,32,19380313,24.0,—,7,—,7,25.5,0,28.8,0,—,7,—,7,—,7,—,7,—,7,—,7
288,32,19380314,7.0,—,7,24.7,0,—,7,—,7,84,0,19.5,0,22.8,0,65,0,3.2,0,—,7
289,32,19380314,12.0,—,7,27.7,0,—,7,—,7,74,0,22.3,0,25.2,0,65,0,3.2,0,—,7
290,32,19380314,17.0,—,7,27.4,0,—,7,—,7,78,0,21.3,0,24.6,0,65,0,3.8,0,—,7
291,32,19380314,24.0,—,7,—,7,23.4,0,30,0,—,7,—,7,—,7,—,7,—,7,—,7
292,32,19380315,7.0,—,7,23.2,0,—,7,—,7,89,0,18.9,0,22,0,65,0,1.8,0,—,7
293,32,19380315,12.0,—,7,26.3,0,—,7,—,7,80,0,22.1,0,24.7,0,65,0,3.6,0,—,7
294,32,19380315,17.0,—,7,25.4,0,—,7,—,7,84,0,20.2,0,23.4,0,65,0,2.8,0,—,7
295,32,19380315,24.0,—,7,—,7,22.2,0,28.9,0,—,7,—,7,—,7,—,7,—,7,—,7
296,32,19380316,7.0,—,7,23.5,0,—,7,—,7,94,0,20.3,0,22.8,0,65,0,2.4,0,—,7
297,32,19380316,12.0,—,7,26.9,0,—,7,—,7,87,0,22.2,0,24.9,0,65,0,3.8,0,—,7
298,32,19380316,17.0,—,7,26.5,0,—,7,—,7,86,0,22.2,0,24.8,0,65,0,3.4,0,—,7
299,32,19380316,24.0,—,7,—,7,23.2,0,27.8,0,—,7,—,7,—,7,—,7,—,7,—,7
300,32,19380317,7.0,—,7,24.2,0,—,7,—,7,88,0,19.8,0,22.8,0,65,0,2.4,0,—,7
301,32,19380317,12.0,—,7,28.1,0,—,7,—,7,84,0,22.5,0,25.4,0,65,0,3.6,0,—,7
302,32,19380317,17.0,—,7,26.8,0,—,7,—,7,84,0,22,0,24.8,0,65,0,3.6,0,—,7
303,32,19380317,24.0,—,7,—,7,23.5,0,29.5,0,—,7,—,7,—,7,—,7,—,7,—,7
304,32,19380318,7.0,—,7,24.9,0,—,7,—,7,89,0,20.9,0,23.6,0,65,0,2.8,0,—,7
305,32,19380318,12.0,—,7,29.4,0,—,7,—,7,79,0,24.6,0,26.8,0,65,0,4.2,0,—,7
306,32,19380318,17.0,—,7,27.5,0,—,7,—,7,82,0,22.4,0,25.2,0,65,0,3.8,0,—,7
307,32,19380318,24.0,—,7,—,7,24.5,0,30,0,—,7,—,7,—,7,—,7,—,7,—,7
308,32,19380319,7.0,—,7,24.9,0,—,7,—,7,86,0,20.1,0,23.2,0,65,0,2.8,0,—,7
309,32,19380319,12.0,—,7,28.7,0,—,7,—,7,81,0,23.7,0,26.2,0,65,0,4.2,0,—,7
310,32,19380319,17.0,—,7,28.1,0,—,7,—,7,82,0,23.3,0,25.8,0,65,0,3.6,0,—,7
311,32,19380319,24.0,—,7,—,7,24.2,0,29.8,0,—,7,—,7,—,7,—,7,—,7,—,7
312,32,19380320,7.0,—,7,24.7,0,—,7,—,7,89,0,20.6,0,23.4,0,65,0,3.4,0,—,7
313,32,19380320,12.0,—,7,28.1,0,—,7,—,7,81,0,23.7,0,26,0,65,0,4,0,—,7
314,32,19380320,17.0,—,7,27.3,0,—,7,—,7,85,0,22.9,0,25.4,0,65,0,4,0,—,7
315,32,19380320,24.0,—,7,—,7,24.8,0,30.1,0,—,7,—,7,—,7,—,7,—,7,—,7
316,32,19380321,7.0,—,7,25.4,0,—,7,—,7,85,0,20.6,0,23.6,0,65,0,1.4,0,—,7
317,32,19380321,12.0,—,7,28.7,0,—,7,—,7,84,0,23.2,0,26,0,65,0,4,0,—,7
318,32,19380321,17.0,—,7,27.5,0,—,7,—,7,81,0,22.2,0,25.1,0,65,0,3.2,0,—,7
319,32,19380321,24.0,—,7,—,7,22.6,0,29.1,0,—,7,—,7,—,7,—,7,—,7,—,7
320,32,19380322,7.0,—,7,23.7,0,—,7,—,7,91,0,19.9,0,22.7,0,65,0,2,0,—,7
321,32,19380322,12.0,—,7,28.5,0,—,7,—,7,80,0,23.4,0,26,0,65,0,4.2,0,—,7
322,32,19380322,17.0,—,7,26.9,0,—,7,—,7,85,0,22.4,0,25,0,65,0,3.8,0,—,7
323,32,19380322,24.0,—,7,—,7,23.4,0,29.1,0,—,7,—,7,—,7,—,7,—,7,—,7
324,32,19380323,7.0,—,7,24.7,0,—,7,—,7,88,0,20.4,0,23.3,0,65,0,2.8,0,—,7
325,32,19380323,12.0,—,7,28.5,0,—,7,—,7,81,0,23.9,0,26.2,0,65,0,4,0,—,7
326,32,19380323,17.0,—,7,27.3,0,—,7,—,7,85,0,22.9,0,25.4,0,65,0,3.6,0,—,7
327,32,19380323,24.0,—,7,—,7,22.8,0,29.5,0,—,7,—,7,—,7,—,7,—,7,—,7
328,32,19380324,7.0,—,7,24.1,0,—,7,—,7,92,0,20.6,0,23.2,0,65,0,2.6,0,—,7
329,32,19380324,12.0,—,7,27.9,0,—,7,—,7,82,0,23.6,0,25.9,0,65,0,3.4,0,—,7
330,32,19380324,17.0,—,7,26.3,0,—,7,—,7,88,0,22.3,0,24.8,0,65,0,3.6,0,—,7
331,32,19380324,24.0,—,7,—,7,23.8,0,28.9,0,—,7,—,7,—,7,—,7,—,7,—,7
332,32,19380325,7.0,—,7,24.4,0,—,7,—,7,88,0,20,0,23,0,65,0,—,7,—,7
333,32,19380325,12.0,—,7,28.9,0,—,7,—,7,84,0,24.4,0,26.6,0,65,0,3,0,—,7
334,32,19380325,17.0,—,7,27.5,0,—,7,—,7,87,0,23.6,0,25.8,0,65,0,2.6,0,—,7
335,32,19380325,24.0,—,7,—,7,24.4,0,30,0,—,7,—,7,—,7,—,7,—,7,—,7
336,32,19380326,7.0,—,7,24.7,0,—,7,—,7,87,0,20.2,0,23.2,0,65,0,2.8,0,—,7
337,32,19380326,12.0,—,7,27.7,0,—,7,—,7,83,0,23.1,0,25.6,0,65,0,3.2,0,—,7
338,32,19380326,17.0,—,7,26.9,0,—,7,—,7,86,0,22.8,0,25.2,0,65,0,2.8,0,—,7
339,32,19380326,24.0,—,7,—,7,24.1,0,29.5,0,—,7,—,7,—,7,—,7,—,7,—,7
340,32,19380327,7.0,—,7,25.3,0,—,7,—,7,87,0,20.8,0,23.7,0,65,0,2.2,0,—,7
341,32,19380327,12.0,—,7,28.4,0,—,7,—,7,84,0,23.9,0,26.2,0,65,0,3,0,—,7
342,32,19380327,17.0,—,7,26.9,0,—,7,—,7,90,0,23.6,0,25.6,0,65,0,3.4,0,—,7
343,32,19380327,24.0,—,7,—,7,24.5,0,29.5,0,—,7,—,7,—,7,—,7,—,7,—,7
344,32,19380328,7.0,—,7,25.6,0,—,7,—,7,92,0,22.4,0,24.6,0,65,0,3.2,0,—,7
345,32,19380328,12.0,—,7,27.1,0,—,7,—,7,83,0,23.9,0,25.8,0,65,0,3.8,0,—,7
346,32,19380328,17.0,—,7,26.3,0,—,7,—,7,93,0,23.6,0,25.4,0,65,0,2.4,0,—,7
347,32,19380328,24.0,—,7,—,7,25.6,0,27.9,0,—,7,—,7,—,7,—,7,—,7,—,7
348,32,19380329,7.0,—,7,26.1,0,—,7,—,7,90,0,22.5,0,24.8,0,65,0,2.8,0,—,7
349,32,19380329,12.0,—,7,28.7,0,—,7,—,7,90,0,—,7,27.2,0,65,0,4,0,—,7
350,32,19380329,17.0,—,7,27.7,0,—,7,—,7,90,0,24.8,0,26.4,0,65,0,3,0,—,7
351,32,19380329,24.0,—,7,—,7,25.7,0,29,0,—,7,—,7,—,7,—,7,—,7,—,7
352,32,19380330,7.0,—,7,25.5,0,—,7,—,7,94,0,22.8,0,24.8,0,65,0,1.8,0,—,7
353,32,19380330,12.0,—,7,28.5,0,—,7,—,7,—,7,—,7,28.2,0,65,0,4,0,—,7
354,32,19380330,17.0,—,7,27.9,0,—,7,—,7,90,0,25.1,0,26.6,0,65,0,—,7,—,7
355,32,19380330,24.0,—,7,—,7,25.6,0,28.8,0,—,7,—,7,—,7,—,7,—,7,—,7
356,32,19380331,7.0,—,7,25.3,0,—,7,—,7,90,0,21.4,0,24,0,65,0,2.4,0,—,7
357,32,19380331,12.0,—,7,28.3,0,—,7,—,7,—,7,—,7,27,0,65,0,3.4,0,—,7
358,32,19380331,17.0,—,7,26.5,0,—,7,—,7,89,0,23,0,25.2,0,45,0,2.4,0,—,7
359,32,19380331,24.0,—,7,—,7,25,0,28.8,0,—,7,—,7,—,7,—,7,—,7,—,7
360,32,19380401,7.0,—,7,25.1,0,—,7,—,7,89,0,21.1,0,23.8,0,65,0,3.2,0,—,7
361,32,19380401,12.0,—,7,27.9,0,—,7,—,7,90,0,25.1,0,26.6,0,65,0,4,0,—,7
362,32,19380401,17.0,—,7,26.1,0,—,7,—,7,91,0,22.9,0,25,0,65,0,3.6,0,—,7
363,32,19380401,24.0,—,7,—,7,24.7,0,28.6,0,—,7,—,7,—,7,—,7,—,7,—,7
364,32,19380402,7.0,—,7,24.7,0,—,7,—,7,89,0,20.6,0,23.4,0,65,0,2.8,0,—,7
365,32,19380402,12.0,—,7,27.7,0,—,7,—,7,90,0,24.8,0,26.4,0,65,0,4.4,0,—,7
366,32,19380402,17.0,—,7,27.1,0,—,7,—,7,90,0,25.9,0,25.8,0,65,0,4.4,0,—,7
367,32,19380402,24.0,—,7,—,7,24.2,0,28,0,—,7,—,7,—,7,—,7,—,7,—,7
368,32,19380403,7.0,—,7,25.2,0,—,7,—,7,92,0,21.8,0,24.2,0,65,0,3.2,0,—,7
369,32,19380403,12.0,—,7,29.7,0,—,7,—,7,—,7,—,7,27.4,0,65,0,4.2,0,—,7
370,32,19380403,17.0,—,7,27,0,—,7,—,7,91,0,24.3,0,26,0,65,0,3.8,0,—,7
371,32,19380403,24.0,—,7,—,7,24.7,0,30,0,—,7,—,7,—,7,—,7,—,7,—,7
372,32,19380404,7.0,—,7,24.9,0,—,7,—,7,93,0,21.6,0,24,0,65,0,3.2,0,—,7
373,32,19380404,12.0,—,7,29.1,0,—,7,—,7,—,7,—,7,27.2,0,65,0,4.2,0,—,7
374,32,19380404,17.0,—,7,27.5,0,—,7,—,7,76,0,23.2,0,26.2,0,65,0,3.6,0,—,7
375,32,19380404,24.0,—,7,—,7,24.6,0,29.7,0,—,7,—,7,—,7,—,7,—,7,—,7
376,32,19380405,7.0,—,7,25.3,0,—,7,—,7,84,0,20.2,0,23.4,0,65,0,3.2,0,—,7
377,32,19380405,12.0,—,7,28.3,0,—,7,—,7,72,0,20.7,0,24.6,0,65,0,3.8,0,—,7
378,32,19380405,17.0,—,7,26.3,0,—,7,—,7,83,0,21.2,0,24.2,0,65,0,3.4,0,—,7
379,32,19380405,24.0,—,7,—,7,24.7,0,29,0,—,7,—,7,—,7,—,7,—,7,—,7
380,32,19380406,7.0,—,7,25.1,0,—,7,—,7,84,0,20,0,23.2,0,65,0,2.2,0,—,7
381,32,19380406,12.0,—,7,27.5,0,—,7,—,7,80,0,21.6,0,24.8,0,65,0,3.6,0,—,7
382,32,19380406,17.0,—,7,26.7,0,—,7,—,7,82,0,21.3,0,24.4,0,65,0,3.2,0,—,7
383,32,19380406,24.0,—,7,—,7,24.8,0,28,0,—,7,—,7,—,7,—,7,—,7,—,7
384,32,19380407,7.0,—,7,25.1,0,—,7,—,7,85,0,20.2,0,23.3,0,65,0,3,0,—,7
385,32,19380407,12.0,—,7,29.1,0,—,7,—,7,76,0,22.7,0,25.8,0,65,0,4,0,—,7
386,32,19380407,17.0,—,7,27.5,0,—,7,—,7,80,0,22,0,25,0,65,0,3.8,0,—,7
387,32,19380407,24.0,—,7,—,7,23.7,0,30,0,—,7,—,7,—,7,—,7,—,7,—,7
388,32,19380408,7.0,—,7,25.5,0,—,7,—,7,85,0,20.5,0,23.6,0,65,0,3,0,—,7
389,32,19380408,12.0,—,7,28.7,0,—,7,—,7,81,0,23.7,0,26.2,0,65,0,4,0,—,7
390,32,19380408,17.0,—,7,27.4,0,—,7,—,7,86,0,23.3,0,25.6,0,65,0,3.4,0,—,7
391,32,19380408,24.0,—,7,—,7,25.2,0,30.8,0,—,7,—,7,—,7,—,7,—,7,—,7
392,32,19380409,7.0,—,7,25.7,0,—,7,—,7,86,0,21.1,0,24,0,65,0,4.4,0,—,7
393,32,19380409,12.0,—,7,30.7,0,—,7,—,7,—,7,—,7,28,0,65,0,4,0,—,7
394,32,19380409,17.0,—,7,28.9,0,—,7,—,7,74,0,22,0,25.4,0,65,0,4.6,0,—,7
395,32,19380409,24.0,—,7,—,7,25.2,0,30.8,0,—,7,—,7,—,7,—,7,—,7,—,7
396,32,19380410,7.0,—,7,25.9,0,—,7,—,7,88,0,21.8,0,24.4,0,65,0,3.2,0,—,7
397,32,19380410,12.0,—,7,29.3,0,—,7,—,7,—,7,—,7,27.2,0,65,0,3.8,0,—,7
398,32,19380410,17.0,—,7,26.9,0,—,7,—,7,90,0,23.6,0,25.6,0,65,0,4,0,—,7
399,32,19380410,24.0,—,7,—,7,28,0,30.1,0,—,7,—,7,—,7,—,7,—,7,—,7
400,32,19380411,7.0,—,7,26,0,—,7,—,7,90,0,22.5,0,24.8,0,65,0,3.6,0,—,7
401,32,19380411,12.0,—,7,30.7,0,—,7,—,7,—,7,—,7,28,0,65,0,3.8,0,—,7
402,32,19380411,17.0,—,7,28.1,0,—,7,—,7,87,0,24.5,0,26.4,0,65,0,3.8,0,—,7
403,32,19380411,24.0,—,7,—,7,25.6,0,32,0,—,7,—,7,—,7,—,7,—,7,—,7
404,32,19380412,7.0,—,7,25.9,0,—,7,—,7,86,0,21.4,0,24.2,0,65,0,3.6,0,—,7
405,32,19380412,12.0,—,7,29.5,0,—,7,—,7,—,7,—,7,27.2,0,65,0,4,0,—,7
406,32,19380412,17.0,—,7,27.5,0,—,7,—,7,69,0,18.9,0,23.4,0,65,0,3.8,0,—,7
407,32,19380412,24.0,—,7,—,7,25.7,0,31,0,—,7,—,7,—,7,—,7,—,7,—,7
408,32,19380413,7.0,—,7,25.7,0,—,7,—,7,86,0,21.1,0,24,0,65,0,2.8,0,—,7
409,32,19380413,12.0,—,7,28.5,0,—,7,—,7,87,0,25.1,0,26.8,0,65,0,4,0,—,7
410,32,19380413,17.0,—,7,27.7,0,—,7,—,7,85,0,23.5,0,25.8,0,65,0,3.6,0,—,7
411,32,19380413,24.0,—,7,—,7,25,0,31,0,—,7,—,7,—,7,—,7,—,7,—,7
412,32,19380414,7.0,—,7,25.6,0,—,7,—,7,85,0,20.8,0,23.8,0,65,0,2,0,—,7
413,32,19380414,12.0,—,7,29.7,0,—,7,—,7,—,7,—,7,27,0,65,0,3.6,0,—,7
414,32,19380414,17.0,—,7,27.7,0,—,7,—,7,85,0,23.5,0,25.8,0,65,0,2.8,0,—,7
415,32,19380414,24.0,—,7,—,7,24.7,0,31.1,0,—,7,—,7,—,7,—,7,—,7,—,7
416,32,19380415,7.0,—,7,26.1,0,—,7,—,7,86,0,21.7,0,24.4,0,65,0,2.4,0,—,7
417,32,19380415,12.0,—,7,29.5,0,—,7,—,7,—,7,—,7,27.2,0,45,0,2,0,—,7
418,32,19380415,17.0,—,7,28,0,—,7,—,7,86,0,24.2,0,26.2,0,45,0,2.4,0,—,7
419,32,19380415,24.0,—,7,—,7,26,0,30.4,0,—,7,—,7,—,7,—,7,—,7,—,7
420,32,19380416,7.0,—,7,25.4,0,—,7,—,7,89,0,21.3,0,24,0,65,0,2.4,0,—,7
421,32,19380416,12.0,—,7,28.5,0,—,7,—,7,84,0,24.3,0,26.4,0,65,0,2.6,0,—,7
422,32,19380416,17.0,—,7,27.3,0,—,7,—,7,90,0,24.2,0,26,0,65,0,3,0,—,7
423,32,19380416,24.0,—,7,—,7,23.8,0,30.5,0,—,7,—,7,—,7,—,7,—,7,—,7
424,32,19380417,7.0,—,7,26.1,0,—,7,—,7,83,0,20.9,0,24,0,65,0,3,0,—,7
425,32,19380417,12.0,—,7,28.1,0,—,7,—,7,88,0,25,0,26.6,0,65,0,3.6,0,—,7
426,32,19380417,17.0,—,7,26.5,0,—,7,—,7,91,0,23.4,0,25.4,0,65,0,3.4,0,—,7
427,32,19380417,24.0,—,7,—,7,26.2,0,29.2,0,—,7,—,7,—,7,—,7,—,7,—,7
428,32,19380418,7.0,—,7,26.7,0,—,7,—,7,85,0,22.1,0,24.8,0,45,0,2.6,0,—,7
429,32,19380418,12.0,—,7,27.9,0,—,7,—,7,85,0,23.8,0,26,0,45,0,3.4,0,—,7
430,32,19380418,17.0,—,7,27.1,0,—,7,—,7,83,0,22.2,0,25,0,45,0,3,0,—,7
431,32,19380418,24.0,—,7,—,7,26.4,0,28.7,0,—,7,—,7,—,7,—,7,—,7,—,7
432,32,19380419,7.0,—,7,25.5,0,—,7,—,7,93,0,22.4,0,24.6,0,65,0,2.4,0,—,7
433,32,19380419,12.0,—,7,29.7,0,—,7,—,7,75,0,23.1,0,26.2,0,65,0,3.2,0,—,7
434,32,19380419,17.0,—,7,27.3,0,—,7,—,7,82,0,22.1,0,25,0,65,0,3,0,—,7
435,32,19380419,24.0,—,7,—,7,25.7,0,29.8,0,—,7,—,7,—,7,—,7,—,7,—,7
436,32,19380420,7.0,—,7,25.7,0,—,7,—,7,81,0,19.8,0,23.3,0,65,0,3,0,—,7
437,32,19380420,12.0,—,7,28.9,0,—,7,—,7,74,0,22,0,25.4,0,65,0,3.4,0,—,7
438,32,19380420,17.0,—,7,27.1,0,—,7,—,7,82,0,21.8,0,24.8,0,65,0,3.4,0,—,7
439,32,19380420,24.0,—,7,—,7,25.4,0,29.6,0,—,7,—,7,—,7,—,7,—,7,—,7
440,32,19380421,7.0,—,7,24.7,0,—,7,—,7,91,0,21,0,23.6,0,65,0,3.6,0,—,7
441,32,19380421,12.0,—,7,29.1,0,—,7,—,7,76,0,22.7,0,25.8,0,65,0,4.2,0,—,7
442,32,19380421,17.0,—,7,26.9,0,—,7,—,7,86,0,22.8,0,25.2,0,65,0,3.4,0,—,7
443,32,19380421,24.0,—,7,—,7,24.1,0,29.4,0,—,7,—,7,—,7,—,7,—,7,—,7
444,32,19380422,7.0,—,7,25.7,0,—,7,—,7,88,0,21.5,0,24.2,0,65,0,3,0,—,7
445,32,19380422,12.0,—,7,29.3,0,—,7,—,7,81,0,24.6,0,26.8,0,65,0,4,0,—,7
446,32,19380422,17.0,—,7,27,0,—,7,—,7,84,0,22.3,0,25,0,65,0,3.4,0,—,7
447,32,19380422,24.0,—,7,—,7,24.8,0,30.4,0,—,7,—,7,—,7,—,7,—,7,—,7
448,32,19380423,7.0,—,7,25.9,0,—,7,—,7,84,0,20.8,0,23.9,0,65,0,3.2,0,—,7
449,32,19380423,12.0,—,7,29.1,0,—,7,—,7,81,0,24.3,0,26.6,0,65,0,4.2,0,—,7
450,32,19380423,17.0,—,7,27.3,0,—,7,—,7,83,0,22.5,0,25.2,0,65,0,3,0,—,7
451,32,19380423,24.0,—,7,—,7,25.7,0,30.1,0,—,7,—,7,—,7,—,7,—,7,—,7
452,32,19380424,7.0,—,7,27.1,0,—,7,—,7,86,0,23.1,0,25.4,0,65,0,3.6,0,—,7
453,32,19380424,12.0,—,7,28.9,0,—,7,—,7,81,0,24,0,26.4,0,65,0,3.8,0,—,7
454,32,19380424,17.0,—,7,27.7,0,—,7,—,7,84,0,23.1,0,25.6,0,65,0,—,7,—,7
455,32,19380424,24.0,—,7,—,7,25.9,0,29.4,0,—,7,—,7,—,7,—,7,—,7,—,7
456,32,19380425,7.0,—,7,25.5,0,—,7,—,7,90,0,21.7,0,24.2,0,65,0,2.8,0,—,7
457,32,19380425,12.0,—,7,29.5,0,—,7,—,7,77,0,23.7,0,26.4,0,65,0,3.8,0,—,7
458,32,19380425,17.0,—,7,27.4,0,—,7,—,7,84,0,22.9,0,25.4,0,65,0,3.2,0,—,7
459,32,19380425,24.0,—,7,—,7,24.7,0,30,0,—,7,—,7,—,7,—,7,—,7,—,7
460,32,19380426,7.0,—,7,25.9,0,—,7,—,7,85,0,21,0,24,0,65,0,2.8,0,—,7
461,32,19380426,12.0,—,7,29.1,0,—,7,—,7,81,0,24.3,0,26.6,0,65,0,3.4,0,—,7
462,32,19380426,17.0,—,7,27.7,0,—,7,—,7,85,0,23.5,0,25.8,0,65,0,3.4,0,—,7
463,32,19380426,24.0,—,7,—,7,26,0,30.2,0,—,7,—,7,—,7,—,7,—,7,—,7
464,32,19380427,7.0,—,7,23.3,0,—,7,—,7,94,0,20,0,22.6,0,65,0,2.4,0,—,7
465,32,19380427,12.0,—,7,27.7,0,—,7,—,7,85,0,23.5,0,25.8,0,65,0,3.4,0,—,7
466,32,19380427,17.0,—,7,26.7,0,—,7,—,7,90,0,23.3,0,25.4,0,65,0,3,0,—,7
467,32,19380427,24.0,—,7,—,7,22.3,0,29.1,0,—,7,—,7,—,7,—,7,—,7,—,7
468,32,19380428,7.0,—,7,25.9,0,—,7,—,7,88,0,21.8,0,24.4,0,65,0,3.2,0,—,7
469,32,19380428,12.0,—,7,29.1,0,—,7,—,7,—,7,—,7,27.2,0,65,0,4.4,0,—,7
470,32,19380428,17.0,—,7,27.3,0,—,7,—,7,98,0,23.8,0,25.8,0,65,0,3.6,0,—,7
471,32,19380428,24.0,—,7,—,7,24,0,29.8,0,—,7,—,7,—,7,—,7,—,7,—,7
472,32,19380429,7.0,—,7,24.3,0,—,7,—,7,92,0,20.9,0,23.4,0,65,0,—,7,—,7
473,32,19380429,12.0,—,7,27.9,0,—,7,—,7,88,0,24.7,0,26.4,0,65,0,—,7,—,7
474,32,19380429,17.0,—,7,26.2,0,—,7,—,7,90,0,22.8,0,25,0,45,0,2.8,0,—,7
475,32,19380429,24.0,—,7,—,7,23.8,0,29.9,0,—,7,—,7,—,7,—,7,—,7,—,7
476,32,19380430,7.0,—,7,26.3,0,—,7,—,7,89,0,22.7,0,25,0,65,0,2.4,0,—,7
477,32,19380430,12.0,—,7,28.3,0,—,7,—,7,85,0,24.4,0,26.4,0,65,0,3.8,0,—,7
478,32,19380430,17.0,—,7,27.5,0,—,7,—,7,91,0,24.9,0,26.4,0,65,0,3.4,0,—,7
479,32,19380430,24.0,—,7,—,7,26.4,0,28.8,0,—,7,—,7,—,7,—,7,—,7,—,7
480,32,19380501,7.0,—,7,26.4,0,—,7,—,7,89,0,22.7,0,25,0,65,0,3.8,0,—,7
481,32,19380501,12.0,—,7,29.9,0,—,7,—,7,—,7,18.9,0,24.2,0,65,0,4,0,—,7
482,32,19380501,17.0,—,7,28.4,0,—,7,—,7,—,7,—,7,27.4,0,65,0,3.6,0,—,7
483,32,19380501,24.0,—,7,—,7,25.8,0,30.4,0,—,7,—,7,—,7,—,7,—,7,—,7
484,32,19380502,7.0,—,7,26.4,0,—,7,—,7,89,0,22.7,0,25,0,90,0,4.2,0,—,7
485,32,19380502,12.0,—,7,29.4,0,—,7,—,7,60,0,—,7,27.8,0,65,0,3.6,0,—,7
486,32,19380502,17.0,—,7,27,0,—,7,—,7,91,0,24.2,0,25.9,0,65,0,3.2,0,—,7
487,32,19380502,24.0,—,7,—,7,26.5,0,30.4,0,—,7,—,7,—,7,—,7,—,7,—,7
488,32,19380503,7.0,—,7,26.3,0,—,7,—,7,88,0,22.3,0,24.8,0,65,0,3.8,0,—,7
489,32,19380503,12.0,—,7,29.3,0,—,7,—,7,—,7,—,7,27.6,0,65,0,4,0,—,7
490,32,19380503,17.0,—,7,27.7,0,—,7,—,7,85,0,23.5,0,25.8,0,65,0,4.4,0,—,7
491,32,19380503,24.0,—,7,—,7,26.4,0,29.8,0,—,7,—,7,—,7,—,7,—,7,—,7
492,32,19380504,7.0,—,7,26.1,0,—,7,—,7,88,0,22.1,0,24.6,0,65,0,2.2,0,—,7
493,32,19380504,12.0,—,7,27.9,0,—,7,—,7,—,7,—,7,27,0,65,0,3.4,0,—,7
494,32,19380504,17.0,—,7,28.1,0,—,7,—,7,88,0,25,0,26.6,0,65,0,4,0,—,7
495,32,19380504,24.0,—,7,—,7,26.2,0,29.2,0,—,7,—,7,—,7,—,7,—,7,—,7
496,32,19380505,7.0,—,7,26.1,0,—,7,—,7,93,0,23.3,0,25.2,0,90,0,3.4,0,—,7
497,32,19380505,12.0,—,7,29.3,0,—,7,—,7,—,7,—,7,27.6,0,90,0,4,0,—,7
498,32,19380505,17.0,—,7,28.4,0,—,7,—,7,—,7,—,7,27.4,0,90,0,3.4,0,—,7
499,32,19380505,24.0,—,7,—,7,26,0,31.4,0,—,7,—,7,—,7,—,7,—,7,—,7
500,32,19380506,7.0,—,7,26.5,0,—,7,—,7,82,0,21,0,24.2,0,90,0,3.6,0,—,7
501,32,19380506,12.0,—,7,30.7,0,—,7,—,7,—,7,—,7,28,0,65,0,4.4,0,—,7
502,32,19380506,17.0,—,7,29.7,0,—,7,—,7,77,0,23.9,0,26.6,0,65,0,4,0,—,7
503,32,19380506,24.0,—,7,—,7,26,0,31.6,0,—,7,—,7,—,7,—,7,—,7,—,7
504,32,19380507,7.0,—,7,28.1,0,—,7,—,7,87,0,24.5,0,26.4,0,65,0,3.6,0,—,7
505,32,19380507,12.0,—,7,30.9,0,—,7,—,7,—,7,—,7,28.4,0,65,0,3.8,0,—,7
506,32,19380507,17.0,—,7,28.9,0,—,7,—,7,—,7,—,7,27.6,0,65,0,4.2,0,—,7
507,32,19380507,24.0,—,7,—,7,27.7,0,31.5,0,—,7,—,7,—,7,—,7,—,7,—,7
508,32,19380508,7.0,—,7,26.9,0,—,7,—,7,90,0,23.6,0,25.6,0,65,0,4,0,—,7
509,32,19380508,12.0,—,7,30,0,—,7,—,7,—,7,—,7,28.5,0,65,0,4.2,0,—,7
510,32,19380508,17.0,—,7,29.1,0,—,7,—,7,—,7,—,7,27.2,0,65,0,3.8,0,—,7
511,32,19380508,24.0,—,7,—,7,27,0,30.8,0,—,7,—,7,—,7,—,7,—,7,—,7
512,32,19380509,7.0,—,7,27,0,—,7,—,7,88,0,23.5,0,25.6,0,65,0,4.8,0,—,7
513,32,19380509,12.0,—,7,29.3,0,—,7,—,7,—,7,—,7,27.6,0,65,0,5.2,0,—,7
514,32,19380509,17.0,—,7,28.8,0,—,7,—,7,83,0,24.5,0,26.6,0,65,0,3,0,—,7
515,32,19380509,24.0,—,7,—,7,26,0,31,0,—,7,—,7,—,7,—,7,—,7,—,7
516,32,19380510,7.0,—,7,26.7,0,—,7,—,7,86,0,22.5,0,25,0,65,0,3.8,0,—,7
517,32,19380510,12.0,—,7,30.7,0,—,7,—,7,—,7,—,7,28.4,0,65,0,4.6,0,—,7
518,32,19380510,17.0,—,7,28.5,0,—,7,—,7,82,0,23.9,0,26.2,0,65,0,3.4,0,—,7
519,32,19380510,24.0,—,7,—,7,26.4,0,31.8,0,—,7,—,7,—,7,—,7,—,7,—,7
520,32,19380511,7.0,—,7,27.1,0,—,7,—,7,83,0,22.2,0,25,0,65,0,3.4,0,—,7
521,32,19380511,12.0,—,7,31.3,0,—,7,—,7,—,7,—,7,28.8,0,65,0,3.8,0,—,7
522,32,19380511,17.0,—,7,28.5,0,—,7,—,7,72,0,21,0,24.8,0,65,0,4.4,0,—,7
523,32,19380511,24.0,—,7,—,7,26.8,0,31.8,0,—,7,—,7,—,7,—,7,—,7,—,7
524,32,19380512,7.0,—,7,27.7,0,—,7,—,7,82,0,22.7,0,25.9,0,65,0,3.8,0,—,7
525,32,19380512,12.0,—,7,29.1,0,—,7,—,7,80,0,23.9,0,26.4,0,65,0,4.2,0,—,7
526,32,19380512,17.0,—,7,29.1,0,—,7,—,7,81,0,24.3,0,26.6,0,65,0,4.4,0,—,7
527,32,19380512,24.0,—,7,—,7,26.2,0,31.8,0,—,7,—,7,—,7,—,7,—,7,—,7
528,32,19380513,7.0,—,7,26.9,0,—,7,—,7,85,0,22.4,0,25,0,65,0,3.6,0,—,7
529,32,19380513,12.0,—,7,30.9,0,—,7,—,7,—,7,—,7,28.4,0,65,0,4.2,0,—,7
530,32,19380513,17.0,—,7,28.6,0,—,7,—,7,—,7,—,7,27,0,65,0,4.4,0,—,7
531,32,19380513,24.0,—,7,—,7,27,0,31.9,0,—,7,—,7,—,7,—,7,—,7,—,7
532,32,19380514,7.0,—,7,26.5,0,—,7,—,7,80,0,20.6,0,24,0,65,0,3,0,—,7
533,32,19380514,12.0,—,7,30.1,0,—,7,—,7,—,7,—,7,27.6,0,65,0,4.4,0,—,7
534,32,19380514,17.0,—,7,28.3,0,—,7,—,7,88,0,25.2,0,26.8,0,65,0,3.8,0,—,7
535,32,19380514,24.0,—,7,—,7,26.2,0,30.8,0,—,7,—,7,—,7,—,7,—,7,—,7
536,32,19380515,7.0,—,7,27.9,0,—,7,—,7,88,0,24.7,0,26.4,0,65,0,3,0,—,7
537,32,19380515,12.0,—,7,31.7,0,—,7,—,7,—,7,—,7,31,0,65,0,4.2,0,—,7
538,32,19380515,17.0,—,7,27.7,0,—,7,—,7,85,0,23.5,0,25.8,0,65,0,3.8,0,—,7
539,32,19380515,24.0,—,7,—,7,27.5,0,31.8,0,—,7,—,7,—,7,—,7,—,7,—,7
540,32,19380516,7.0,—,7,27.9,0,—,7,—,7,82,0,23,0,25.6,0,65,0,4,0,—,7
541,32,19380516,12.0,—,7,31.1,0,—,7,—,7,77,0,25.7,0,27.8,0,65,0,4.6,0,—,7
542,32,19380516,17.0,—,7,28.7,0,—,7,—,7,84,0,24.6,0,26.6,0,65,0,3.4,0,—,7
543,32,19380516,24.0,—,7,—,7,26.8,0,31.6,0,—,7,—,7,—,7,—,7,—,7,—,7
544,32,19380517,7.0,—,7,27,0,—,7,—,7,84,0,22.3,0,25,0,65,0,3.2,0,—,7
545,32,19380517,12.0,—,7,30.1,0,—,7,—,7,—,7,—,7,27,0,65,0,4.2,0,—,7
546,32,19380517,17.0,—,7,28.8,0,—,7,—,7,79,0,23.3,0,26,0,65,0,4.4,0,—,7
547,32,19380517,24.0,—,7,—,7,26,0,31,0,—,7,—,7,—,7,—,7,—,7,—,7
548,32,19380518,7.0,—,7,27.1,0,—,7,—,7,83,0,22,0,24.9,0,65,0,4.4,0,—,7
549,32,19380518,12.0,—,7,30.7,0,—,7,—,7,—,7,—,7,27.8,0,65,0,4.4,0,—,7
550,32,19380518,17.0,—,7,29.3,0,—,7,—,7,80,0,24.2,0,26.6,0,65,0,4,0,—,7
551,32,19380518,24.0,—,7,—,7,26.6,0,31.8,0,—,7,—,7,—,7,—,7,—,7,—,7
552,32,19380519,7.0,—,7,26.7,0,—,7,—,7,85,0,22.1,0,24.8,0,65,0,3.4,0,—,7
553,32,19380519,12.0,—,7,30.5,0,—,7,—,7,—,7,—,7,27.6,0,65,0,4.2,0,—,7
554,32,19380519,17.0,—,7,28.9,0,—,7,—,7,—,7,—,7,27,0,65,0,4,0,—,7
555,32,19380519,24.0,—,7,—,7,26.5,0,31.4,0,—,7,—,7,—,7,—,7,—,7,—,7
556,32,19380520,7.0,—,7,26.5,0,—,7,—,7,82,0,21.2,0,24.3,0,65,0,2.8,0,—,7
557,32,19380520,12.0,—,7,29.4,0,—,7,—,7,—,7,—,7,27,0,65,0,3.8,0,—,7
558,32,19380520,17.0,—,7,29,0,—,7,—,7,83,0,24.8,0,26.8,0,65,0,3.8,0,—,7
559,32,19380520,24.0,—,7,—,7,26.5,0,30.2,0,—,7,—,7,—,7,—,7,—,7,—,7
560,32,19380521,7.0,—,7,26.7,0,—,7,—,7,88,0,22.9,0,25.2,0,65,0,3,0,—,7
561,32,19380521,12.0,—,7,27.9,0,—,7,—,7,90,0,25.1,0,26.6,0,65,0,3.4,0,—,7
562,32,19380521,17.0,—,7,28.5,0,—,7,—,7,—,7,—,7,27,0,65,0,4.2,0,—,7
563,32,19380521,24.0,—,7,—,7,26.5,0,30.5,0,—,7,—,7,—,7,—,7,—,7,—,7
564,32,19380522,7.0,—,7,27.3,0,—,7,—,7,84,0,22.7,0,25.3,0,65,0,3.2,0,—,7
565,32,19380522,12.0,—,7,30.5,0,—,7,—,7,—,7,—,7,28.8,0,65,0,4,0,—,7
566,32,19380522,17.0,—,7,29.9,0,—,7,—,7,—,7,—,7,29,0,65,0,3.6,0,—,7
567,32,19380522,24.0,—,7,—,7,27.6,0,31.1,0,—,7,—,7,—,7,—,7,—,7,—,7
568,32,19380523,7.0,—,7,26.5,0,—,7,—,7,82,0,21.2,0,24.3,0,65,0,3.4,0,—,7
569,32,19380523,12.0,—,7,30.7,0,—,7,—,7,—,7,—,7,27.6,0,65,0,4.2,0,—,7
570,32,19380523,17.0,—,7,23.7,0,—,7,—,7,—,7,—,7,26.7,0,65,0,3.8,0,—,7
571,32,19380523,24.0,—,7,—,7,26.6,0,34.6,0,—,7,—,7,—,7,—,7,—,7,—,7
572,32,19380524,7.0,—,7,26.7,0,—,7,—,7,85,0,22.3,0,24.9,0,65,0,3.6,0,—,7
573,32,19380524,12.0,—,7,31.1,0,—,7,—,7,—,7,—,7,28,0,65,0,3.6,0,—,7
574,32,19380524,17.0,—,7,27.8,0,—,7,—,7,80,0,22.2,0,25.2,0,65,0,3.4,0,—,7
575,32,19380524,24.0,—,7,—,7,26.7,0,31.7,0,—,7,—,7,—,7,—,7,—,7,—,7
576,32,19380525,7.0,—,7,25.9,0,—,7,—,7,90,0,22.9,0,24.6,0,65,0,—,7,—,7
577,32,19380525,12.0,—,7,30.9,0,—,7,—,7,—,7,—,7,28.6,0,65,0,—,7,—,7
578,32,19380525,17.0,—,7,28.3,0,—,7,—,7,87,0,24.8,0,26.6,0,65,0,—,7,—,7
579,32,19380525,24.0,—,7,—,7,23.8,0,31.9,0,—,7,—,7,—,7,—,7,—,7,—,7
580,32,19380526,7.0,—,7,25.3,0,—,7,—,7,91,0,21.8,0,24.2,0,65,0,3.2,0,—,7
581,32,19380526,12.0,—,7,26.7,0,—,7,—,7,94,0,24.6,0,26,0,65,0,3,0,—,7
582,32,19380526,17.0,—,7,25.9,0,—,7,—,7,98,0,24.2,0,25.6,0,65,0,3.2,0,—,7
583,32,19380526,24.0,—,7,—,7,25.5,0,27,0,—,7,—,7,—,7,—,7,—,7,—,7
584,32,19380527,7.0,—,7,27.5,0,—,7,—,7,88,0,24.1,0,26,0,65,0,—,7,—,7
585,32,19380527,12.0,—,7,30.7,0,—,7,—,7,—,7,—,7,29,0,65,0,—,7,—,7
586,32,19380527,17.0,—,7,29.1,0,—,7,—,7,—,7,—,7,27.6,0,65,0,—,7,—,7
587,32,19380527,24.0,—,7,—,7,27.5,0,31.8,0,—,7,—,7,—,7,—,7,—,7,—,7
588,32,19380528,7.0,—,7,26.9,0,—,7,—,7,90,0,23.6,0,25.6,0,90,0,3.8,0,—,7
589,32,19380528,12.0,—,7,31.3,0,—,7,—,7,—,7,—,7,29.4,0,65,0,4.6,0,—,7
590,32,19380528,17.0,—,7,29.1,0,—,7,—,7,—,7,—,7,27.6,0,65,0,4.4,0,—,7
591,32,19380528,24.0,—,7,—,7,26.2,0,32,0,—,7,—,7,—,7,—,7,—,7,—,7
592,32,19380529,7.0,—,7,27.3,0,—,7,—,7,82,0,22.1,0,25,0,65,0,4.2,0,—,7
593,32,19380529,12.0,—,7,31.5,0,—,7,—,7,—,7,—,7,29.8,0,65,0,4.4,0,—,7
594,32,19380529,17.0,—,7,29.1,0,—,7,—,7,—,7,—,7,27.8,0,65,0,4.4,0,—,7
595,32,19380529,24.0,—,7,—,7,27.6,0,31.8,0,—,7,—,7,—,7,—,7,—,7,—,7
596,32,19380530,7.0,—,7,26.5,0,—,7,—,7,88,0,22.6,0,25,0,90,0,3.4,0,—,7
597,32,19380530,12.0,—,7,31.1,0,—,7,—,7,—,7,—,7,28.2,0,65,0,3.8,0,—,7
598,32,19380530,17.0,—,7,28.9,0,—,7,—,7,83,0,24.4,0,26.6,0,65,0,4,0,—,7
599,32,19380530,24.0,—,7,—,7,26.2,0,32,0,—,7,—,7,—,7,—,7,—,7,—,7
600,32,19380531,7.0,—,7,27.5,0,—,7,—,7,88,0,24.1,0,26,0,65,0,3.6,0,—,7
601,32,19380531,12.0,—,7,31.3,0,—,7,—,7,—,7,—,7,28.4,0,65,0,4,0,—,7
602,32,19380531,17.0,—,7,29.5,0,—,7,—,7,71,0,22,0,25.6,0,65,0,—,7,—,7
603,32,19380531,24.0,—,7,—,7,27.5,0,32,0,—,7,—,7,—,7,—,7,—,7,—,7
604,32,19380601,7.0,—,7,27.1,0,—,7,—,7,80,0,21.5,0,24.6,0,65,0,3.6,0,—,7
605,32,19380601,12.0,—,7,31.3,0,—,7,—,7,—,7,—,7,28.8,0,65,0,4.2,0,—,7
606,32,19380601,17.0,—,7,28.9,0,—,7,—,7,83,0,24.4,0,26.6,0,65,0,5.2,0,—,7
607,32,19380601,24.0,—,7,—,7,27.2,0,32.1,0,—,7,—,7,—,7,—,7,—,7,—,7
608,32,19380602,7.0,—,7,26.7,0,—,7,—,7,80,0,20.9,0,24.2,0,65,0,4,0,—,7
609,32,19380602,12.0,—,7,29.5,0,—,7,—,7,—,7,—,7,27.2,0,65,0,4.4,0,—,7
610,32,19380602,17.0,—,7,28.9,0,—,7,—,7,84,0,24.9,0,26.8,0,65,0,4.6,0,—,7
611,32,19380602,24.0,—,7,—,7,26.7,0,30.2,0,—,7,—,7,—,7,—,7,—,7,—,7
612,32,19380603,7.0,—,7,26.4,0,—,7,—,7,85,0,21.9,0,24.6,0,65,0,4.2,0,—,7
613,32,19380603,12.0,—,7,30.9,0,—,7,—,7,—,7,—,7,28.4,0,65,0,4,0,—,7
614,32,19380603,17.0,—,7,29.1,0,—,7,—,7,—,7,—,7,27.3,0,65,0,4,0,—,7
615,32,19380603,24.0,—,7,—,7,26,0,31.6,0,—,7,—,7,—,7,—,7,—,7,—,7
616,32,19380604,7.0,—,7,26.4,0,—,7,—,7,90,0,23.1,0,25.2,0,65,0,4,0,—,7
617,32,19380604,12.0,—,7,30.1,0,—,7,—,7,—,7,—,7,28.6,0,65,0,4.6,0,—,7
618,32,19380604,17.0,—,7,28.9,0,—,7,—,7,—,7,—,7,28,0,65,0,4.2,0,—,7
619,32,19380604,24.0,—,7,—,7,26.3,0,31.4,0,—,7,—,7,—,7,—,7,—,7,—,7
620,32,19380605,7.0,—,7,27.5,0,—,7,—,7,91,0,24.9,0,26.4,0,65,0,4.4,0,—,7
621,32,19380605,12.0,—,7,29.9,0,—,7,—,7,—,7,—,7,28.4,0,65,0,4,0,—,7
622,32,19380605,17.0,—,7,29.7,0,—,7,—,7,—,7,—,7,28,0,65,0,4,0,—,7
623,32,19380605,24.0,—,7,—,7,27.3,0,30.8,0,—,7,—,7,—,7,—,7,—,7,—,7
624,32,19380606,7.0,—,7,27,0,—,7,—,7,91,0,21.5,0,24.6,0,65,0,—,7,—,7
625,32,19380606,12.0,—,7,30.9,0,—,7,—,7,—,7,—,7,28.4,0,65,0,—,7,—,7
626,32,19380606,17.0,—,7,28.3,0,—,7,—,7,—,7,24.8,0,26.6,0,65,0,—,7,—,7
627,32,19380606,24.0,—,7,—,7,26.6,0,31.5,0,—,7,—,7,—,7,—,7,—,7,—,7
628,32,19380607,7.0,—,7,27.1,0,—,7,—,7,81,0,22.7,0,25.2,0,65,0,3.6,0,—,7
629,32,19380607,12.0,—,7,30.1,0,—,7,—,7,—,7,—,7,27.6,0,65,0,4.2,0,—,7
630,32,19380607,17.0,—,7,29.2,0,—,7,—,7,87,0,—,7,27.4,0,65,0,3.8,0,—,7
631,32,19380607,24.0,—,7,—,7,27.2,0,31.4,0,—,7,—,7,—,7,—,7,—,7,—,7
632,32,19380608,7.0,—,7,26.5,0,—,7,—,7,85,0,22.6,0,25,0,65,0,2.8,0,—,7
633,32,19380608,12.0,—,7,30.5,0,—,7,—,7,—,7,—,7,28,0,65,0,3.4,0,—,7
634,32,19380608,17.0,—,7,28.9,0,—,7,—,7,—,7,—,7,27.2,0,65,0,4.4,0,—,7
635,32,19380608,24.0,—,7,—,7,26.1,0,31.6,0,—,7,—,7,—,7,—,7,—,7,—,7
636,32,19380609,7.0,—,7,27.1,0,—,7,—,7,88,0,22.9,0,25.3,0,65,0,4.2,0,—,7
637,32,19380609,12.0,—,7,31.1,0,—,7,—,7,—,7,—,7,29.8,0,65,0,4.8,0,—,7
638,32,19380609,17.0,—,7,29.1,0,—,7,—,7,80,0,23.9,0,26.4,0,65,0,4.8,0,—,7
639,32,19380609,24.0,—,7,—,7,26.5,0,31.7,0,—,7,—,7,—,7,—,7,—,7,—,7
640,32,19380610,7.0,—,7,27.3,0,—,7,—,7,83,0,22.5,0,25.2,0,65,0,3.6,0,—,7
641,32,19380610,12.0,—,7,30.7,0,—,7,—,7,—,7,—,7,28,0,65,0,4.8,0,—,7
642,32,19380610,17.0,—,7,28.7,0,—,7,—,7,83,0,24.1,0,26.4,0,65,0,4.2,0,—,7
643,32,19380610,24.0,—,7,—,7,26.8,0,30.8,0,—,7,—,7,—,7,—,7,—,7,—,7
644,32,19380611,7.0,—,7,26,0,—,7,—,7,93,0,23,0,25,0,65,0,3.4,0,—,7
645,32,19380611,12.0,—,7,30.5,0,—,7,—,7,—,7,—,7,27.6,0,65,0,3.4,0,—,7
646,32,19380611,17.0,—,7,29.1,0,—,7,—,7,—,7,—,7,27,0,65,0,3.4,0,—,7
647,32,19380611,24.0,—,7,—,7,24.8,0,28.8,0,—,7,—,7,—,7,—,7,—,7,—,7
648,32,19380612,7.0,—,7,27.7,0,—,7,—,7,84,0,23.1,0,25.6,0,45,0,3.6,0,—,7
649,32,19380612,12.0,—,7,30.9,0,—,7,—,7,—,7,—,7,28.4,0,45,0,3.8,0,—,7
650,32,19380612,17.0,—,7,29.1,0,—,7,—,7,—,7,—,7,27.8,0,45,0,4,0,—,7
651,32,19380612,24.0,—,7,—,7,27.4,0,31.4,0,—,7,—,7,—,7,—,7,—,7,—,7
652,32,19380613,7.0,—,7,26.7,0,—,7,—,7,93,0,24.1,0,25.8,0,65,0,3.4,0,—,7
653,32,19380613,12.0,—,7,31.1,0,—,7,—,7,—,7,—,7,29,0,65,0,3.4,0,—,7
654,32,19380613,17.0,—,7,28.5,0,—,7,—,7,—,7,—,7,27.2,0,65,0,3.2,0,—,7
655,32,19380613,24.0,—,7,—,7,26,0,31.8,0,—,7,—,7,—,7,—,7,—,7,—,7
656,32,19380614,7.0,—,7,27.2,0,—,7,—,7,84,0,22.6,0,25.2,0,90,0,5.6,0,—,7
657,32,19380614,12.0,—,7,31.5,0,—,7,—,7,—,7,—,7,28,0,90,0,4.8,0,—,7
658,32,19380614,17.0,—,7,29.5,0,—,7,—,7,—,7,—,7,27,0,90,0,4.8,0,—,7
659,32,19380614,24.0,—,7,—,7,26.7,0,30.8,0,—,7,—,7,—,7,—,7,—,7,—,7
660,32,19380615,7.0,—,7,26.8,0,—,7,—,7,86,0,22.4,0,25,0,90,0,4.4,0,—,7
661,32,19380615,12.0,—,7,30.7,0,—,7,—,7,71,0,23.6,0,26.7,0,90,0,5.2,0,—,7
662,32,19380615,17.0,—,7,28.6,0,—,7,—,7,86,0,25.1,0,26.8,0,90,0,4.8,0,—,7
663,32,19380615,24.0,—,7,—,7,26.7,0,31.4,0,—,7,—,7,—,7,—,7,—,7,—,7
664,32,19380616,7.0,—,7,26.7,0,—,7,—,7,91,0,23.7,0,25.6,0,65,0,4,0,—,7
665,32,19380616,12.0,—,7,29.7,0,—,7,—,7,—,7,—,7,28.2,0,65,0,4.4,0,—,7
666,32,19380616,17.0,—,7,28.7,0,—,7,—,7,—,7,—,7,27,0,65,0,4.4,0,—,7
667,32,19380616,24.0,—,7,—,7,26,0,30.8,0,—,7,—,7,—,7,—,7,—,7,—,7
668,32,19380617,7.0,—,7,26.5,0,—,7,—,7,89,0,23,0,25.2,0,90,0,4,0,—,7
669,32,19380617,12.0,—,7,31.1,0,—,7,—,7,—,7,—,7,29.2,0,65,0,3.6,0,—,7
670,32,19380617,17.0,—,7,28.4,0,—,7,—,7,—,7,—,7,27,0,65,0,4,0,—,7
671,32,19380617,24.0,—,7,—,7,26.2,0,31.8,0,—,7,—,7,—,7,—,7,—,7,—,7
672,32,19380618,7.0,—,7,26.7,0,—,7,—,7,89,0,23.1,0,25.3,0,65,0,2.8,0,—,7
673,32,19380618,12.0,—,7,30.3,0,—,7,—,7,—,7,—,7,27.4,0,65,0,4.2,0,—,7
674,32,19380618,17.0,—,7,29.1,0,—,7,—,7,83,0,24.8,0,26.8,0,65,0,3.6,0,—,7
675,32,19380618,24.0,—,7,—,7,26.5,0,30.8,0,—,7,—,7,—,7,—,7,—,7,—,7
676,32,19380619,7.0,—,7,27.1,0,—,7,—,7,90,0,23.9,0,25.8,0,65,0,2.8,0,—,7
677,32,19380619,12.0,—,7,29.9,0,—,7,—,7,—,7,—,7,27.6,0,65,0,4.2,0,—,7
678,32,19380619,17.0,—,7,29.1,0,—,7,—,7,—,7,—,7,27.6,0,65,0,3.6,0,—,7
679,32,19380619,24.0,—,7,—,7,27.2,0,30,0,—,7,—,7,—,7,—,7,—,7,—,7
680,32,19380620,7.0,—,7,26.9,0,—,7,—,7,86,0,22.8,0,25.2,0,65,0,3.6,0,—,7
681,32,19380620,12.0,—,7,29.1,0,—,7,—,7,—,7,—,7,27.2,0,65,0,4.4,0,—,7
682,32,19380620,17.0,—,7,27.1,0,—,7,—,7,90,0,23.9,0,25.8,0,65,0,4.2,0,—,7
683,32,19380620,24.0,—,7,—,7,26.5,0,30.2,0,—,7,—,7,—,7,—,7,—,7,—,7
684,32,19380621,7.0,—,7,28.1,0,—,7,—,7,85,0,24.1,0,26.2,0,65,0,4.2,0,—,7
685,32,19380621,12.0,—,7,30.5,0,—,7,—,7,—,7,—,7,28.4,0,65,0,4.2,0,—,7
686,32,19380621,17.0,—,7,28.9,0,—,7,—,7,—,7,—,7,27.6,0,65,0,4.2,0,—,7
687,32,19380621,24.0,—,7,—,7,27.6,0,32,0,—,7,—,7,—,7,—,7,—,7,—,7
688,32,19380622,7.0,—,7,26.7,0,—,7,—,7,90,0,23.3,0,25.4,0,65,0,4.4,0,—,7
689,32,19380622,12.0,—,7,30.9,0,—,7,—,7,—,7,—,7,28.9,0,65,0,4.8,0,—,7
690,32,19380622,17.0,—,7,28.4,0,—,7,—,7,—,7,—,7,27,0,65,0,4.8,0,—,7
691,32,19380622,24.0,—,7,—,7,26.2,0,31.4,0,—,7,—,7,—,7,—,7,—,7,—,7
692,32,19380623,7.0,—,7,26.7,0,—,7,—,7,90,0,23.3,0,25.4,0,65,0,4,0,—,7
693,32,19380623,12.0,—,7,30.2,0,—,7,—,7,—,7,—,7,27.6,0,65,0,4.8,0,—,7
694,32,19380623,17.0,—,7,29.3,0,—,7,—,7,78,0,23.8,0,26.4,0,65,0,4.4,0,—,7
695,32,19380623,24.0,—,7,—,7,26,0,29.2,0,—,7,—,7,—,7,—,7,—,7,—,7
696,32,19380624,7.0,—,7,26.7,0,—,7,—,7,91,0,23.7,0,25.6,0,65,0,4.8,0,—,7
697,32,19380624,12.0,—,7,30.3,0,—,7,—,7,—,7,—,7,29,0,65,0,—,7,—,7
698,32,19380624,17.0,—,7,28.5,0,—,7,—,7,—,7,—,7,27,0,65,0,—,7,—,7
699,32,19380624,24.0,—,7,—,7,26,0,31,0,—,7,—,7,—,7,—,7,—,7,—,7
700,32,19380625,7.0,—,7,26.9,0,—,7,—,7,85,0,22.4,0,25,0,65,0,3.4,0,—,7
701,32,19380625,12.0,—,7,30.7,0,—,7,—,7,—,7,—,7,27.4,0,65,0,4.2,0,—,7
702,32,19380625,17.0,—,7,28.3,0,—,7,—,7,87,0,24.8,0,26.6,0,65,0,3.8,0,—,7
703,32,19380625,24.0,—,7,—,7,24.5,0,31.5,0,—,7,—,7,—,7,—,7,—,7,—,7
704,32,19380626,7.0,—,7,27.1,0,—,7,—,7,86,0,23.1,0,25.4,0,65,0,3.6,0,—,7
705,32,19380626,12.0,—,7,30.5,0,—,7,—,7,—,7,—,7,27.2,0,65,0,4.6,0,—,7
706,32,19380626,17.0,—,7,29.1,0,—,7,—,7,—,7,—,7,27.2,0,65,0,4.4,0,—,7
707,32,19380626,24.0,—,7,—,7,26.5,0,30.7,0,—,7,—,7,—,7,—,7,—,7,—,7
708,32,19380627,7.0,—,7,26.9,0,—,7,—,7,86,0,22.8,0,25.2,0,65,0,3,0,—,7
709,32,19380627,12.0,—,7,30.9,0,—,7,—,7,—,7,—,7,28,0,65,0,4,0,—,7
710,32,19380627,17.0,—,7,29.3,0,—,7,—,7,—,7,—,7,27.2,0,65,0,2.4,0,—,7
711,32,19380627,24.0,—,7,—,7,26.2,0,31.6,0,—,7,—,7,—,7,—,7,—,7,—,7
712,32,19380628,7.0,—,7,26.7,0,—,7,—,7,93,0,24.1,0,25.8,0,65,0,3,0,—,7
713,32,19380628,12.0,—,7,30.4,0,—,7,—,7,—,7,—,7,27.8,0,65,0,4,0,—,7
714,32,19380628,17.0,—,7,28.7,0,—,7,—,7,—,7,—,7,27.4,0,65,0,2.4,0,—,7
715,32,19380628,24.0,—,7,—,7,26.5,0,31.5,0,—,7,—,7,—,7,—,7,—,7,—,7
716,32,19380629,7.0,—,7,27.1,0,—,7,—,7,86,0,23.1,0,25.4,0,90,0,3.4,0,—,7
717,32,19380629,12.0,—,7,30.3,0,—,7,—,7,—,7,—,7,26.6,0,90,0,4,0,—,7
718,32,19380629,17.0,—,7,29.2,0,—,7,—,7,—,7,—,7,27.2,0,90,0,4.4,0,—,7
719,32,19380629,24.0,—,7,—,7,26.5,0,31.5,0,—,7,—,7,—,7,—,7,—,7,—,7
720,32,19380630,7.0,—,7,26.7,0,—,7,—,7,88,0,22.9,0,25.2,0,65,0,3,0,—,7
721,32,19380630,12.0,—,7,30.9,0,—,7,—,7,—,7,—,7,27.3,0,65,0,3.4,0,—,7
722,32,19380630,17.0,—,7,28.9,0,—,7,—,7,—,7,—,7,27,0,65,0,4,0,—,7
723,32,19380630,24.0,—,7,—,7,26.5,0,30.9,0,—,7,—,7,—,7,—,7,—,7,—,7
724,32,19380701,7.0,—,7,—,7,—,7,—,7,—,7,—,7,—,7,—,7,—,7,—,7
725,32,19380701,12.0,—,7,—,7,—,7,—,7,—,7,—,7,—,7,—,7,—,7,—,7
726,32,19380701,17.0,—,7,—,7,—,7,—,7,—,7,—,7,—,7,—,7,—,7,—,7
727,32,19380701,24.0,—,7,—,7,—,7,—,7,—,7,—,7,—,7,—,7,—,7,—,7
728,32,19380702,7.0,—,7,—,7,—,7,—,7,—,7,—,7,—,7,—,7,—,7,—,7
729,32,19380702,12.0,—,7,—,7,—,7,—,7,—,7,—,7,—,7,—,7,—,7,—,7
730,32,19380702,17.0,—,7,—,7,—,7,—,7,—,7,—,7,—,7,—,7,—,7,—,7
731,32,19380702,24.0,—,7,—,7,—,7,—,7,—,7,—,7,—,7,—,7,—,7,—,7
732,32,19380703,7.0,—,7,—,7,—,7,—,7,—,7,—,7,—,7,—,7,—,7,—,7
733,32,19380703,12.0,—,7,—,7,—,7,—,7,—,7,—,7,—,7,—,7,—,7,—,7
734,32,19380703,17.0,—,7,—,7,—,7,—,7,—,7,—,7,—,7,—,7,—,7,—,7
735,32,19380703,24.0,—,7,—,7,—,7,—,7,—,7,—,7,—,7,—,7,—,7,—,7
736,32,19380704,7.0,—,7,—,7,—,7,—,7,—,7,—,7,—,7,—,7,—,7,—,7
737,32,19380704,12.0,—,7,—,7,—,7,—,7,—,7,—,7,—,7,—,7,—,7,—,7
738,32,19380704,17.0,—,7,—,7,—,7,—,7,—,7,—,7,—,7,—,7,—,7,—,7
739,32,19380704,24.0,—,7,—,7,—,7,—,7,—,7,—,7,—,7,—,7,—,7,—,7
740,32,19380705,7.0,—,7,—,7,—,7,—,7,—,7,—,7,—,7,—,7,—,7,—,7
741,32,19380705,12.0,—,7,—,7,—,7,—,7,—,7,—,7,—,7,—,7,—,7,—,7
742,32,19380705,17.0,—,7,—,7,—,7,—,7,—,7,—,7,—,7,—,7,—,7,—,7
743,32,19380705,24.0,—,7,—,7,—,7,—,7,—,7,—,7,—,7,—,7,—,7,—,7
744,32,19380706,7.0,—,7,—,7,—,7,—,7,—,7,—,7,—,7,—,7,—,7,—,7
745,32,19380706,12.0,—,7,—,7,—,7,—,7,—,7,—,7,—,7,—,7,—,7,—,7
746,32,19380706,17.0,—,7,—,7,—,7,—,7,—,7,—,7,—,7,—,7,—,7,—,7
747,32,19380706,24.0,—,7,—,7,—,7,—,7,—,7,—,7,—,7,—,7,—,7,—,7
748,32,19380707,7.0,—,7,—,7,—,7,—,7,—,7,—,7,—,7,—,7,—,7,—,7
749,32,19380707,12.0,—,7,—,7,—,7,—,7,—,7,—,7,—,7,—,7,—,7,—,7
750,32,19380707,17.0,—,7,—,7,—,7,—,7,—,7,—,7,—,7,—,7,—,7,—,7
751,32,19380707,24.0,—,7,—,7,—,7,—,7,—,7,—,7,—,7,—,7,—,7,—,7
752,32,19380708,7.0,—,7,—,7,—,7,—,7,—,7,—,7,—,7,—,7,—,7,—,7
753,32,19380708,12.0,—,7,—,7,—,7,—,7,—,7,—,7,—,7,—,7,—,7,—,7
754,32,19380708,17.0,—,7,—,7,—,7,—,7,—,7,—,7,—,7,—,7,—,7,—,7
755,32,19380708,24.0,—,7,—,7,—,7,—,7,—,7,—,7,—,7,—,7,—,7,—,7
756,32,19380709,7.0,—,7,—,7,—,7,—,7,—,7,—,7,—,7,—,7,—,7,—,7
757,32,19380709,12.0,—,7,—,7,—,7,—,7,—,7,—,7,—,7,—,7,—,7,—,7
758,32,19380709,17.0,—,7,—,7,—,7,—,7,—,7,—,7,—,7,—,7,—,7,—,7
759,32,19380709,24.0,—,7,—,7,—,7,—,7,—,7,—,7,—,7,—,7,—,7,—,7
760,32,19380710,7.0,—,7,—,7,—,7,—,7,—,7,—,7,—,7,—,7,—,7,—,7
761,32,19380710,12.0,—,7,—,7,—,7,—,7,—,7,—,7,—,7,—,7,—,7,—,7
762,32,19380710,17.0,—,7,—,7,—,7,—,7,—,7,—,7,—,7,—,7,—,7,—,7
763,32,19380710,24.0,—,7,—,7,—,7,—,7,—,7,—,7,—,7,—,7,—,7,—,7
764,32,19380711,7.0,—,7,—,7,—,7,—,7,—,7,—,7,—,7,—,7,—,7,—,7
765,32,19380711,12.0,—,7,—,7,—,7,—,7,—,7,—,7,—,7,—,7,—,7,—,7
766,32,19380711,17.0,—,7,—,7,—,7,—,7,—,7,—,7,—,7,—,7,—,7,—,7
767,32,19380711,24.0,—,7,—,7,—,7,—,7,—,7,—,7,—,7,—,7,—,7,—,7
768,32,19380712,7.0,—,7,—,7,—,7,—,7,—,7,—,7,—,7,—,7,—,7,—,7
769,32,19380712,12.0,—,7,—,7,—,7,—,7,—,7,—,7,—,7,—,7,—,7,—,7
770,32,19380712,17.0,—,7,—,7,—,7,—,7,—,7,—,7,—,7,—,7,—,7,—,7
771,32,19380712,24.0,—,7,—,7,—,7,—,7,—,7,—,7,—,7,—,7,—,7,—,7
772,32,19380713,7.0,—,7,—,7,—,7,—,7,—,7,—,7,—,7,—,7,—,7,—,7
773,32,19380713,12.0,—,7,—,7,—,7,—,7,—,7,—,7,—,7,—,7,—,7,—,7
774,32,19380713,17.0,—,7,—,7,—,7,—,7,—,7,—,7,—,7,—,7,—,7,—,7
775,32,19380713,24.0,—,7,—,7,—,7,—,7,—,7,—,7,—,7,—,7,—,7,—,7
776,32,19380714,7.0,—,7,—,7,—,7,—,7,—,7,—,7,—,7,—,7,—,7,—,7
777,32,19380714,12.0,—,7,—,7,—,7,—,7,—,7,—,7,—,7,—,7,—,7,—,7
778,32,19380714,17.0,—,7,—,7,—,7,—,7,—,7,—,7,—,7,—,7,—,7,—,7
779,32,19380714,24.0,—,7,—,7,—,7,—,7,—,7,—,7,—,7,—,7,—,7,—,7
780,32,19380715,7.0,—,7,—,7,—,7,—,7,—,7,—,7,—,7,—,7,—,7,—,7
781,32,19380715,12.0,—,7,—,7,—,7,—,7,—,7,—,7,—,7,—,7,—,7,—,7
782,32,19380715,17.0,—,7,—,7,—,7,—,7,—,7,—,7,—,7,—,7,—,7,—,7
783,32,19380715,24.0,—,7,—,7,—,7,—,7,—,7,—,7,—,7,—,7,—,7,—,7
784,32,19380716,7.0,—,7,—,7,—,7,—,7,—,7,—,7,—,7,—,7,—,7,—,7
785,32,19380716,12.0,—,7,—,7,—,7,—,7,—,7,—,7,—,7,—,7,—,7,—,7
786,32,19380716,17.0,—,7,—,7,—,7,—,7,—,7,—,7,—,7,—,7,—,7,—,7
787,32,19380716,24.0,—,7,—,7,—,7,—,7,—,7,—,7,—,7,—,7,—,7,—,7
788,32,19380717,7.0,—,7,—,7,—,7,—,7,—,7,—,7,—,7,—,7,—,7,—,7
789,32,19380717,12.0,—,7,—,7,—,7,—,7,—,7,—,7,—,7,—,7,—,7,—,7
790,32,19380717,17.0,—,7,—,7,—,7,—,7,—,7,—,7,—,7,—,7,—,7,—,7
791,32,19380717,24.0,—,7,—,7,—,7,—,7,—,7,—,7,—,7,—,7,—,7,—,7
792,32,19380718,7.0,—,7,—,7,—,7,—,7,—,7,—,7,—,7,—,7,—,7,—,7
793,32,19380718,12.0,—,7,—,7,—,7,—,7,—,7,—,7,—,7,—,7,—,7,—,7
794,32,19380718,17.0,—,7,—,7,—,7,—,7,—,7,—,7,—,7,—,7,—,7,—,7
795,32,19380718,24.0,—,7,—,7,—,7,—,7,—,7,—,7,—,7,—,7,—,7,—,7
796,32,19380719,7.0,—,7,—,7,—,7,—,7,—,7,—,7,—,7,—,7,—,7,—,7
797,32,19380719,12.0,—,7,—,7,—,7,—,7,—,7,—,7,—,7,—,7,—,7,—,7
798,32,19380719,17.0,—,7,—,7,—,7,—,7,—,7,—,7,—,7,—,7,—,7,—,7
799,32,19380719,24.0,—,7,—,7,—,7,—,7,—,7,—,7,—,7,—,7,—,7,—,7
800,32,19380720,7.0,—,7,—,7,—,7,—,7,—,7,—,7,—,7,—,7,—,7,—,7
801,32,19380720,12.0,—,7,—,7,—,7,—,7,—,7,—,7,—,7,—,7,—,7,—,7
802,32,19380720,17.0,—,7,—,7,—,7,—,7,—,7,—,7,—,7,—,7,—,7,—,7
803,32,19380720,24.0,—,7,—,7,—,7,—,7,—,7,—,7,—,7,—,7,—,7,—,7
804,32,19380721,7.0,—,7,—,7,—,7,—,7,—,7,—,7,—,7,—,7,—,7,—,7
805,32,19380721,12.0,—,7,—,7,—,7,—,7,—,7,—,7,—,7,—,7,—,7,—,7
806,32,19380721,17.0,—,7,—,7,—,7,—,7,—,7,—,7,—,7,—,7,—,7,—,7
807,32,19380721,24.0,—,7,—,7,—,7,—,7,—,7,—,7,—,7,—,7,—,7,—,7
808,32,19380722,7.0,—,7,—,7,—,7,—,7,—,7,—,7,—,7,—,7,—,7,—,7
809,32,19380722,12.0,—,7,—,7,—,7,—,7,—,7,—,7,—,7,—,7,—,7,—,7
810,32,19380722,17.0,—,7,—,7,—,7,—,7,—,7,—,7,—,7,—,7,—,7,—,7
811,32,19380722,24.0,—,7,—,7,—,7,—,7,—,7,—,7,—,7,—,7,—,7,—,7
812,32,19380723,7.0,—,7,—,7,—,7,—,7,—,7,—,7,—,7,—,7,—,7,—,7
813,32,19380723,12.0,—,7,—,7,—,7,—,7,—,7,—,7,—,7,—,7,—,7,—,7
814,32,19380723,17.0,—,7,—,7,—,7,—,7,—,7,—,7,—,7,—,7,—,7,—,7
815,32,19380723,24.0,—,7,—,7,—,7,—,7,—,7,—,7,—,7,—,7,—,7,—,7
816,32,19380724,7.0,—,7,—,7,—,7,—,7,—,7,—,7,—,7,—,7,—,7,—,7
817,32,19380724,12.0,—,7,—,7,—,7,—,7,—,7,—,7,—,7,—,7,—,7,—,7
818,32,19380724,17.0,—,7,—,7,—,7,—,7,—,7,—,7,—,7,—,7,—,7,—,7
819,32,19380724,24.0,—,7,—,7,—,7,—,7,—,7,—,7,—,7,—,7,—,7,—,7
820,32,19380725,7.0,—,7,—,7,—,7,—,7,—,7,—,7,—,7,—,7,—,7,—,7
821,32,19380725,12.0,—,7,—,7,—,7,—,7,—,7,—,7,—,7,—,7,—,7,—,7
822,32,19380725,17.0,—,7,—,7,—,7,—,7,—,7,—,7,—,7,—,7,—,7,—,7
823,32,19380725,24.0,—,7,—,7,—,7,—,7,—,7,—,7,—,7,—,7,—,7,—,7
824,32,19380726,7.0,—,7,—,7,—,7,—,7,—,7,—,7,—,7,—,7,—,7,—,7
825,32,19380726,12.0,—,7,—,7,—,7,—,7,—,7,—,7,—,7,—,7,—,7,—,7
826,32,19380726,17.0,—,7,—,7,—,7,—,7,—,7,—,7,—,7,—,7,—,7,—,7
827,32,19380726,24.0,—,7,—,7,—,7,—,7,—,7,—,7,—,7,—,7,—,7,—,7
828,32,19380727,7.0,—,7,—,7,—,7,—,7,—,7,—,7,—,7,—,7,—,7,—,7
829,32,19380727,12.0,—,7,—,7,—,7,—,7,—,7,—,7,—,7,—,7,—,7,—,7
830,32,19380727,17.0,—,7,—,7,—,7,—,7,—,7,—,7,—,7,—,7,—,7,—,7
831,32,19380727,24.0,—,7,—,7,—,7,—,7,—,7,—,7,—,7,—,7,—,7,—,7
832,32,19380728,7.0,—,7,—,7,—,7,—,7,—,7,—,7,—,7,—,7,—,7,—,7
833,32,19380728,12.0,—,7,—,7,—,7,—,7,—,7,—,7,—,7,—,7,—,7,—,7
834,32,19380728,17.0,—,7,—,7,—,7,—,7,—,7,—,7,—,7,—,7,—,7,—,7
835,32,19380728,24.0,—,7,—,7,—,7,—,7,—,7,—,7,—,7,—,7,—,7,—,7
836,32,19380729,7.0,—,7,—,7,—,7,—,7,—,7,—,7,—,7,—,7,—,7,—,7
837,32,19380729,12.0,—,7,—,7,—,7,—,7,—,7,—,7,—,7,—,7,—,7,—,7
838,32,19380729,17.0,—,7,—,7,—,7,—,7,—,7,—,7,—,7,—,7,—,7,—,7
839,32,19380729,24.0,—,7,—,7,—,7,—,7,—,7,—,7,—,7,—,7,—,7,—,7
840,32,19380730,7.0,—,7,—,7,—,7,—,7,—,7,—,7,—,7,—,7,—,7,—,7
841,32,19380730,12.0,—,7,—,7,—,7,—,7,—,7,—,7,—,7,—,7,—,7,—,7
842,32,19380730,17.0,—,7,—,7,—,7,—,7,—,7,—,7,—,7,—,7,—,7,—,7
843,32,19380730,24.0,—,7,—,7,—,7,—,7,—,7,—,7,—,7,—,7,—,7,—,7
844,32,19380731,7.0,—,7,—,7,—,7,—,7,—,7,—,7,—,7,—,7,—,7,—,7
845,32,19380731,12.0,—,7,—,7,—,7,—,7,—,7,—,7,—,7,—,7,—,7,—,7
846,32,19380731,17.0,—,7,—,7,—,7,—,7,—,7,—,7,—,7,—,7,—,7,—,7
847,32,19380731,24.0,—,7,—,7,—,7,—,7,—,7,—,7,—,7,—,7,—,7,—,7
848,32,19380801,7.0,—,7,—,7,—,7,—,7,—,7,—,7,—,7,—,7,—,7,—,7
849,32,19380801,12.0,—,7,—,7,—,7,—,7,—,7,—,7,—,7,—,7,—,7,—,7
850,32,19380801,17.0,—,7,—,7,—,7,—,7,—,7,—,7,—,7,—,7,—,7,—,7
851,32,19380801,24.0,—,7,—,7,—,7,—,7,—,7,—,7,—,7,—,7,—,7,—,7
852,32,19380802,7.0,—,7,—,7,—,7,—,7,—,7,—,7,—,7,—,7,—,7,—,7
853,32,19380802,12.0,—,7,—,7,—,7,—,7,—,7,—,7,—,7,—,7,—,7,—,7
854,32,19380802,17.0,—,7,—,7,—,7,—,7,—,7,—,7,—,7,—,7,—,7,—,7
855,32,19380802,24.0,—,7,—,7,—,7,—,7,—,7,—,7,—,7,—,7,—,7,—,7
856,32,19380803,7.0,—,7,—,7,—,7,—,7,—,7,—,7,—,7,—,7,—,7,—,7
857,32,19380803,12.0,—,7,—,7,—,7,—,7,—,7,—,7,—,7,—,7,—,7,—,7
858,32,19380803,17.0,—,7,—,7,—,7,—,7,—,7,—,7,—,7,—,7,—,7,—,7
859,32,19380803,24.0,—,7,—,7,—,7,—,7,—,7,—,7,—,7,—,7,—,7,—,7
860,32,19380804,7.0,—,7,—,7,—,7,—,7,—,7,—,7,—,7,—,7,—,7,—,7
861,32,19380804,12.0,—,7,—,7,—,7,—,7,—,7,—,7,—,7,—,7,—,7,—,7
862,32,19380804,17.0,—,7,—,7,—,7,—,7,—,7,—,7,—,7,—,7,—,7,—,7
863,32,19380804,24.0,—,7,—,7,—,7,—,7,—,7,—,7,—,7,—,7,—,7,—,7
864,32,19380805,7.0,—,7,—,7,—,7,—,7,—,7,—,7,—,7,—,7,—,7,—,7
865,32,19380805,12.0,—,7,—,7,—,7,—,7,—,7,—,7,—,7,—,7,—,7,—,7
866,32,19380805,17.0,—,7,—,7,—,7,—,7,—,7,—,7,—,7,—,7,—,7,—,7
867,32,19380805,24.0,—,7,—,7,—,7,—,7,—,7,—,7,—,7,—,7,—,7,—,7
868,32,19380806,7.0,—,7,—,7,—,7,—,7,—,7,—,7,—,7,—,7,—,7,—,7
869,32,19380806,12.0,—,7,—,7,—,7,—,7,—,7,—,7,—,7,—,7,—,7,—,7
870,32,19380806,17.0,—,7,—,7,—,7,—,7,—,7,—,7,—,7,—,7,—,7,—,7
871,32,19380806,24.0,—,7,—,7,—,7,—,7,—,7,—,7,—,7,—,7,—,7,—,7
872,32,19380807,7.0,—,7,—,7,—,7,—,7,—,7,—,7,—,7,—,7,—,7,—,7
873,32,19380807,12.0,—,7,—,7,—,7,—,7,—,7,—,7,—,7,—,7,—,7,—,7
874,32,19380807,17.0,—,7,—,7,—,7,—,7,—,7,—,7,—,7,—,7,—,7,—,7
875,32,19380807,24.0,—,7,—,7,—,7,—,7,—,7,—,7,—,7,—,7,—,7,—,7
876,32,19380808,7.0,—,7,—,7,—,7,—,7,—,7,—,7,—,7,—,7,—,7,—,7
877,32,19380808,12.0,—,7,—,7,—,7,—,7,—,7,—,7,—,7,—,7,—,7,—,7
878,32,19380808,17.0,—,7,—,7,—,7,—,7,—,7,—,7,—,7,—,7,—,7,—,7
879,32,19380808,24.0,—,7,—,7,—,7,—,7,—,7,—,7,—,7,—,7,—,7,—,7
880,32,19380809,7.0,—,7,—,7,—,7,—,7,—,7,—,7,—,7,—,7,—,7,—,7
881,32,19380809,12.0,—,7,—,7,—,7,—,7,—,7,—,7,—,7,—,7,—,7,—,7
882,32,19380809,17.0,—,7,—,7,—,7,—,7,—,7,—,7,—,7,—,7,—,7,—,7
883,32,19380809,24.0,—,7,—,7,—,7,—,7,—,7,—,7,—,7,—,7,—,7,—,7
884,32,19380810,7.0,—,7,—,7,—,7,—,7,—,7,—,7,—,7,—,7,—,7,—,7
885,32,19380810,12.0,—,7,—,7,—,7,—,7,—,7,—,7,—,7,—,7,—,7,—,7
886,32,19380810,17.0,—,7,—,7,—,7,—,7,—,7,—,7,—,7,—,7,—,7,—,7
887,32,19380810,24.0,—,7,—,7,—,7,—,7,—,7,—,7,—,7,—,7,—,7,—,7
888,32,19380811,7.0,—,7,—,7,—,7,—,7,—,7,—,7,—,7,—,7,—,7,—,7
889,32,19380811,12.0,—,7,—,7,—,7,—,7,—,7,—,7,—,7,—,7,—,7,—,7
890,32,19380811,17.0,—,7,—,7,—,7,—,7,—,7,—,7,—,7,—,7,—,7,—,7
891,32,19380811,24.0,—,7,—,7,—,7,—,7,—,7,—,7,—,7,—,7,—,7,—,7
892,32,19380812,7.0,—,7,—,7,—,7,—,7,—,7,—,7,—,7,—,7,—,7,—,7
893,32,19380812,12.0,—,7,—,7,—,7,—,7,—,7,—,7,—,7,—,7,—,7,—,7
894,32,19380812,17.0,—,7,—,7,—,7,—,7,—,7,—,7,—,7,—,7,—,7,—,7
895,32,19380812,24.0,—,7,—,7,—,7,—,7,—,7,—,7,—,7,—,7,—,7,—,7
896,32,19380813,7.0,—,7,—,7,—,7,—,7,—,7,—,7,—,7,—,7,—,7,—,7
897,32,19380813,12.0,—,7,—,7,—,7,—,7,—,7,—,7,—,7,—,7,—,7,—,7
898,32,19380813,17.0,—,7,—,7,—,7,—,7,—,7,—,7,—,7,—,7,—,7,—,7
899,32,19380813,24.0,—,7,—,7,—,7,—,7,—,7,—,7,—,7,—,7,—,7,—,7
900,32,19380814,7.0,—,7,—,7,—,7,—,7,—,7,—,7,—,7,—,7,—,7,—,7
901,32,19380814,12.0,—,7,—,7,—,7,—,7,—,7,—,7,—,7,—,7,—,7,—,7
902,32,19380814,17.0,—,7,—,7,—,7,—,7,—,7,—,7,—,7,—,7,—,7,—,7
903,32,19380814,24.0,—,7,—,7,—,7,—,7,—,7,—,7,—,7,—,7,—,7,—,7
904,32,19380815,7.0,—,7,—,7,—,7,—,7,—,7,—,7,—,7,—,7,—,7,—,7
905,32,19380815,12.0,—,7,—,7,—,7,—,7,—,7,—,7,—,7,—,7,—,7,—,7
906,32,19380815,17.0,—,7,—,7,—,7,—,7,—,7,—,7,—,7,—,7,—,7,—,7
907,32,19380815,24.0,—,7,—,7,—,7,—,7,—,7,—,7,—,7,—,7,—,7,—,7
908,32,19380816,7.0,—,7,—,7,—,7,—,7,—,7,—,7,—,7,—,7,—,7,—,7
909,32,19380816,12.0,—,7,—,7,—,7,—,7,—,7,—,7,—,7,—,7,—,7,—,7
910,32,19380816,17.0,—,7,—,7,—,7,—,7,—,7,—,7,—,7,—,7,—,7,—,7
911,32,19380816,24.0,—,7,—,7,—,7,—,7,—,7,—,7,—,7,—,7,—,7,—,7
912,32,19380817,7.0,—,7,—,7,—,7,—,7,—,7,—,7,—,7,—,7,—,7,—,7
913,32,19380817,12.0,—,7,—,7,—,7,—,7,—,7,—,7,—,7,—,7,—,7,—,7
914,32,19380817,17.0,—,7,—,7,—,7,—,7,—,7,—,7,—,7,—,7,—,7,—,7
915,32,19380817,24.0,—,7,—,7,—,7,—,7,—,7,—,7,—,7,—,7,—,7,—,7
916,32,19380818,7.0,—,7,—,7,—,7,—,7,—,7,—,7,—,7,—,7,—,7,—,7
917,32,19380818,12.0,—,7,—,7,—,7,—,7,—,7,—,7,—,7,—,7,—,7,—,7
918,32,19380818,17.0,—,7,—,7,—,7,—,7,—,7,—,7,—,7,—,7,—,7,—,7
919,32,19380818,24.0,—,7,—,7,—,7,—,7,—,7,—,7,—,7,—,7,—,7,—,7
920,32,19380819,7.0,—,7,—,7,—,7,—,7,—,7,—,7,—,7,—,7,—,7,—,7
921,32,19380819,12.0,—,7,—,7,—,7,—,7,—,7,—,7,—,7,—,7,—,7,—,7
922,32,19380819,17.0,—,7,—,7,—,7,—,7,—,7,—,7,—,7,—,7,—,7,—,7
923,32,19380819,24.0,—,7,—,7,—,7,—,7,—,7,—,7,—,7,—,7,—,7,—,7
924,32,19380820,7.0,—,7,—,7,—,7,—,7,—,7,—,7,—,7,—,7,—,7,—,7
925,32,19380820,12.0,—,7,—,7,—,7,—,7,—,7,—,7,—,7,—,7,—,7,—,7
926,32,19380820,17.0,—,7,—,7,—,7,—,7,—,7,—,7,—,7,—,7,—,7,—,7
927,32,19380820,24.0,—,7,—,7,—,7,—,7,—,7,—,7,—,7,—,7,—,7,—,7
928,32,19380821,7.0,—,7,—,7,—,7,—,7,—,7,—,7,—,7,—,7,—,7,—,7
929,32,19380821,12.0,—,7,—,7,—,7,—,7,—,7,—,7,—,7,—,7,—,7,—,7
930,32,19380821,17.0,—,7,—,7,—,7,—,7,—,7,—,7,—,7,—,7,—,7,—,7
931,32,19380821,24.0,—,7,—,7,—,7,—,7,—,7,—,7,—,7,—,7,—,7,—,7
932,32,19380822,7.0,—,7,—,7,—,7,—,7,—,7,—,7,—,7,—,7,—,7,—,7
933,32,19380822,12.0,—,7,—,7,—,7,—,7,—,7,—,7,—,7,—,7,—,7,—,7
934,32,19380822,17.0,—,7,—,7,—,7,—,7,—,7,—,7,—,7,—,7,—,7,—,7
935,32,19380822,24.0,—,7,—,7,—,7,—,7,—,7,—,7,—,7,—,7,—,7,—,7
936,32,19380823,7.0,—,7,—,7,—,7,—,7,—,7,—,7,—,7,—,7,—,7,—,7
937,32,19380823,12.0,—,7,—,7,—,7,—,7,—,7,—,7,—,7,—,7,—,7,—,7
938,32,19380823,17.0,—,7,—,7,—,7,—,7,—,7,—,7,—,7,—,7,—,7,—,7
939,32,19380823,24.0,—,7,—,7,—,7,—,7,—,7,—,7,—,7,—,7,—,7,—,7
940,32,19380824,7.0,—,7,—,7,—,7,—,7,—,7,—,7,—,7,—,7,—,7,—,7
941,32,19380824,12.0,—,7,—,7,—,7,—,7,—,7,—,7,—,7,—,7,—,7,—,7
942,32,19380824,17.0,—,7,—,7,—,7,—,7,—,7,—,7,—,7,—,7,—,7,—,7
943,32,19380824,24.0,—,7,—,7,—,7,—,7,—,7,—,7,—,7,—,7,—,7,—,7
944,32,19380825,7.0,—,7,—,7,—,7,—,7,—,7,—,7,—,7,—,7,—,7,—,7
945,32,19380825,12.0,—,7,—,7,—,7,—,7,—,7,—,7,—,7,—,7,—,7,—,7
946,32,19380825,17.0,—,7,—,7,—,7,—,7,—,7,—,7,—,7,—,7,—,7,—,7
947,32,19380825,24.0,—,7,—,7,—,7,—,7,—,7,—,7,—,7,—,7,—,7,—,7
948,32,19380826,7.0,—,7,—,7,—,7,—,7,—,7,—,7,—,7,—,7,—,7,—,7
949,32,19380826,12.0,—,7,—,7,—,7,—,7,—,7,—,7,—,7,—,7,—,7,—,7
950,32,19380826,17.0,—,7,—,7,—,7,—,7,—,7,—,7,—,7,—,7,—,7,—,7
951,32,19380826,24.0,—,7,—,7,—,7,—,7,—,7,—,7,—,7,—,7,—,7,—,7
952,32,19380827,7.0,—,7,—,7,—,7,—,7,—,7,—,7,—,7,—,7,—,7,—,7
953,32,19380827,12.0,—,7,—,7,—,7,—,7,—,7,—,7,—,7,—,7,—,7,—,7
954,32,19380827,17.0,—,7,—,7,—,7,—,7,—,7,—,7,—,7,—,7,—,7,—,7
955,32,19380827,24.0,—,7,—,7,—,7,—,7,—,7,—,7,—,7,—,7,—,7,—,7
956,32,19380828,7.0,—,7,—,7,—,7,—,7,—,7,—,7,—,7,—,7,—,7,—,7
957,32,19380828,12.0,—,7,—,7,—,7,—,7,—,7,—,7,—,7,—,7,—,7,—,7
958,32,19380828,17.0,—,7,—,7,—,7,—,7,—,7,—,7,—,7,—,7,—,7,—,7
959,32,19380828,24.0,—,7,—,7,—,7,—,7,—,7,—,7,—,7,—,7,—,7,—,7
960,32,19380829,7.0,—,7,—,7,—,7,—,7,—,7,—,7,—,7,—,7,—,7,—,7
961,32,19380829,12.0,—,7,—,7,—,7,—,7,—,7,—,7,—,7,—,7,—,7,—,7
962,32,19380829,17.0,—,7,—,7,—,7,—,7,—,7,—,7,—,7,—,7,—,7,—,7
963,32,19380829,24.0,—,7,—,7,—,7,—,7,—,7,—,7,—,7,—,7,—,7,—,7
964,32,19380830,7.0,—,7,—,7,—,7,—,7,—,7,—,7,—,7,—,7,—,7,—,7
965,32,19380830,12.0,—,7,—,7,—,7,—,7,—,7,—,7,—,7,—,7,—,7,—,7
966,32,19380830,17.0,—,7,—,7,—,7,—,7,—,7,—,7,—,7,—,7,—,7,—,7
967,32,19380830,24.0,—,7,—,7,—,7,—,7,—,7,—,7,—,7,—,7,—,7,—,7
968,32,19380831,7.0,—,7,—,7,—,7,—,7,—,7,—,7,—,7,—,7,—,7,—,7
969,32,19380831,12.0,—,7,—,7,—,7,—,7,—,7,—,7,—,7,—,7,—,7,—,7
970,32,19380831,17.0,—,7,—,7,—,7,—,7,—,7,—,7,—,7,—,7,—,7,—,7
971,32,19380831,24.0,—,7,—,7,—,7,—,7,—,7,—,7,—,7,—,7,—,7,—,7
972,32,19380901,7.0,—,7,—,7,—,7,—,7,—,7,—,7,—,7,—,7,—,7,—,7
973,32,19380901,12.0,—,7,—,7,—,7,—,7,—,7,—,7,—,7,—,7,—,7,—,7
974,32,19380901,17.0,—,7,—,7,—,7,—,7,—,7,—,7,—,7,—,7,—,7,—,7
975,32,19380901,24.0,—,7,—,7,—,7,—,7,—,7,—,7,—,7,—,7,—,7,—,7
976,32,19380902,7.0,—,7,—,7,—,7,—,7,—,7,—,7,—,7,—,7,—,7,—,7
977,32,19380902,12.0,—,7,—,7,—,7,—,7,—,7,—,7,—,7,—,7,—,7,—,7
978,32,19380902,17.0,—,7,—,7,—,7,—,7,—,7,—,7,—,7,—,7,—,7,—,7
979,32,19380902,24.0,—,7,—,7,—,7,—,7,—,7,—,7,—,7,—,7,—,7,—,7
980,32,19380903,7.0,—,7,—,7,—,7,—,7,—,7,—,7,—,7,—,7,—,7,—,7
981,32,19380903,12.0,—,7,—,7,—,7,—,7,—,7,—,7,—,7,—,7,—,7,—,7
982,32,19380903,17.0,—,7,—,7,—,7,—,7,—,7,—,7,—,7,—,7,—,7,—,7
983,32,19380903,24.0,—,7,—,7,—,7,—,7,—,7,—,7,—,7,—,7,—,7,—,7
984,32,19380904,7.0,—,7,—,7,—,7,—,7,—,7,—,7,—,7,—,7,—,7,—,7
985,32,19380904,12.0,—,7,—,7,—,7,—,7,—,7,—,7,—,7,—,7,—,7,—,7
986,32,19380904,17.0,—,7,—,7,—,7,—,7,—,7,—,7,—,7,—,7,—,7,—,7
987,32,19380904,24.0,—,7,—,7,—,7,—,7,—,7,—,7,—,7,—,7,—,7,—,7
988,32,19380905,7.0,—,7,—,7,—,7,—,7,—,7,—,7,—,7,—,7,—,7,—,7
989,32,19380905,12.0,—,7,—,7,—,7,—,7,—,7,—,7,—,7,—,7,—,7,—,7
990,32,19380905,17.0,—,7,—,7,—,7,—,7,—,7,—,7,—,7,—,7,—,7,—,7
991,32,19380905,24.0,—,7,—,7,—,7,—,7,—,7,—,7,—,7,—,7,—,7,—,7
992,32,19380906,7.0,—,7,—,7,—,7,—,7,—,7,—,7,—,7,—,7,—,7,—,7
993,32,19380906,12.0,—,7,—,7,—,7,—,7,—,7,—,7,—,7,—,7,—,7,—,7
994,32,19380906,17.0,—,7,—,7,—,7,—,7,—,7,—,7,—,7,—,7,—,7,—,7
995,32,19380906,24.0,—,7,—,7,—,7,—,7,—,7,—,7,—,7,—,7,—,7,—,7
996,32,19380907,7.0,—,7,—,7,—,7,—,7,—,7,—,7,—,7,—,7,—,7,—,7
997,32,19380907,12.0,—,7,—,7,—,7,—,7,—,7,—,7,—,7,—,7,—,7,—,7
998,32,19380907,17.0,—,7,—,7,—,7,—,7,—,7,—,7,—,7,—,7,—,7,—,7
999,32,19380907,24.0,—,7,—,7,—,7,—,7,—,7,—,7,—,7,—,7,—,7,—,7
1000,32,19380908,7.0,—,7,—,7,—,7,—,7,—,7,—,7,—,7,—,7,—,7,—,7
1001,32,19380908,12.0,—,7,—,7,—,7,—,7,—,7,—,7,—,7,—,7,—,7,—,7
1002,32,19380908,17.0,—,7,—,7,—,7,—,7,—,7,—,7,—,7,—,7,—,7,—,7
1003,32,19380908,24.0,—,7,—,7,—,7,—,7,—,7,—,7,—,7,—,7,—,7,—,7
1004,32,19380909,7.0,—,7,—,7,—,7,—,7,—,7,—,7,—,7,—,7,—,7,—,7
1005,32,19380909,12.0,—,7,—,7,—,7,—,7,—,7,—,7,—,7,—,7,—,7,—,7
1006,32,19380909,17.0,—,7,—,7,—,7,—,7,—,7,—,7,—,7,—,7,—,7,—,7
1007,32,19380909,24.0,—,7,—,7,—,7,—,7,—,7,—,7,—,7,—,7,—,7,—,7
1008,32,19380910,7.0,—,7,—,7,—,7,—,7,—,7,—,7,—,7,—,7,—,7,—,7
1009,32,19380910,12.0,—,7,—,7,—,7,—,7,—,7,—,7,—,7,—,7,—,7,—,7
1010,32,19380910,17.0,—,7,—,7,—,7,—,7,—,7,—,7,—,7,—,7,—,7,—,7
1011,32,19380910,24.0,—,7,—,7,—,7,—,7,—,7,—,7,—,7,—,7,—,7,—,7
1012,32,19380911,7.0,—,7,—,7,—,7,—,7,—,7,—,7,—,7,—,7,—,7,—,7
1013,32,19380911,12.0,—,7,—,7,—,7,—,7,—,7,—,7,—,7,—,7,—,7,—,7
1014,32,19380911,17.0,—,7,—,7,—,7,—,7,—,7,—,7,—,7,—,7,—,7,—,7
1015,32,19380911,24.0,—,7,—,7,—,7,—,7,—,7,—,7,—,7,—,7,—,7,—,7
1016,32,19380912,7.0,—,7,—,7,—,7,—,7,—,7,—,7,—,7,—,7,—,7,—,7
1017,32,19380912,12.0,—,7,—,7,—,7,—,7,—,7,—,7,—,7,—,7,—,7,—,7
1018,32,19380912,17.0,—,7,—,7,—,7,—,7,—,7,—,7,—,7,—,7,—,7,—,7
1019,32,19380912,24.0,—,7,—,7,—,7,—,7,—,7,—,7,—,7,—,7,—,7,—,7
1020,32,19380913,7.0,—,7,—,7,—,7,—,7,—,7,—,7,—,7,—,7,—,7,—,7
1021,32,19380913,12.0,—,7,—,7,—,7,—,7,—,7,—,7,—,7,—,7,—,7,—,7
1022,32,19380913,17.0,—,7,—,7,—,7,—,7,—,7,—,7,—,7,—,7,—,7,—,7
1023,32,19380913,24.0,—,7,—,7,—,7,—,7,—,7,—,7,—,7,—,7,—,7,—,7
1024,32,19380914,7.0,—,7,—,7,—,7,—,7,—,7,—,7,—,7,—,7,—,7,—,7
1025,32,19380914,12.0,—,7,—,7,—,7,—,7,—,7,—,7,—,7,—,7,—,7,—,7
1026,32,19380914,17.0,—,7,—,7,—,7,—,7,—,7,—,7,—,7,—,7,—,7,—,7
1027,32,19380914,24.0,—,7,—,7,—,7,—,7,—,7,—,7,—,7,—,7,—,7,—,7
1028,32,19380915,7.0,—,7,—,7,—,7,—,7,—,7,—,7,—,7,—,7,—,7,—,7
1029,32,19380915,12.0,—,7,—,7,—,7,—,7,—,7,—,7,—,7,—,7,—,7,—,7
1030,32,19380915,17.0,—,7,—,7,—,7,—,7,—,7,—,7,—,7,—,7,—,7,—,7
1031,32,19380915,24.0,—,7,—,7,—,7,—,7,—,7,—,7,—,7,—,7,—,7,—,7
1032,32,19380916,7.0,—,7,—,7,—,7,—,7,—,7,—,7,—,7,—,7,—,7,—,7
1033,32,19380916,12.0,—,7,—,7,—,7,—,7,—,7,—,7,—,7,—,7,—,7,—,7
1034,32,19380916,17.0,—,7,—,7,—,7,—,7,—,7,—,7,—,7,—,7,—,7,—,7
1035,32,19380916,24.0,—,7,—,7,—,7,—,7,—,7,—,7,—,7,—,7,—,7,—,7
1036,32,19380917,7.0,—,7,—,7,—,7,—,7,—,7,—,7,—,7,—,7,—,7,—,7
1037,32,19380917,12.0,—,7,—,7,—,7,—,7,—,7,—,7,—,7,—,7,—,7,—,7
1038,32,19380917,17.0,—,7,—,7,—,7,—,7,—,7,—,7,—,7,—,7,—,7,—,7
1039,32,19380917,24.0,—,7,—,7,—,7,—,7,—,7,—,7,—,7,—,7,—,7,—,7
1040,32,19380918,7.0,—,7,—,7,—,7,—,7,—,7,—,7,—,7,—,7,—,7,—,7
1041,32,19380918,12.0,—,7,—,7,—,7,—,7,—,7,—,7,—,7,—,7,—,7,—,7
1042,32,19380918,17.0,—,7,—,7,—,7,—,7,—,7,—,7,—,7,—,7,—,7,—,7
1043,32,19380918,24.0,—,7,—,7,—,7,—,7,—,7,—,7,—,7,—,7,—,7,—,7
1044,32,19380919,7.0,—,7,—,7,—,7,—,7,—,7,—,7,—,7,—,7,—,7,—,7
1045,32,19380919,12.0,—,7,—,7,—,7,—,7,—,7,—,7,—,7,—,7,—,7,—,7
1046,32,19380919,17.0,—,7,—,7,—,7,—,7,—,7,—,7,—,7,—,7,—,7,—,7
1047,32,19380919,24.0,—,7,—,7,—,7,—,7,—,7,—,7,—,7,—,7,—,7,—,7
1048,32,19380920,7.0,—,7,—,7,—,7,—,7,—,7,—,7,—,7,—,7,—,7,—,7
1049,32,19380920,12.0,—,7,—,7,—,7,—,7,—,7,—,7,—,7,—,7,—,7,—,7
1050,32,19380920,17.0,—,7,—,7,—,7,—,7,—,7,—,7,—,7,—,7,—,7,—,7
1051,32,19380920,24.0,—,7,—,7,—,7,—,7,—,7,—,7,—,7,—,7,—,7,—,7
1052,32,19380921,7.0,—,7,—,7,—,7,—,7,—,7,—,7,—,7,—,7,—,7,—,7
1053,32,19380921,12.0,—,7,—,7,—,7,—,7,—,7,—,7,—,7,—,7,—,7,—,7
1054,32,19380921,17.0,—,7,—,7,—,7,—,7,—,7,—,7,—,7,—,7,—,7,—,7
1055,32,19380921,24.0,—,7,—,7,—,7,—,7,—,7,—,7,—,7,—,7,—,7,—,7
1056,32,19380922,7.0,—,7,—,7,—,7,—,7,—,7,—,7,—,7,—,7,—,7,—,7
1057,32,19380922,12.0,—,7,—,7,—,7,—,7,—,7,—,7,—,7,—,7,—,7,—,7
1058,32,19380922,17.0,—,7,—,7,—,7,—,7,—,7,—,7,—,7,—,7,—,7,—,7
1059,32,19380922,24.0,—,7,—,7,—,7,—,7,—,7,—,7,—,7,—,7,—,7,—,7
1060,32,19380923,7.0,—,7,—,7,—,7,—,7,—,7,—,7,—,7,—,7,—,7,—,7
1061,32,19380923,12.0,—,7,—,7,—,7,—,7,—,7,—,7,—,7,—,7,—,7,—,7
1062,32,19380923,17.0,—,7,—,7,—,7,—,7,—,7,—,7,—,7,—,7,—,7,—,7
1063,32,19380923,24.0,—,7,—,7,—,7,—,7,—,7,—,7,—,7,—,7,—,7,—,7
1064,32,19380924,7.0,—,7,—,7,—,7,—,7,—,7,—,7,—,7,—,7,—,7,—,7
1065,32,19380924,12.0,—,7,—,7,—,7,—,7,—,7,—,7,—,7,—,7,—,7,—,7
1066,32,19380924,17.0,—,7,—,7,—,7,—,7,—,7,—,7,—,7,—,7,—,7,—,7
1067,32,19380924,24.0,—,7,—,7,—,7,—,7,—,7,—,7,—,7,—,7,—,7,—,7
1068,32,19380925,7.0,—,7,—,7,—,7,—,7,—,7,—,7,—,7,—,7,—,7,—,7
1069,32,19380925,12.0,—,7,—,7,—,7,—,7,—,7,—,7,—,7,—,7,—,7,—,7
1070,32,19380925,17.0,—,7,—,7,—,7,—,7,—,7,—,7,—,7,—,7,—,7,—,7
1071,32,19380925,24.0,—,7,—,7,—,7,—,7,—,7,—,7,—,7,—,7,—,7,—,7
1072,32,19380926,7.0,—,7,—,7,—,7,—,7,—,7,—,7,—,7,—,7,—,7,—,7
1073,32,19380926,12.0,—,7,—,7,—,7,—,7,—,7,—,7,—,7,—,7,—,7,—,7
1074,32,19380926,17.0,—,7,—,7,—,7,—,7,—,7,—,7,—,7,—,7,—,7,—,7
1075,32,19380926,24.0,—,7,—,7,—,7,—,7,—,7,—,7,—,7,—,7,—,7,—,7
1076,32,19380927,7.0,—,7,—,7,—,7,—,7,—,7,—,7,—,7,—,7,—,7,—,7
1077,32,19380927,12.0,—,7,—,7,—,7,—,7,—,7,—,7,—,7,—,7,—,7,—,7
1078,32,19380927,17.0,—,7,—,7,—,7,—,7,—,7,—,7,—,7,—,7,—,7,—,7
1079,32,19380927,24.0,—,7,—,7,—,7,—,7,—,7,—,7,—,7,—,7,—,7,—,7
1080,32,19380928,7.0,—,7,—,7,—,7,—,7,—,7,—,7,—,7,—,7,—,7,—,7
1081,32,19380928,12.0,—,7,—,7,—,7,—,7,—,7,—,7,—,7,—,7,—,7,—,7
1082,32,19380928,17.0,—,7,—,7,—,7,—,7,—,7,—,7,—,7,—,7,—,7,—,7
1083,32,19380928,24.0,—,7,—,7,—,7,—,7,—,7,—,7,—,7,—,7,—,7,—,7
1084,32,19380929,7.0,—,7,—,7,—,7,—,7,—,7,—,7,—,7,—,7,—,7,—,7
1085,32,19380929,12.0,—,7,—,7,—,7,—,7,—,7,—,7,—,7,—,7,—,7,—,7
1086,32,19380929,17.0,—,7,—,7,—,7,—,7,—,7,—,7,—,7,—,7,—,7,—,7
1087,32,19380929,24.0,—,7,—,7,—,7,—,7,—,7,—,7,—,7,—,7,—,7,—,7
1088,32,19380930,7.0,—,7,—,7,—,7,—,7,—,7,—,7,—,7,—,7,—,7,—,7
1089,32,19380930,12.0,—,7,—,7,—,7,—,7,—,7,—,7,—,7,—,7,—,7,—,7
1090,32,19380930,17.0,—,7,—,7,—,7,—,7,—,7,—,7,—,7,—,7,—,7,—,7
1091,32,19380930,24.0,—,7,—,7,—,7,—,7,—,7,—,7,—,7,—,7,—,7,—,7
1092,32,19381001,7.0,—,7,—,7,—,7,—,7,—,7,—,7,—,7,—,7,—,7,—,7
1093,32,19381001,12.0,—,7,—,7,—,7,—,7,—,7,—,7,—,7,—,7,—,7,—,7
1094,32,19381001,17.0,—,7,—,7,—,7,—,7,—,7,—,7,—,7,—,7,—,7,—,7
1095,32,19381001,24.0,—,7,—,7,—,7,—,7,—,7,—,7,—,7,—,7,—,7,—,7
1096,32,19381002,7.0,—,7,—,7,—,7,—,7,—,7,—,7,—,7,—,7,—,7,—,7
1097,32,19381002,12.0,—,7,—,7,—,7,—,7,—,7,—,7,—,7,—,7,—,7,—,7
1098,32,19381002,17.0,—,7,—,7,—,7,—,7,—,7,—,7,—,7,—,7,—,7,—,7
1099,32,19381002,24.0,—,7,—,7,—,7,—,7,—,7,—,7,—,7,—,7,—,7,—,7
1100,32,19381003,7.0,—,7,—,7,—,7,—,7,—,7,—,7,—,7,—,7,—,7,—,7
1101,32,19381003,12.0,—,7,—,7,—,7,—,7,—,7,—,7,—,7,—,7,—,7,—,7
1102,32,19381003,17.0,—,7,—,7,—,7,—,7,—,7,—,7,—,7,—,7,—,7,—,7
1103,32,19381003,24.0,—,7,—,7,—,7,—,7,—,7,—,7,—,7,—,7,—,7,—,7
1104,32,19381004,7.0,—,7,—,7,—,7,—,7,—,7,—,7,—,7,—,7,—,7,—,7
1105,32,19381004,12.0,—,7,—,7,—,7,—,7,—,7,—,7,—,7,—,7,—,7,—,7
1106,32,19381004,17.0,—,7,—,7,—,7,—,7,—,7,—,7,—,7,—,7,—,7,—,7
1107,32,19381004,24.0,—,7,—,7,—,7,—,7,—,7,—,7,—,7,—,7,—,7,—,7
1108,32,19381005,7.0,—,7,—,7,—,7,—,7,—,7,—,7,—,7,—,7,—,7,—,7
1109,32,19381005,12.0,—,7,—,7,—,7,—,7,—,7,—,7,—,7,—,7,—,7,—,7
1110,32,19381005,17.0,—,7,—,7,—,7,—,7,—,7,—,7,—,7,—,7,—,7,—,7
1111,32,19381005,24.0,—,7,—,7,—,7,—,7,—,7,—,7,—,7,—,7,—,7,—,7
1112,32,19381006,7.0,—,7,—,7,—,7,—,7,—,7,—,7,—,7,—,7,—,7,—,7
1113,32,19381006,12.0,—,7,—,7,—,7,—,7,—,7,—,7,—,7,—,7,—,7,—,7
1114,32,19381006,17.0,—,7,—,7,—,7,—,7,—,7,—,7,—,7,—,7,—,7,—,7
1115,32,19381006,24.0,—,7,—,7,—,7,—,7,—,7,—,7,—,7,—,7,—,7,—,7
1116,32,19381007,7.0,—,7,—,7,—,7,—,7,—,7,—,7,—,7,—,7,—,7,—,7
1117,32,19381007,12.0,—,7,—,7,—,7,—,7,—,7,—,7,—,7,—,7,—,7,—,7
1118,32,19381007,17.0,—,7,—,7,—,7,—,7,—,7,—,7,—,7,—,7,—,7,—,7
1119,32,19381007,24.0,—,7,—,7,—,7,—,7,—,7,—,7,—,7,—,7,—,7,—,7
1120,32,19381008,7.0,—,7,—,7,—,7,—,7,—,7,—,7,—,7,—,7,—,7,—,7
1121,32,19381008,12.0,—,7,—,7,—,7,—,7,—,7,—,7,—,7,—,7,—,7,—,7
1122,32,19381008,17.0,—,7,—,7,—,7,—,7,—,7,—,7,—,7,—,7,—,7,—,7
1123,32,19381008,24.0,—,7,—,7,—,7,—,7,—,7,—,7,—,7,—,7,—,7,—,7
1124,32,19381009,7.0,—,7,—,7,—,7,—,7,—,7,—,7,—,7,—,7,—,7,—,7
1125,32,19381009,12.0,—,7,—,7,—,7,—,7,—,7,—,7,—,7,—,7,—,7,—,7
1126,32,19381009,17.0,—,7,—,7,—,7,—,7,—,7,—,7,—,7,—,7,—,7,—,7
1127,32,19381009,24.0,—,7,—,7,—,7,—,7,—,7,—,7,—,7,—,7,—,7,—,7
1128,32,19381010,7.0,—,7,—,7,—,7,—,7,—,7,—,7,—,7,—,7,—,7,—,7
1129,32,19381010,12.0,—,7,—,7,—,7,—,7,—,7,—,7,—,7,—,7,—,7,—,7
1130,32,19381010,17.0,—,7,—,7,—,7,—,7,—,7,—,7,—,7,—,7,—,7,—,7
1131,32,19381010,24.0,—,7,—,7,—,7,—,7,—,7,—,7,—,7,—,7,—,7,—,7
1132,32,19381011,7.0,—,7,—,7,—,7,—,7,—,7,—,7,—,7,—,7,—,7,—,7
1133,32,19381011,12.0,—,7,—,7,—,7,—,7,—,7,—,7,—,7,—,7,—,7,—,7
1134,32,19381011,17.0,—,7,—,7,—,7,—,7,—,7,—,7,—,7,—,7,—,7,—,7
1135,32,19381011,24.0,—,7,—,7,—,7,—,7,—,7,—,7,—,7,—,7,—,7,—,7
1136,32,19381012,7.0,—,7,—,7,—,7,—,7,—,7,—,7,—,7,—,7,—,7,—,7
1137,32,19381012,12.0,—,7,—,7,—,7,—,7,—,7,—,7,—,7,—,7,—,7,—,7
1138,32,19381012,17.0,—,7,—,7,—,7,—,7,—,7,—,7,—,7,—,7,—,7,—,7
1139,32,19381012,24.0,—,7,—,7,—,7,—,7,—,7,—,7,—,7,—,7,—,7,—,7
1140,32,19381013,7.0,—,7,—,7,—,7,—,7,—,7,—,7,—,7,—,7,—,7,—,7
1141,32,19381013,12.0,—,7,—,7,—,7,—,7,—,7,—,7,—,7,—,7,—,7,—,7
1142,32,19381013,17.0,—,7,—,7,—,7,—,7,—,7,—,7,—,7,—,7,—,7,—,7
1143,32,19381013,24.0,—,7,—,7,—,7,—,7,—,7,—,7,—,7,—,7,—,7,—,7
1144,32,19381014,7.0,—,7,—,7,—,7,—,7,—,7,—,7,—,7,—,7,—,7,—,7
1145,32,19381014,12.0,—,7,—,7,—,7,—,7,—,7,—,7,—,7,—,7,—,7,—,7
1146,32,19381014,17.0,—,7,—,7,—,7,—,7,—,7,—,7,—,7,—,7,—,7,—,7
1147,32,19381014,24.0,—,7,—,7,—,7,—,7,—,7,—,7,—,7,—,7,—,7,—,7
1148,32,19381015,7.0,—,7,—,7,—,7,—,7,—,7,—,7,—,7,—,7,—,7,—,7
1149,32,19381015,12.0,—,7,—,7,—,7,—,7,—,7,—,7,—,7,—,7,—,7,—,7
1150,32,19381015,17.0,—,7,—,7,—,7,—,7,—,7,—,7,—,7,—,7,—,7,—,7
1151,32,19381015,24.0,—,7,—,7,—,7,—,7,—,7,—,7,—,7,—,7,—,7,—,7
1152,32,19381016,7.0,—,7,—,7,—,7,—,7,—,7,—,7,—,7,—,7,—,7,—,7
1153,32,19381016,12.0,—,7,—,7,—,7,—,7,—,7,—,7,—,7,—,7,—,7,—,7
1154,32,19381016,17.0,—,7,—,7,—,7,—,7,—,7,—,7,—,7,—,7,—,7,—,7
1155,32,19381016,24.0,—,7,—,7,—,7,—,7,—,7,—,7,—,7,—,7,—,7,—,7
1156,32,19381017,7.0,—,7,—,7,—,7,—,7,—,7,—,7,—,7,—,7,—,7,—,7
1157,32,19381017,12.0,—,7,—,7,—,7,—,7,—,7,—,7,—,7,—,7,—,7,—,7
1158,32,19381017,17.0,—,7,—,7,—,7,—,7,—,7,—,7,—,7,—,7,—,7,—,7
1159,32,19381017,24.0,—,7,—,7,—,7,—,7,—,7,—,7,—,7,—,7,—,7,—,7
1160,32,19381018,7.0,—,7,—,7,—,7,—,7,—,7,—,7,—,7,—,7,—,7,—,7
1161,32,19381018,12.0,—,7,—,7,—,7,—,7,—,7,—,7,—,7,—,7,—,7,—,7
1162,32,19381018,17.0,—,7,—,7,—,7,—,7,—,7,—,7,—,7,—,7,—,7,—,7
1163,32,19381018,24.0,—,7,—,7,—,7,—,7,—,7,—,7,—,7,—,7,—,7,—,7
1164,32,19381019,7.0,—,7,—,7,—,7,—,7,—,7,—,7,—,7,—,7,—,7,—,7
1165,32,19381019,12.0,—,7,—,7,—,7,—,7,—,7,—,7,—,7,—,7,—,7,—,7
1166,32,19381019,17.0,—,7,—,7,—,7,—,7,—,7,—,7,—,7,—,7,—,7,—,7
1167,32,19381019,24.0,—,7,—,7,—,7,—,7,—,7,—,7,—,7,—,7,—,7,—,7
1168,32,19381020,7.0,—,7,—,7,—,7,—,7,—,7,—,7,—,7,—,7,—,7,—,7
1169,32,19381020,12.0,—,7,—,7,—,7,—,7,—,7,—,7,—,7,—,7,—,7,—,7
1170,32,19381020,17.0,—,7,—,7,—,7,—,7,—,7,—,7,—,7,—,7,—,7,—,7
1171,32,19381020,24.0,—,7,—,7,—,7,—,7,—,7,—,7,—,7,—,7,—,7,—,7
1172,32,19381021,7.0,—,7,—,7,—,7,—,7,—,7,—,7,—,7,—,7,—,7,—,7
1173,32,19381021,12.0,—,7,—,7,—,7,—,7,—,7,—,7,—,7,—,7,—,7,—,7
1174,32,19381021,17.0,—,7,—,7,—,7,—,7,—,7,—,7,—,7,—,7,—,7,—,7
1175,32,19381021,24.0,—,7,—,7,—,7,—,7,—,7,—,7,—,7,—,7,—,7,—,7
1176,32,19381022,7.0,—,7,—,7,—,7,—,7,—,7,—,7,—,7,—,7,—,7,—,7
1177,32,19381022,12.0,—,7,—,7,—,7,—,7,—,7,—,7,—,7,—,7,—,7,—,7
1178,32,19381022,17.0,—,7,—,7,—,7,—,7,—,7,—,7,—,7,—,7,—,7,—,7
1179,32,19381022,24.0,—,7,—,7,—,7,—,7,—,7,—,7,—,7,—,7,—,7,—,7
1180,32,19381023,7.0,—,7,—,7,—,7,—,7,—,7,—,7,—,7,—,7,—,7,—,7
1181,32,19381023,12.0,—,7,—,7,—,7,—,7,—,7,—,7,—,7,—,7,—,7,—,7
1182,32,19381023,17.0,—,7,—,7,—,7,—,7,—,7,—,7,—,7,—,7,—,7,—,7
1183,32,19381023,24.0,—,7,—,7,—,7,—,7,—,7,—,7,—,7,—,7,—,7,—,7
1184,32,19381024,7.0,—,7,—,7,—,7,—,7,—,7,—,7,—,7,—,7,—,7,—,7
1185,32,19381024,12.0,—,7,—,7,—,7,—,7,—,7,—,7,—,7,—,7,—,7,—,7
1186,32,19381024,17.0,—,7,—,7,—,7,—,7,—,7,—,7,—,7,—,7,—,7,—,7
1187,32,19381024,24.0,—,7,—,7,—,7,—,7,—,7,—,7,—,7,—,7,—,7,—,7
1188,32,19381025,7.0,—,7,—,7,—,7,—,7,—,7,—,7,—,7,—,7,—,7,—,7
1189,32,19381025,12.0,—,7,—,7,—,7,—,7,—,7,—,7,—,7,—,7,—,7,—,7
1190,32,19381025,17.0,—,7,—,7,—,7,—,7,—,7,—,7,—,7,—,7,—,7,—,7
1191,32,19381025,24.0,—,7,—,7,—,7,—,7,—,7,—,7,—,7,—,7,—,7,—,7
1192,32,19381026,7.0,—,7,—,7,—,7,—,7,—,7,—,7,—,7,—,7,—,7,—,7
1193,32,19381026,12.0,—,7,—,7,—,7,—,7,—,7,—,7,—,7,—,7,—,7,—,7
1194,32,19381026,17.0,—,7,—,7,—,7,—,7,—,7,—,7,—,7,—,7,—,7,—,7
1195,32,19381026,24.0,—,7,—,7,—,7,—,7,—,7,—,7,—,7,—,7,—,7,—,7
1196,32,19381027,7.0,—,7,—,7,—,7,—,7,—,7,—,7,—,7,—,7,—,7,—,7
1197,32,19381027,12.0,—,7,—,7,—,7,—,7,—,7,—,7,—,7,—,7,—,7,—,7
1198,32,19381027,17.0,—,7,—,7,—,7,—,7,—,7,—,7,—,7,—,7,—,7,—,7
1199,32,19381027,24.0,—,7,—,7,—,7,—,7,—,7,—,7,—,7,—,7,—,7,—,7
1200,32,19381028,7.0,—,7,—,7,—,7,—,7,—,7,—,7,—,7,—,7,—,7,—,7
1201,32,19381028,12.0,—,7,—,7,—,7,—,7,—,7,—,7,—,7,—,7,—,7,—,7
1202,32,19381028,17.0,—,7,—,7,—,7,—,7,—,7,—,7,—,7,—,7,—,7,—,7
1203,32,19381028,24.0,—,7,—,7,—,7,—,7,—,7,—,7,—,7,—,7,—,7,—,7
1204,32,19381029,7.0,—,7,—,7,—,7,—,7,—,7,—,7,—,7,—,7,—,7,—,7
1205,32,19381029,12.0,—,7,—,7,—,7,—,7,—,7,—,7,—,7,—,7,—,7,—,7
1206,32,19381029,17.0,—,7,—,7,—,7,—,7,—,7,—,7,—,7,—,7,—,7,—,7
1207,32,19381029,24.0,—,7,—,7,—,7,—,7,—,7,—,7,—,7,—,7,—,7,—,7
1208,32,19381030,7.0,—,7,—,7,—,7,—,7,—,7,—,7,—,7,—,7,—,7,—,7
1209,32,19381030,12.0,—,7,—,7,—,7,—,7,—,7,—,7,—,7,—,7,—,7,—,7
1210,32,19381030,17.0,—,7,—,7,—,7,—,7,—,7,—,7,—,7,—,7,—,7,—,7
1211,32,19381030,24.0,—,7,—,7,—,7,—,7,—,7,—,7,—,7,—,7,—,7,—,7
1212,32,19381031,7.0,—,7,—,7,—,7,—,7,—,7,—,7,—,7,—,7,—,7,—,7
1213,32,19381031,12.0,—,7,—,7,—,7,—,7,—,7,—,7,—,7,—,7,—,7,—,7
1214,32,19381031,17.0,—,7,—,7,—,7,—,7,—,7,—,7,—,7,—,7,—,7,—,7
1215,32,19381031,24.0,—,7,—,7,—,7,—,7,—,7,—,7,—,7,—,7,—,7,—,7
1216,32,19381101,7.0,—,7,—,7,—,7,—,7,—,7,—,7,—,7,—,7,—,7,—,7
1217,32,19381101,12.0,—,7,—,7,—,7,—,7,—,7,—,7,—,7,—,7,—,7,—,7
1218,32,19381101,17.0,—,7,—,7,—,7,—,7,—,7,—,7,—,7,—,7,—,7,—,7
1219,32,19381101,24.0,—,7,—,7,—,7,—,7,—,7,—,7,—,7,—,7,—,7,—,7
1220,32,19381102,7.0,—,7,—,7,—,7,—,7,—,7,—,7,—,7,—,7,—,7,—,7
1221,32,19381102,12.0,—,7,—,7,—,7,—,7,—,7,—,7,—,7,—,7,—,7,—,7
1222,32,19381102,17.0,—,7,—,7,—,7,—,7,—,7,—,7,—,7,—,7,—,7,—,7
1223,32,19381102,24.0,—,7,—,7,—,7,—,7,—,7,—,7,—,7,—,7,—,7,—,7
1224,32,19381103,7.0,—,7,—,7,—,7,—,7,—,7,—,7,—,7,—,7,—,7,—,7
1225,32,19381103,12.0,—,7,—,7,—,7,—,7,—,7,—,7,—,7,—,7,—,7,—,7
1226,32,19381103,17.0,—,7,—,7,—,7,—,7,—,7,—,7,—,7,—,7,—,7,—,7
1227,32,19381103,24.0,—,7,—,7,—,7,—,7,—,7,—,7,—,7,—,7,—,7,—,7
1228,32,19381104,7.0,—,7,—,7,—,7,—,7,—,7,—,7,—,7,—,7,—,7,—,7
1229,32,19381104,12.0,—,7,—,7,—,7,—,7,—,7,—,7,—,7,—,7,—,7,—,7
1230,32,19381104,17.0,—,7,—,7,—,7,—,7,—,7,—,7,—,7,—,7,—,7,—,7
1231,32,19381104,24.0,—,7,—,7,—,7,—,7,—,7,—,7,—,7,—,7,—,7,—,7
1232,32,19381105,7.0,—,7,—,7,—,7,—,7,—,7,—,7,—,7,—,7,—,7,—,7
1233,32,19381105,12.0,—,7,—,7,—,7,—,7,—,7,—,7,—,7,—,7,—,7,—,7
1234,32,19381105,17.0,—,7,—,7,—,7,—,7,—,7,—,7,—,7,—,7,—,7,—,7
1235,32,19381105,24.0,—,7,—,7,—,7,—,7,—,7,—,7,—,7,—,7,—,7,—,7
1236,32,19381106,7.0,—,7,—,7,—,7,—,7,—,7,—,7,—,7,—,7,—,7,—,7
1237,32,19381106,12.0,—,7,—,7,—,7,—,7,—,7,—,7,—,7,—,7,—,7,—,7
1238,32,19381106,17.0,—,7,—,7,—,7,—,7,—,7,—,7,—,7,—,7,—,7,—,7
1239,32,19381106,24.0,—,7,—,7,—,7,—,7,—,7,—,7,—,7,—,7,—,7,—,7
1240,32,19381107,7.0,—,7,—,7,—,7,—,7,—,7,—,7,—,7,—,7,—,7,—,7
1241,32,19381107,12.0,—,7,—,7,—,7,—,7,—,7,—,7,—,7,—,7,—,7,—,7
1242,32,19381107,17.0,—,7,—,7,—,7,—,7,—,7,—,7,—,7,—,7,—,7,—,7
1243,32,19381107,24.0,—,7,—,7,—,7,—,7,—,7,—,7,—,7,—,7,—,7,—,7
1244,32,19381108,7.0,—,7,—,7,—,7,—,7,—,7,—,7,—,7,—,7,—,7,—,7
1245,32,19381108,12.0,—,7,—,7,—,7,—,7,—,7,—,7,—,7,—,7,—,7,—,7
1246,32,19381108,17.0,—,7,—,7,—,7,—,7,—,7,—,7,—,7,—,7,—,7,—,7
1247,32,19381108,24.0,—,7,—,7,—,7,—,7,—,7,—,7,—,7,—,7,—,7,—,7
1248,32,19381109,7.0,—,7,—,7,—,7,—,7,—,7,—,7,—,7,—,7,—,7,—,7
1249,32,19381109,12.0,—,7,—,7,—,7,—,7,—,7,—,7,—,7,—,7,—,7,—,7
1250,32,19381109,17.0,—,7,—,7,—,7,—,7,—,7,—,7,—,7,—,7,—,7,—,7
1251,32,19381109,24.0,—,7,—,7,—,7,—,7,—,7,—,7,—,7,—,7,—,7,—,7
1252,32,19381110,7.0,—,7,—,7,—,7,—,7,—,7,—,7,—,7,—,7,—,7,—,7
1253,32,19381110,12.0,—,7,—,7,—,7,—,7,—,7,—,7,—,7,—,7,—,7,—,7
1254,32,19381110,17.0,—,7,—,7,—,7,—,7,—,7,—,7,—,7,—,7,—,7,—,7
1255,32,19381110,24.0,—,7,—,7,—,7,—,7,—,7,—,7,—,7,—,7,—,7,—,7
1256,32,19381111,7.0,—,7,—,7,—,7,—,7,—,7,—,7,—,7,—,7,—,7,—,7
1257,32,19381111,12.0,—,7,—,7,—,7,—,7,—,7,—,7,—,7,—,7,—,7,—,7
1258,32,19381111,17.0,—,7,—,7,—,7,—,7,—,7,—,7,—,7,—,7,—,7,—,7
1259,32,19381111,24.0,—,7,—,7,—,7,—,7,—,7,—,7,—,7,—,7,—,7,—,7
1260,32,19381112,7.0,—,7,—,7,—,7,—,7,—,7,—,7,—,7,—,7,—,7,—,7
1261,32,19381112,12.0,—,7,—,7,—,7,—,7,—,7,—,7,—,7,—,7,—,7,—,7
1262,32,19381112,17.0,—,7,—,7,—,7,—,7,—,7,—,7,—,7,—,7,—,7,—,7
1263,32,19381112,24.0,—,7,—,7,—,7,—,7,—,7,—,7,—,7,—,7,—,7,—,7
1264,32,19381113,7.0,—,7,—,7,—,7,—,7,—,7,—,7,—,7,—,7,—,7,—,7
1265,32,19381113,12.0,—,7,—,7,—,7,—,7,—,7,—,7,—,7,—,7,—,7,—,7
1266,32,19381113,17.0,—,7,—,7,—,7,—,7,—,7,—,7,—,7,—,7,—,7,—,7
1267,32,19381113,24.0,—,7,—,7,—,7,—,7,—,7,—,7,—,7,—,7,—,7,—,7
1268,32,19381114,7.0,—,7,—,7,—,7,—,7,—,7,—,7,—,7,—,7,—,7,—,7
1269,32,19381114,12.0,—,7,—,7,—,7,—,7,—,7,—,7,—,7,—,7,—,7,—,7
1270,32,19381114,17.0,—,7,—,7,—,7,—,7,—,7,—,7,—,7,—,7,—,7,—,7
1271,32,19381114,24.0,—,7,—,7,—,7,—,7,—,7,—,7,—,7,—,7,—,7,—,7
1272,32,19381115,7.0,—,7,—,7,—,7,—,7,—,7,—,7,—,7,—,7,—,7,—,7
1273,32,19381115,12.0,—,7,—,7,—,7,—,7,—,7,—,7,—,7,—,7,—,7,—,7
1274,32,19381115,17.0,—,7,—,7,—,7,—,7,—,7,—,7,—,7,—,7,—,7,—,7
1275,32,19381115,24.0,—,7,—,7,—,7,—,7,—,7,—,7,—,7,—,7,—,7,—,7
1276,32,19381116,7.0,—,7,—,7,—,7,—,7,—,7,—,7,—,7,—,7,—,7,—,7
1277,32,19381116,12.0,—,7,—,7,—,7,—,7,—,7,—,7,—,7,—,7,—,7,—,7
1278,32,19381116,17.0,—,7,—,7,—,7,—,7,—,7,—,7,—,7,—,7,—,7,—,7
1279,32,19381116,24.0,—,7,—,7,—,7,—,7,—,7,—,7,—,7,—,7,—,7,—,7
1280,32,19381117,7.0,—,7,—,7,—,7,—,7,—,7,—,7,—,7,—,7,—,7,—,7
1281,32,19381117,12.0,—,7,—,7,—,7,—,7,—,7,—,7,—,7,—,7,—,7,—,7
1282,32,19381117,17.0,—,7,—,7,—,7,—,7,—,7,—,7,—,7,—,7,—,7,—,7
1283,32,19381117,24.0,—,7,—,7,—,7,—,7,—,7,—,7,—,7,—,7,—,7,—,7
1284,32,19381118,7.0,—,7,—,7,—,7,—,7,—,7,—,7,—,7,—,7,—,7,—,7
1285,32,19381118,12.0,—,7,—,7,—,7,—,7,—,7,—,7,—,7,—,7,—,7,—,7
1286,32,19381118,17.0,—,7,—,7,—,7,—,7,—,7,—,7,—,7,—,7,—,7,—,7
1287,32,19381118,24.0,—,7,—,7,—,7,—,7,—,7,—,7,—,7,—,7,—,7,—,7
1288,32,19381119,7.0,—,7,—,7,—,7,—,7,—,7,—,7,—,7,—,7,—,7,—,7
1289,32,19381119,12.0,—,7,—,7,—,7,—,7,—,7,—,7,—,7,—,7,—,7,—,7
1290,32,19381119,17.0,—,7,—,7,—,7,—,7,—,7,—,7,—,7,—,7,—,7,—,7
1291,32,19381119,24.0,—,7,—,7,—,7,—,7,—,7,—,7,—,7,—,7,—,7,—,7
1292,32,19381120,7.0,—,7,—,7,—,7,—,7,—,7,—,7,—,7,—,7,—,7,—,7
1293,32,19381120,12.0,—,7,—,7,—,7,—,7,—,7,—,7,—,7,—,7,—,7,—,7
1294,32,19381120,17.0,—,7,—,7,—,7,—,7,—,7,—,7,—,7,—,7,—,7,—,7
1295,32,19381120,24.0,—,7,—,7,—,7,—,7,—,7,—,7,—,7,—,7,—,7,—,7
1296,32,19381121,7.0,—,7,—,7,—,7,—,7,—,7,—,7,—,7,—,7,—,7,—,7
1297,32,19381121,12.0,—,7,—,7,—,7,—,7,—,7,—,7,—,7,—,7,—,7,—,7
1298,32,19381121,17.0,—,7,—,7,—,7,—,7,—,7,—,7,—,7,—,7,—,7,—,7
1299,32,19381121,24.0,—,7,—,7,—,7,—,7,—,7,—,7,—,7,—,7,—,7,—,7
1300,32,19381122,7.0,—,7,—,7,—,7,—,7,—,7,—,7,—,7,—,7,—,7,—,7
1301,32,19381122,12.0,—,7,—,7,—,7,—,7,—,7,—,7,—,7,—,7,—,7,—,7
1302,32,19381122,17.0,—,7,—,7,—,7,—,7,—,7,—,7,—,7,—,7,—,7,—,7
1303,32,19381122,24.0,—,7,—,7,—,7,—,7,—,7,—,7,—,7,—,7,—,7,—,7
1304,32,19381123,7.0,—,7,—,7,—,7,—,7,—,7,—,7,—,7,—,7,—,7,—,7
1305,32,19381123,12.0,—,7,—,7,—,7,—,7,—,7,—,7,—,7,—,7,—,7,—,7
1306,32,19381123,17.0,—,7,—,7,—,7,—,7,—,7,—,7,—,7,—,7,—,7,—,7
1307,32,19381123,24.0,—,7,—,7,—,7,—,7,—,7,—,7,—,7,—,7,—,7,—,7
1308,32,19381124,7.0,—,7,—,7,—,7,—,7,—,7,—,7,—,7,—,7,—,7,—,7
1309,32,19381124,12.0,—,7,—,7,—,7,—,7,—,7,—,7,—,7,—,7,—,7,—,7
1310,32,19381124,17.0,—,7,—,7,—,7,—,7,—,7,—,7,—,7,—,7,—,7,—,7
1311,32,19381124,24.0,—,7,—,7,—,7,—,7,—,7,—,7,—,7,—,7,—,7,—,7
1312,32,19381125,7.0,—,7,—,7,—,7,—,7,—,7,—,7,—,7,—,7,—,7,—,7
1313,32,19381125,12.0,—,7,—,7,—,7,—,7,—,7,—,7,—,7,—,7,—,7,—,7
1314,32,19381125,17.0,—,7,—,7,—,7,—,7,—,7,—,7,—,7,—,7,—,7,—,7
1315,32,19381125,24.0,—,7,—,7,—,7,—,7,—,7,—,7,—,7,—,7,—,7,—,7
1316,32,19381126,7.0,—,7,—,7,—,7,—,7,—,7,—,7,—,7,—,7,—,7,—,7
1317,32,19381126,12.0,—,7,—,7,—,7,—,7,—,7,—,7,—,7,—,7,—,7,—,7
1318,32,19381126,17.0,—,7,—,7,—,7,—,7,—,7,—,7,—,7,—,7,—,7,—,7
1319,32,19381126,24.0,—,7,—,7,—,7,—,7,—,7,—,7,—,7,—,7,—,7,—,7
1320,32,19381127,7.0,—,7,—,7,—,7,—,7,—,7,—,7,—,7,—,7,—,7,—,7
1321,32,19381127,12.0,—,7,—,7,—,7,—,7,—,7,—,7,—,7,—,7,—,7,—,7
1322,32,19381127,17.0,—,7,—,7,—,7,—,7,—,7,—,7,—,7,—,7,—,7,—,7
1323,32,19381127,24.0,—,7,—,7,—,7,—,7,—,7,—,7,—,7,—,7,—,7,—,7
1324,32,19381128,7.0,—,7,—,7,—,7,—,7,—,7,—,7,—,7,—,7,—,7,—,7
1325,32,19381128,12.0,—,7,—,7,—,7,—,7,—,7,—,7,—,7,—,7,—,7,—,7
1326,32,19381128,17.0,—,7,—,7,—,7,—,7,—,7,—,7,—,7,—,7,—,7,—,7
1327,32,19381128,24.0,—,7,—,7,—,7,—,7,—,7,—,7,—,7,—,7,—,7,—,7
1328,32,19381129,7.0,—,7,—,7,—,7,—,7,—,7,—,7,—,7,—,7,—,7,—,7
1329,32,19381129,12.0,—,7,—,7,—,7,—,7,—,7,—,7,—,7,—,7,—,7,—,7
1330,32,19381129,17.0,—,7,—,7,—,7,—,7,—,7,—,7,—,7,—,7,—,7,—,7
1331,32,19381129,24.0,—,7,—,7,—,7,—,7,—,7,—,7,—,7,—,7,—,7,—,7
1332,32,19381130,7.0,—,7,—,7,—,7,—,7,—,7,—,7,—,7,—,7,—,7,—,7
1333,32,19381130,12.0,—,7,—,7,—,7,—,7,—,7,—,7,—,7,—,7,—,7,—,7
1334,32,19381130,17.0,—,7,—,7,—,7,—,7,—,7,—,7,—,7,—,7,—,7,—,7
1335,32,19381130,24.0,—,7,—,7,—,7,—,7,—,7,—,7,—,7,—,7,—,7,—,7
1336,32,19381201,7.0,—,7,—,7,—,7,—,7,—,7,—,7,—,7,—,7,—,7,—,7
1337,32,19381201,12.0,—,7,—,7,—,7,—,7,—,7,—,7,—,7,—,7,—,7,—,7
1338,32,19381201,17.0,—,7,—,7,—,7,—,7,—,7,—,7,—,7,—,7,—,7,—,7
1339,32,19381201,24.0,—,7,—,7,—,7,—,7,—,7,—,7,—,7,—,7,—,7,—,7
1340,32,19381202,7.0,—,7,—,7,—,7,—,7,—,7,—,7,—,7,—,7,—,7,—,7
1341,32,19381202,12.0,—,7,—,7,—,7,—,7,—,7,—,7,—,7,—,7,—,7,—,7
1342,32,19381202,17.0,—,7,—,7,—,7,—,7,—,7,—,7,—,7,—,7,—,7,—,7
1343,32,19381202,24.0,—,7,—,7,—,7,—,7,—,7,—,7,—,7,—,7,—,7,—,7
1344,32,19381203,7.0,—,7,—,7,—,7,—,7,—,7,—,7,—,7,—,7,—,7,—,7
1345,32,19381203,12.0,—,7,—,7,—,7,—,7,—,7,—,7,—,7,—,7,—,7,—,7
1346,32,19381203,17.0,—,7,—,7,—,7,—,7,—,7,—,7,—,7,—,7,—,7,—,7
1347,32,19381203,24.0,—,7,—,7,—,7,—,7,—,7,—,7,—,7,—,7,—,7,—,7
1348,32,19381204,7.0,—,7,—,7,—,7,—,7,—,7,—,7,—,7,—,7,—,7,—,7
1349,32,19381204,12.0,—,7,—,7,—,7,—,7,—,7,—,7,—,7,—,7,—,7,—,7
1350,32,19381204,17.0,—,7,—,7,—,7,—,7,—,7,—,7,—,7,—,7,—,7,—,7
1351,32,19381204,24.0,—,7,—,7,—,7,—,7,—,7,—,7,—,7,—,7,—,7,—,7
1352,32,19381205,7.0,—,7,—,7,—,7,—,7,—,7,—,7,—,7,—,7,—,7,—,7
1353,32,19381205,12.0,—,7,—,7,—,7,—,7,—,7,—,7,—,7,—,7,—,7,—,7
1354,32,19381205,17.0,—,7,—,7,—,7,—,7,—,7,—,7,—,7,—,7,—,7,—,7
1355,32,19381205,24.0,—,7,—,7,—,7,—,7,—,7,—,7,—,7,—,7,—,7,—,7
1356,32,19381206,7.0,—,7,—,7,—,7,—,7,—,7,—,7,—,7,—,7,—,7,—,7
1357,32,19381206,12.0,—,7,—,7,—,7,—,7,—,7,—,7,—,7,—,7,—,7,—,7
1358,32,19381206,17.0,—,7,—,7,—,7,—,7,—,7,—,7,—,7,—,7,—,7,—,7
1359,32,19381206,24.0,—,7,—,7,—,7,—,7,—,7,—,7,—,7,—,7,—,7,—,7
1360,32,19381207,7.0,—,7,—,7,—,7,—,7,—,7,—,7,—,7,—,7,—,7,—,7
1361,32,19381207,12.0,—,7,—,7,—,7,—,7,—,7,—,7,—,7,—,7,—,7,—,7
1362,32,19381207,17.0,—,7,—,7,—,7,—,7,—,7,—,7,—,7,—,7,—,7,—,7
1363,32,19381207,24.0,—,7,—,7,—,7,—,7,—,7,—,7,—,7,—,7,—,7,—,7
1364,32,19381208,7.0,—,7,—,7,—,7,—,7,—,7,—,7,—,7,—,7,—,7,—,7
1365,32,19381208,12.0,—,7,—,7,—,7,—,7,—,7,—,7,—,7,—,7,—,7,—,7
1366,32,19381208,17.0,—,7,—,7,—,7,—,7,—,7,—,7,—,7,—,7,—,7,—,7
1367,32,19381208,24.0,—,7,—,7,—,7,—,7,—,7,—,7,—,7,—,7,—,7,—,7
1368,32,19381209,7.0,—,7,—,7,—,7,—,7,—,7,—,7,—,7,—,7,—,7,—,7
1369,32,19381209,12.0,—,7,—,7,—,7,—,7,—,7,—,7,—,7,—,7,—,7,—,7
1370,32,19381209,17.0,—,7,—,7,—,7,—,7,—,7,—,7,—,7,—,7,—,7,—,7
1371,32,19381209,24.0,—,7,—,7,—,7,—,7,—,7,—,7,—,7,—,7,—,7,—,7
1372,32,19381210,7.0,—,7,—,7,—,7,—,7,—,7,—,7,—,7,—,7,—,7,—,7
1373,32,19381210,12.0,—,7,—,7,—,7,—,7,—,7,—,7,—,7,—,7,—,7,—,7
1374,32,19381210,17.0,—,7,—,7,—,7,—,7,—,7,—,7,—,7,—,7,—,7,—,7
1375,32,19381210,24.0,—,7,—,7,—,7,—,7,—,7,—,7,—,7,—,7,—,7,—,7
1376,32,19381211,7.0,—,7,—,7,—,7,—,7,—,7,—,7,—,7,—,7,—,7,—,7
1377,32,19381211,12.0,—,7,—,7,—,7,—,7,—,7,—,7,—,7,—,7,—,7,—,7
1378,32,19381211,17.0,—,7,—,7,—,7,—,7,—,7,—,7,—,7,—,7,—,7,—,7
1379,32,19381211,24.0,—,7,—,7,—,7,—,7,—,7,—,7,—,7,—,7,—,7,—,7
1380,32,19381212,7.0,—,7,—,7,—,7,—,7,—,7,—,7,—,7,—,7,—,7,—,7
1381,32,19381212,12.0,—,7,—,7,—,7,—,7,—,7,—,7,—,7,—,7,—,7,—,7
1382,32,19381212,17.0,—,7,—,7,—,7,—,7,—,7,—,7,—,7,—,7,—,7,—,7
1383,32,19381212,24.0,—,7,—,7,—,7,—,7,—,7,—,7,—,7,—,7,—,7,—,7
1384,32,19381213,7.0,—,7,—,7,—,7,—,7,—,7,—,7,—,7,—,7,—,7,—,7
1385,32,19381213,12.0,—,7,—,7,—,7,—,7,—,7,—,7,—,7,—,7,—,7,—,7
1386,32,19381213,17.0,—,7,—,7,—,7,—,7,—,7,—,7,—,7,—,7,—,7,—,7
1387,32,19381213,24.0,—,7,—,7,—,7,—,7,—,7,—,7,—,7,—,7,—,7,—,7
1388,32,19381214,7.0,—,7,—,7,—,7,—,7,—,7,—,7,—,7,—,7,—,7,—,7
1389,32,19381214,12.0,—,7,—,7,—,7,—,7,—,7,—,7,—,7,—,7,—,7,—,7
1390,32,19381214,17.0,—,7,—,7,—,7,—,7,—,7,—,7,—,7,—,7,—,7,—,7
1391,32,19381214,24.0,—,7,—,7,—,7,—,7,—,7,—,7,—,7,—,7,—,7,—,7
1392,32,19381215,7.0,—,7,—,7,—,7,—,7,—,7,—,7,—,7,—,7,—,7,—,7
1393,32,19381215,12.0,—,7,—,7,—,7,—,7,—,7,—,7,—,7,—,7,—,7,—,7
1394,32,19381215,17.0,—,7,—,7,—,7,—,7,—,7,—,7,—,7,—,7,—,7,—,7
1395,32,19381215,24.0,—,7,—,7,—,7,—,7,—,7,—,7,—,7,—,7,—,7,—,7
1396,32,19381216,7.0,—,7,—,7,—,7,—,7,—,7,—,7,—,7,—,7,—,7,—,7
1397,32,19381216,12.0,—,7,—,7,—,7,—,7,—,7,—,7,—,7,—,7,—,7,—,7
1398,32,19381216,17.0,—,7,—,7,—,7,—,7,—,7,—,7,—,7,—,7,—,7,—,7
1399,32,19381216,24.0,—,7,—,7,—,7,—,7,—,7,—,7,—,7,—,7,—,7,—,7
1400,32,19381217,7.0,—,7,—,7,—,7,—,7,—,7,—,7,—,7,—,7,—,7,—,7
1401,32,19381217,12.0,—,7,—,7,—,7,—,7,—,7,—,7,—,7,—,7,—,7,—,7
1402,32,19381217,17.0,—,7,—,7,—,7,—,7,—,7,—,7,—,7,—,7,—,7,—,7
1403,32,19381217,24.0,—,7,—,7,—,7,—,7,—,7,—,7,—,7,—,7,—,7,—,7
1404,32,19381218,7.0,—,7,—,7,—,7,—,7,—,7,—,7,—,7,—,7,—,7,—,7
1405,32,19381218,12.0,—,7,—,7,—,7,—,7,—,7,—,7,—,7,—,7,—,7,—,7
1406,32,19381218,17.0,—,7,—,7,—,7,—,7,—,7,—,7,—,7,—,7,—,7,—,7
1407,32,19381218,24.0,—,7,—,7,—,7,—,7,—,7,—,7,—,7,—,7,—,7,—,7
1408,32,19381219,7.0,—,7,—,7,—,7,—,7,—,7,—,7,—,7,—,7,—,7,—,7
1409,32,19381219,12.0,—,7,—,7,—,7,—,7,—,7,—,7,—,7,—,7,—,7,—,7
1410,32,19381219,17.0,—,7,—,7,—,7,—,7,—,7,—,7,—,7,—,7,—,7,—,7
1411,32,19381219,24.0,—,7,—,7,—,7,—,7,—,7,—,7,—,7,—,7,—,7,—,7
1412,32,19381220,7.0,—,7,—,7,—,7,—,7,—,7,—,7,—,7,—,7,—,7,—,7
1413,32,19381220,12.0,—,7,—,7,—,7,—,7,—,7,—,7,—,7,—,7,—,7,—,7
1414,32,19381220,17.0,—,7,—,7,—,7,—,7,—,7,—,7,—,7,—,7,—,7,—,7
1415,32,19381220,24.0,—,7,—,7,—,7,—,7,—,7,—,7,—,7,—,7,—,7,—,7
1416,32,19381221,7.0,—,7,—,7,—,7,—,7,—,7,—,7,—,7,—,7,—,7,—,7
1417,32,19381221,12.0,—,7,—,7,—,7,—,7,—,7,—,7,—,7,—,7,—,7,—,7
1418,32,19381221,17.0,—,7,—,7,—,7,—,7,—,7,—,7,—,7,—,7,—,7,—,7
1419,32,19381221,24.0,—,7,—,7,—,7,—,7,—,7,—,7,—,7,—,7,—,7,—,7
1420,32,19381222,7.0,—,7,—,7,—,7,—,7,—,7,—,7,—,7,—,7,—,7,—,7
1421,32,19381222,12.0,—,7,—,7,—,7,—,7,—,7,—,7,—,7,—,7,—,7,—,7
1422,32,19381222,17.0,—,7,—,7,—,7,—,7,—,7,—,7,—,7,—,7,—,7,—,7
1423,32,19381222,24.0,—,7,—,7,—,7,—,7,—,7,—,7,—,7,—,7,—,7,—,7
1424,32,19381223,7.0,—,7,—,7,—,7,—,7,—,7,—,7,—,7,—,7,—,7,—,7
1425,32,19381223,12.0,—,7,—,7,—,7,—,7,—,7,—,7,—,7,—,7,—,7,—,7
1426,32,19381223,17.0,—,7,—,7,—,7,—,7,—,7,—,7,—,7,—,7,—,7,—,7
1427,32,19381223,24.0,—,7,—,7,—,7,—,7,—,7,—,7,—,7,—,7,—,7,—,7
1428,32,19381224,7.0,—,7,—,7,—,7,—,7,—,7,—,7,—,7,—,7,—,7,—,7
1429,32,19381224,12.0,—,7,—,7,—,7,—,7,—,7,—,7,—,7,—,7,—,7,—,7
1430,32,19381224,17.0,—,7,—,7,—,7,—,7,—,7,—,7,—,7,—,7,—,7,—,7
1431,32,19381224,24.0,—,7,—,7,—,7,—,7,—,7,—,7,—,7,—,7,—,7,—,7
1432,32,19381225,7.0,—,7,—,7,—,7,—,7,—,7,—,7,—,7,—,7,—,7,—,7
1433,32,19381225,12.0,—,7,—,7,—,7,—,7,—,7,—,7,—,7,—,7,—,7,—,7
1434,32,19381225,17.0,—,7,—,7,—,7,—,7,—,7,—,7,—,7,—,7,—,7,—,7
1435,32,19381225,24.0,—,7,—,7,—,7,—,7,—,7,—,7,—,7,—,7,—,7,—,7
1436,32,19381226,7.0,—,7,—,7,—,7,—,7,—,7,—,7,—,7,—,7,—,7,—,7
1437,32,19381226,12.0,—,7,—,7,—,7,—,7,—,7,—,7,—,7,—,7,—,7,—,7
1438,32,19381226,17.0,—,7,—,7,—,7,—,7,—,7,—,7,—,7,—,7,—,7,—,7
1439,32,19381226,24.0,—,7,—,7,—,7,—,7,—,7,—,7,—,7,—,7,—,7,—,7
1440,32,19381227,7.0,—,7,—,7,—,7,—,7,—,7,—,7,—,7,—,7,—,7,—,7
1441,32,19381227,12.0,—,7,—,7,—,7,—,7,—,7,—,7,—,7,—,7,—,7,—,7
1442,32,19381227,17.0,—,7,—,7,—,7,—,7,—,7,—,7,—,7,—,7,—,7,—,7
1443,32,19381227,24.0,—,7,—,7,—,7,—,7,—,7,—,7,—,7,—,7,—,7,—,7
1444,32,19381228,7.0,—,7,—,7,—,7,—,7,—,7,—,7,—,7,—,7,—,7,—,7
1445,32,19381228,12.0,—,7,—,7,—,7,—,7,—,7,—,7,—,7,—,7,—,7,—,7
1446,32,19381228,17.0,—,7,—,7,—,7,—,7,—,7,—,7,—,7,—,7,—,7,—,7
1447,32,19381228,24.0,—,7,—,7,—,7,—,7,—,7,—,7,—,7,—,7,—,7,—,7
1448,32,19381229,7.0,—,7,—,7,—,7,—,7,—,7,—,7,—,7,—,7,—,7,—,7
1449,32,19381229,12.0,—,7,—,7,—,7,—,7,—,7,—,7,—,7,—,7,—,7,—,7
1450,32,19381229,17.0,—,7,—,7,—,7,—,7,—,7,—,7,—,7,—,7,—,7,—,7
1451,32,19381229,24.0,—,7,—,7,—,7,—,7,—,7,—,7,—,7,—,7,—,7,—,7
1452,32,19381230,7.0,—,7,—,7,—,7,—,7,—,7,—,7,—,7,—,7,—,7,—,7
1453,32,19381230,12.0,—,7,—,7,—,7,—,7,—,7,—,7,—,7,—,7,—,7,—,7
1454,32,19381230,17.0,—,7,—,7,—,7,—,7,—,7,—,7,—,7,—,7,—,7,—,7
1455,32,19381230,24.0,—,7,—,7,—,7,—,7,—,7,—,7,—,7,—,7,—,7,—,7
1456,32,19381231,7.0,—,7,—,7,—,7,—,7,—,7,—,7,—,7,—,7,—,7,—,7
1457,32,19381231,12.0,—,7,—,7,—,7,—,7,—,7,—,7,—,7,—,7,—,7,—,7
1458,32,19381231,17.0,—,7,—,7,—,7,—,7,—,7,—,7,—,7,—,7,—,7,—,7
1459,32,19381231,24.0,—,7,—,7,—,7,—,7,—,7,—,7,—,7,—,7,—,7,—,7
