,81201 Paramaribo,luchtdruk (in mm Hg),luchtdruk (in mm Hg),luchtdruk (in mm Hg),temperatuur (oC),temperatuur (oC),temperatuur (oC),temperatuur (oC),temperatuur (oC),dampdrukking (in mm Hg),dampdrukking (in mm Hg),dampdrukking (in mm Hg),relatieve vochtigheid,relatieve vochtigheid,relatieve vochtigheid,windrichting en -kracht (in Beaufort: 0-12),windrichting en -kracht (in Beaufort: 0-12),windrichting en -kracht (in Beaufort: 0-12),windrichting en -kracht (in Beaufort: 0-12),windrichting en -kracht (in Beaufort: 0-12),windrichting en -kracht (in Beaufort: 0-12),bewolking (0-10),bewolking (0-10),bewolking (0-10),regen,regen,ijtlmjn
,Unnamed: 0_level_1,PT 8,PT 14,PT 18,TT 8,TT 14,TT 18,Max,Min,dampdruk 8,dampdruk 14,dampdruk 18,RH 8,RH 14,RH 18,DD 8,FF 8,DD 14,FF 14,DD 18,FF 18,8,14,18,Rd 8,Rd 8.1,Unnamed: 26_level_1
0,19430101.0,609.0,596.0,595.0,252.0,,264.0,308.0,226.0,224.0,,231.0,94.0,,90.0,E,1.0,,0.0,E,2.0,1.0,,4.0,95.0,,
1,19430102.0,615.0,598.0,601.0,259.0,298.0,267.0,307.0,235.0,220.0,226.0,235.0,89.0,73.0,90.0,E,1.0,ESE,1.0,Calm,0.0,3.0,8.0,5.0,121.0,,
2,19430103.0,616.0,599.0,596.0,255.0,277.0,258.0,313.0,238.0,230.0,223.0,211.0,95.0,80.0,85.0,Calm,0.0,ENE,1.0,ENE,1.0,2.0,10.0,5.0,250.0,,
3,19430104.0,614.0,598.0,600.0,247.0,269.0,245.0,304.0,234.0,219.0,202.0,213.0,95.0,77.0,93.0,E,1.0,E,2.0,E,1.0,10.0,9.0,10.0,150.0,,
4,19430105.0,619.0,614.0,603.0,282.0,275.0,258.0,287.0,216.0,228.0,218.0,209.0,80.0,80.0,85.0,Calm,0.0,N,1.0,Calm,0.0,9.0,9.0,2.0,2.0,,
5,19430106.0,603.0,602.0,594.0,249.0,290.0,263.0,286.0,225.0,222.0,221.0,208.0,95.0,74.0,82.0,E,1.0,E,1.0,ENE,1.0,5.0,5.0,8.0,0.0,,
6,19430107.0,608.0,608.0,594.0,252.0,257.0,254.0,314.0,232.0,222.0,231.0,227.0,93.0,94.0,94.0,SE,1.0,Calm,0.0,Calm,0.0,3.0,9.0,9.0,25.0,,
7,19430108.0,618.0,599.0,597.0,249.0,291.0,260.0,314.0,229.0,203.0,235.0,213.0,87.0,79.0,85.0,E,1.0,NNE,0.0,NE,1.0,9.0,8.0,10.0,256.0,,
8,19430109.0,618.0,594.0,593.0,246.0,289.0,262.0,309.0,234.0,222.0,224.0,220.0,97.0,76.0,87.0,Calm,0.0,NE,1.0,Calm,0.0,7.0,8.0,10.0,72.0,,
9,19430110.0,607.0,590.0,589.0,244.0,292.0,246.0,303.0,236.0,219.0,216.0,212.0,97.0,71.0,92.0,E,1.0,Calm,1.0,SE,1.0,9.0,7.0,9.0,162.0,,
10,19430111.0,604.0,587.0,590.0,241.0,256.0,249.0,300.0,229.0,215.0,216.0,218.0,97.0,89.0,93.0,Calm,0.0,ESE,0.0,Calm,0.0,10.0,10.0,10.0,81.0,,
11,19430112.0,602.0,597.0,593.0,247.0,281.0,251.0,264.0,230.0,221.0,231.0,227.0,96.0,82.0,96.0,Calm,0.0,NE,0.0,Calm,0.0,1.0,9.0,9.0,214.0,,
12,19430113.0,612.0,597.0,598.0,246.0,275.0,267.0,304.0,229.0,214.0,241.0,205.0,93.0,88.0,79.0,E,1.0,E,1.0,E,2.0,10.0,9.0,8.0,113.0,,
13,19430114.0,614.0,600.0,602.0,247.0,262.0,252.0,310.0,231.0,216.0,232.0,211.0,93.0,92.0,88.0,NE,1.0,E,1.0,E,2.0,9.0,9.0,9.0,185.0,,
14,19430115.0,612.0,600.0,596.0,239.0,266.0,258.0,288.0,225.0,211.0,220.0,215.0,96.0,85.0,87.0,Calm,0.0,E,1.0,ENE,1.0,9.0,9.0,10.0,65.0,,
15,19430116.0,618.0,608.0,598.0,260.0,295.0,257.0,275.0,233.0,221.0,218.0,206.0,89.0,70.0,84.0,NE,2.0,ENE,1.0,ENE,1.0,1.0,3.0,2.0,38.0,,
16,19430117.0,615.0,604.0,601.0,241.0,296.0,260.0,302.0,224.0,212.0,183.0,196.0,95.0,60.0,79.0,E,1.0,ENE,1.0,NE,1.0,1.0,1.0,1.0,23.0,,
17,19430118.0,612.0,598.0,596.0,241.0,291.0,265.0,307.0,216.0,208.0,194.0,203.0,93.0,65.0,79.0,E,1.0,ENE,3.0,NE,1.0,1.0,7.0,1.0,0.0,,
18,19430119.0,605.0,599.0,598.0,243.0,299.0,272.0,304.0,224.0,216.0,199.0,200.0,96.0,63.0,74.0,Calm,0.0,ENE,3.0,NE,1.0,9.0,5.0,6.0,3.0,,
19,19430120.0,615.0,595.0,593.0,259.0,281.0,251.0,307.0,233.0,222.0,227.0,217.0,90.0,80.0,92.0,NE,1.0,ENE,1.0,Calm,0.0,7.0,8.0,9.0,2.0,,
20,19430121.0,609.0,604.0,604.0,243.0,274.0,238.0,307.0,225.0,205.0,233.0,210.0,91.0,86.0,96.0,ESE,1.0,Calm,3.0,Calm,0.0,9.0,9.0,10.0,12.0,,
21,19430122.0,615.0,603.0,606.0,231.0,291.0,256.0,282.0,222.0,199.0,194.0,204.0,95.0,65.0,84.0,Calm,0.0,E,1.0,ENE,1.0,9.0,9.0,3.0,152.0,,
22,19430123.0,624.0,609.0,604.0,244.0,301.0,262.0,300.0,220.0,214.0,224.0,220.0,94.0,70.0,87.0,SE,1.0,ENE,0.0,NNE,1.0,1.0,4.0,9.0,0.0,,
23,19430124.0,619.0,608.0,594.0,254.0,260.0,255.0,314.0,230.0,223.0,229.0,222.0,93.0,92.0,92.0,E,1.0,ENE,0.0,ENE,1.0,3.0,10.0,9.0,4.0,,
24,19430125.0,617.0,605.0,605.0,242.0,269.0,243.0,308.0,229.0,217.0,236.0,220.0,97.0,90.0,97.0,Calm,0.0,Calm,1.0,Calm,0.0,9.0,9.0,10.0,100.0,,
25,19430126.0,623.0,603.0,605.0,232.0,266.0,256.0,308.0,229.0,204.0,226.0,228.0,96.0,87.0,93.0,Calm,0.0,Calm,2.0,Calm,0.0,10.0,9.0,9.0,181.0,,
26,19430127.0,628.0,620.0,616.0,247.0,257.0,253.0,299.0,231.0,214.0,211.0,214.0,92.0,86.0,90.0,E,1.0,ENE,1.0,NE,1.0,9.0,9.0,9.0,55.0,,
27,19430128.0,620.0,610.0,607.0,245.0,286.0,244.0,288.0,220.0,219.0,203.0,206.0,96.0,69.0,91.0,E,1.0,ENE,2.0,ENE,1.0,8.0,9.0,5.0,22.0,,
28,19430129.0,625.0,611.0,604.0,238.0,294.0,258.0,296.0,223.0,208.0,181.0,188.0,95.0,59.0,76.0,Calm,0.0,ENE,2.0,ENE,1.0,7.0,1.0,2.0,27.0,,
29,19430130.0,617.0,607.0,596.0,245.0,248.0,256.0,303.0,230.0,217.0,211.0,218.0,95.0,91.0,90.0,Calm,0.0,ENE,1.0,E,1.0,9.0,10.0,9.0,28.0,,
30,19430131.0,617.0,601.0,600.0,243.0,275.0,254.0,267.0,233.0,216.0,232.0,213.0,96.0,85.0,89.0,E,1.0,Calm,0.0,SE,1.0,9.0,9.0,8.0,72.0,,
31,,761.4516129032259,760.2064516129033,759.8967741935484,24.719354838709677,27.869999999999997,25.593548387096774,29.929032258064517,22.809677419354838,21.616129032258065,21.79,21.35483870967742,93.54838709677419,78.6,87.70967741935483,,0.6451612903225806,,1.064516129032258,,0.7741935483870968,6.419354838709677,7.7,7.096774193548387,251.0,,
32,19430201.0,617.0,604.0,603.0,243.0,267.0,261.0,304.0,229.0,214.0,213.0,229.0,95.0,82.0,91.0,NE,1.0,ENE,1.0,NE,1.0,7.0,9.0,9.0,59.0,,
33,19430202.0,612.0,600.0,596.0,241.0,255.0,256.0,307.0,226.0,212.0,215.0,220.0,95.0,89.0,90.0,E,1.0,ENE,1.0,ENE,1.0,9.0,10.0,7.0,58.0,,
34,19430203.0,615.0,601.0,593.0,252.0,306.0,264.0,278.0,231.0,207.0,209.0,192.0,87.0,64.0,75.0,E,1.0,ENE,2.0,ENE,1.0,5.0,5.0,4.0,268.0,,
35,19430204.0,610.0,598.0,594.0,243.0,280.0,261.0,314.0,224.0,214.0,221.0,219.0,95.0,79.0,87.0,E,1.0,ENE,2.0,Calm,0.0,9.0,8.0,8.0,0.0,,
36,19430205.0,606.0,596.0,591.0,250.0,281.0,260.0,302.0,236.0,223.0,204.0,209.0,95.0,72.0,84.0,Calm,0.0,ENE,1.0,NE,1.0,9.0,9.0,3.0,124.0,,
37,19430206.0,606.0,596.0,589.0,238.0,290.0,263.0,299.0,224.0,213.0,205.0,202.0,97.0,69.0,79.0,N,1.0,ENE,1.0,ENE,2.0,9.0,9.0,4.0,6.0,,
38,19430207.0,611.0,601.0,594.0,244.0,305.0,264.0,303.0,220.0,214.0,210.0,197.0,94.0,65.0,77.0,Calm,0.0,ENE,1.0,NNE,1.0,7.0,4.0,4.0,1.0,,
39,19430208.0,601.0,596.0,597.0,239.0,261.0,235.0,308.0,219.0,213.0,233.0,210.0,97.0,93.0,97.0,Calm,0.0,Calm,0.0,N,1.0,9.0,10.0,9.0,0.0,,
40,19430209.0,607.0,597.0,590.0,239.0,260.0,247.0,267.0,216.0,205.0,233.0,217.0,93.0,93.0,94.0,Calm,0.0,NNW,1.0,N,1.0,5.0,9.0,9.0,399.0,,
41,19430210.0,614.0,601.0,599.0,231.0,252.0,244.0,293.0,225.0,203.0,220.0,217.0,96.0,93.0,96.0,Calm,0.0,E,1.0,Calm,0.0,10.0,9.0,9.0,115.0,,
42,19430211.0,618.0,606.0,606.0,241.0,285.0,260.0,284.0,225.0,217.0,228.0,209.0,97.0,79.0,84.0,Calm,0.0,ENE,2.0,ENE,1.0,5.0,9.0,10.0,175.0,,
43,19430212.0,623.0,614.0,606.0,248.0,281.0,259.0,302.0,220.0,215.0,196.0,210.0,92.0,70.0,85.0,NE,1.0,ENE,2.0,ENE,1.0,5.0,8.0,9.0,1.0,,
44,19430213.0,620.0,612.0,614.0,249.0,259.0,251.0,299.0,227.0,218.0,216.0,215.0,93.0,87.0,91.0,Calm,0.0,E,1.0,NE,1.0,8.0,10.0,9.0,1.0,,
45,19430214.0,627.0,618.0,614.0,240.0,275.0,249.0,299.0,227.0,220.0,228.0,203.0,99.0,84.0,87.0,Calm,0.0,ENE,1.0,ENE,2.0,7.0,9.0,6.0,85.0,,
46,19430215.0,625.0,610.0,621.0,250.0,295.0,264.0,304.0,238.0,223.0,218.0,207.0,95.0,70.0,81.0,SE,1.0,ENE,2.0,ENE,1.0,9.0,3.0,2.0,206.0,,
47,19430216.0,628.0,622.0,619.0,250.0,300.0,262.0,304.0,229.0,214.0,199.0,197.0,91.0,63.0,78.0,E,1.0,ENE,1.0,ENE,1.0,8.0,2.0,1.0,14.0,,
48,19430217.0,627.0,618.0,616.0,248.0,302.0,256.0,313.0,221.0,209.0,203.0,193.0,90.0,64.0,79.0,Calm,0.0,ENE,1.0,NE,1.0,1.0,4.0,1.0,3.0,,
49,19430218.0,617.0,608.0,603.0,262.0,297.0,264.0,310.0,236.0,210.0,212.0,201.0,83.0,68.0,79.0,ENE,1.0,ENE,3.0,E,2.0,1.0,5.0,8.0,0.0,,
50,19430219.0,618.0,613.0,604.0,251.0,303.0,264.0,307.0,223.0,213.0,217.0,201.0,90.0,67.0,79.0,E,1.0,ENE,1.0,NE,1.0,2.0,4.0,2.0,3.0,,
51,19430220.0,620.0,613.0,605.0,251.0,289.0,263.0,312.0,222.0,217.0,203.0,202.0,92.0,69.0,79.0,E,1.0,ENE,1.0,NE,2.0,3.0,9.0,7.0,7.0,,
52,19430221.0,620.0,607.0,603.0,257.0,250.0,238.0,304.0,241.0,225.0,220.0,204.0,92.0,93.0,93.0,NE,1.0,SW,1.0,NE,1.0,9.0,10.0,10.0,0.0,,
53,19430222.0,623.0,616.0,613.0,236.0,265.0,246.0,272.0,224.0,209.0,214.0,205.0,96.0,83.0,89.0,Calm,0.0,NE,2.0,NE,1.0,9.0,9.0,9.0,527.0,,
54,19430223.0,621.0,608.0,605.0,239.0,287.0,261.0,276.0,224.0,213.0,235.0,215.0,97.0,80.0,85.0,ENE,1.0,ENE,2.0,NE,1.0,10.0,8.0,6.0,1.0,,
55,19430224.0,625.0,612.0,612.0,243.0,292.0,237.0,294.0,228.0,216.0,226.0,199.0,96.0,75.0,91.0,E,1.0,E,2.0,NE,1.0,9.0,9.0,10.0,75.0,,
56,19430225.0,626.0,619.0,616.0,241.0,293.0,259.0,302.0,226.0,212.0,213.0,204.0,95.0,70.0,82.0,Calm,0.0,NE,2.0,NE,2.0,8.0,4.0,7.0,29.0,,
57,19430226.0,625.0,617.0,609.0,254.0,290.0,261.0,303.0,229.0,217.0,205.0,203.0,90.0,69.0,81.0,E,1.0,ENE,3.0,NE,1.0,4.0,9.0,7.0,7.0,,
58,19430227.0,613.0,603.0,601.0,261.0,272.0,237.0,307.0,233.0,223.0,226.0,214.0,89.0,84.0,98.0,NE,1.0,ENE,1.0,Calm,0.0,7.0,9.0,10.0,0.0,,
59,19430228.0,608.0,598.0,594.0,241.0,299.0,266.0,290.0,226.0,217.0,219.0,216.0,97.0,70.0,83.0,Calm,0.0,ENE,3.0,NE,1.0,9.0,6.0,8.0,280.0,,
60,,761.725,760.7285714285714,760.3821428571429,24.57857142857143,28.182142857142857,25.54285714285714,29.84642857142857,22.675,21.45,21.575,20.75,93.5,76.57142857142857,85.5,,0.5714285714285714,,1.5,,1.0714285714285714,6.892857142857143,7.464285714285714,6.714285714285714,244.4,,
61,19430301.0,613.0,604.0,598.0,259.0,296.0,263.0,306.0,239.0,224.0,209.0,202.0,90.0,67.0,79.0,NE,1.0,NE,3.0,NE,1.0,7.0,7.0,1.0,2.0,,
62,19430302.0,616.0,607.0,601.0,261.0,289.0,262.0,311.0,242.0,223.0,215.0,200.0,89.0,73.0,79.0,NE,1.0,ENE,3.0,NE,1.0,8.0,9.0,8.0,0.0,,
63,19430303.0,614.0,606.0,599.0,256.0,253.0,256.0,307.0,239.0,218.0,218.0,208.0,90.0,91.0,85.0,ENE,1.0,E,1.0,NE,1.0,9.0,10.0,9.0,0.0,,
64,19430304.0,617.0,604.0,601.0,250.0,279.0,256.0,274.0,235.0,218.0,196.0,199.0,93.0,70.0,82.0,Calm,0.0,NE,2.0,NE,1.0,9.0,9.0,7.0,41.0,,
65,19430305.0,613.0,597.0,597.0,250.0,293.0,258.0,289.0,222.0,218.0,189.0,188.0,93.0,92.0,76.0,Calm,0.0,ENE,3.0,E,1.0,9.0,6.0,1.0,0.0,,
66,19430306.0,608.0,606.0,598.0,259.0,245.0,236.0,309.0,217.0,210.0,215.0,209.0,85.0,94.0,96.0,N,1.0,Calm,0.0,Calm,0.0,2.0,10.0,10.0,0.0,,
67,19430307.0,607.0,601.0,594.0,235.0,240.0,244.0,308.0,218.0,202.0,210.0,215.0,94.0,95.0,95.0,Calm,0.0,ENE,3.0,Calm,0.0,10.0,10.0,10.0,375.0,,
68,19430308.0,613.0,598.0,596.0,251.0,297.0,261.0,285.0,229.0,229.0,227.0,213.0,97.0,73.0,85.0,Calm,0.0,ENE,1.0,E,1.0,9.0,4.0,9.0,198.0,,
69,19430309.0,608.0,604.0,589.0,254.0,301.0,262.0,306.0,230.0,217.0,206.0,202.0,90.0,65.0,80.0,NE,1.0,NE,1.0,ENE,1.0,4.0,4.0,6.0,0.0,,
70,19430310.0,610.0,604.0,599.0,236.0,269.0,256.0,308.0,231.0,203.0,214.0,195.0,94.0,81.0,80.0,E,1.0,ENE,3.0,NE,2.0,9.0,9.0,3.0,9.0,,
71,19430311.0,607.0,599.0,593.0,251.0,281.0,252.0,294.0,226.0,209.0,191.0,190.0,88.0,68.0,80.0,ENE,1.0,ENE,2.0,NE,1.0,7.0,9.0,5.0,0.0,,
72,19430312.0,603.0,590.0,587.0,236.0,272.0,254.0,300.0,229.0,209.0,222.0,213.0,96.0,83.0,89.0,Calm,0.0,ENE,1.0,NE,1.0,10.0,9.0,9.0,244.0,,
73,19430313.0,608.0,611.0,613.0,231.0,236.0,226.0,299.0,226.0,203.0,207.0,198.0,96.0,96.0,97.0,ENE,1.0,Calm,0.0,Calm,0.0,10.0,10.0,10.0,485.0,,
74,19430314.0,631.0,623.0,620.0,225.0,286.0,247.0,246.0,211.0,193.0,199.0,193.0,95.0,68.0,83.0,ENE,1.0,E,1.0,ENE,1.0,10.0,9.0,9.0,399.0,,
75,19430315.0,618.0,603.0,600.0,237.0,270.0,254.0,294.0,221.0,205.0,217.0,217.0,94.0,82.0,90.0,Calm,0.0,NE,1.0,E,1.0,4.0,9.0,9.0,0.0,,
76,19430316.0,612.0,611.0,595.0,241.0,275.0,257.0,290.0,229.0,217.0,214.0,206.0,97.0,79.0,84.0,Calm,0.0,ENE,1.0,NE,1.0,10.0,9.0,10.0,337.0,,
77,19430317.0,616.0,605.0,608.0,240.0,253.0,231.0,288.0,229.0,212.0,218.0,199.0,96.0,91.0,95.0,Calm,0.0,Calm,0.0,ENE,1.0,9.0,10.0,10.0,128.0,,
78,19430318.0,628.0,619.0,609.0,233.0,264.0,236.0,259.0,220.0,205.0,201.0,209.0,96.0,79.0,96.0,E,1.0,NE,1.0,Calm,0.0,10.0,9.0,10.0,204.0,,
79,19430319.0,623.0,616.0,604.0,230.0,265.0,236.0,282.0,221.0,190.0,220.0,192.0,91.0,85.0,89.0,E,1.0,ENE,1.0,ENE,2.0,10.0,9.0,10.0,97.0,,
80,19430320.0,613.0,600.0,595.0,251.0,284.0,255.0,275.0,224.0,200.0,193.0,197.0,84.0,67.0,82.0,NE,1.0,ENE,3.0,NE,1.0,9.0,9.0,8.0,30.0,,
81,19430321.0,617.0,,600.0,226.0,,231.0,299.0,212.0,200.0,,195.0,98.0,,93.0,Calm,0.0,ENE,1.0,NE,1.0,10.0,10.0,10.0,280.0,,
82,19430322.0,617.0,607.0,607.0,244.0,286.0,246.0,249.0,219.0,204.0,217.0,207.0,90.0,75.0,91.0,Calm,0.0,NNE,3.0,NE,1.0,10.0,7.0,8.0,556.0,,
83,19430323.0,615.0,602.0,599.0,239.0,263.0,258.0,294.0,229.0,215.0,227.0,221.0,97.0,89.0,90.0,Calm,0.0,Calm,0.0,Calm,0.0,9.0,9.0,10.0,50.0,,
84,19430324.0,608.0,603.0,596.0,241.0,263.0,256.0,289.0,226.0,215.0,240.0,218.0,97.0,94.0,90.0,Calm,0.0,Calm,0.0,NE,1.0,9.0,9.0,9.0,15.0,,
85,19430325.0,614.0,606.0,596.0,244.0,247.0,257.0,296.0,224.0,219.0,214.0,213.0,97.0,92.0,87.0,SE,1.0,E,2.0,Calm,0.0,5.0,10.0,9.0,67.0,,
86,19430326.0,623.0,605.0,603.0,241.0,278.0,247.0,275.0,226.0,219.0,212.0,219.0,98.0,77.0,95.0,Calm,0.0,ENE,3.0,E,1.0,10.0,9.0,10.0,504.0,,
87,19430327.0,610.0,596.0,597.0,238.0,297.0,263.0,285.0,217.0,200.0,212.0,212.0,91.0,68.0,83.0,Calm,0.0,ENE,2.0,ENE,1.0,4.0,6.0,3.0,61.0,,
88,19430328.0,615.0,599.0,592.0,251.0,303.0,263.0,306.0,216.0,213.0,203.0,204.0,90.0,63.0,80.0,E,1.0,E,2.0,E,1.0,1.0,4.0,1.0,0.0,,
89,19430329.0,627.0,608.0,600.0,254.0,302.0,261.0,303.0,216.0,219.0,213.0,205.0,91.0,67.0,82.0,E,1.0,ENE,3.0,ENE,1.0,5.0,2.0,2.0,0.0,,
90,19430330.0,613.0,601.0,591.0,255.0,296.0,265.0,309.0,221.0,222.0,221.0,208.0,92.0,72.0,81.0,E,1.0,NE,2.0,ENE,2.0,1.0,7.0,7.0,0.0,,
91,19430331.0,606.0,601.0,592.0,253.0,261.0,261.0,309.0,233.0,224.0,209.0,199.0,83.0,83.0,79.0,ENE,1.0,ENE,1.0,NE,1.0,9.0,9.0,1.0,3.0,,
92,,761.4290322580645,760.4533333333334,759.9,24.425806451612903,27.48,25.193548387096776,29.174193548387098,22.506451612903227,21.14516129032258,21.163333333333334,20.470967741935485,92.64516129032258,79.3,86.2258064516129,,0.5483870967741935,,1.6129032258064515,,0.9032258064516129,7.67741935483871,8.129032258064516,7.225806451612903,408.5,,
93,19430401.0,613.0,603.0,601.0,250.0,307.0,261.0,298.0,215.0,198.0,165.0,184.0,84.0,50.0,73.0,NE,1.0,NE,3.0,E,1.0,7.0,1.0,6.0,32.0,,
94,19430402.0,620.0,610.0,607.0,245.0,302.0,266.0,317.0,206.0,203.0,182.0,196.0,89.0,57.0,76.0,E,1.0,NE,2.0,NE,1.0,2.0,2.0,3.0,0.0,,
95,19430403.0,624.0,612.0,610.0,254.0,299.0,269.0,317.0,206.0,217.0,219.0,208.0,90.0,70.0,79.0,NE,1.0,NE,3.0,E,1.0,4.0,8.0,7.0,13.0,,
96,19430404.0,626.0,617.0,611.0,238.0,264.0,265.0,315.0,228.0,217.0,221.0,220.0,99.0,86.0,85.0,Calm,0.0,Calm,0.0,ENE,1.0,9.0,9.0,9.0,1.0,,
97,19430405.0,625.0,612.0,602.0,253.0,303.0,264.0,315.0,225.0,216.0,207.0,207.0,90.0,64.0,81.0,NE,1.0,ENE,3.0,NE,1.0,1.0,5.0,6.0,334.0,,
98,19430406.0,613.0,605.0,600.0,256.0,311.0,264.0,316.0,221.0,206.0,180.0,196.0,85.0,54.0,77.0,E,2.0,E,2.0,ENE,2.0,1.0,2.0,1.0,0.0,,
99,19430407.0,629.0,618.0,613.0,244.0,291.0,261.0,319.0,217.0,212.0,204.0,207.0,93.0,68.0,92.0,E,1.0,NE,1.0,NE,1.0,9.0,9.0,2.0,0.0,,
100,19430408.0,635.0,614.0,606.0,259.0,301.0,261.0,304.0,226.0,204.0,200.0,193.0,82.0,63.0,77.0,ENE,2.0,NE,3.0,NE,2.0,3.0,2.0,1.0,39.0,,
101,19430409.0,622.0,612.0,606.0,264.0,277.0,256.0,312.0,225.0,207.0,203.0,208.0,81.0,74.0,85.0,NE,1.0,NE,3.0,NE,1.0,2.0,9.0,9.0,0.0,,
102,19430410.0,617.0,608.0,599.0,251.0,259.0,259.0,314.0,241.0,223.0,230.0,222.0,94.0,93.0,90.0,SE,1.0,Calm,0.0,NE,1.0,10.0,10.0,8.0,53.0,,
103,19430411.0,620.0,605.0,601.0,260.0,299.0,264.0,277.0,231.0,223.0,217.0,203.0,90.0,69.0,79.0,E,1.0,ENE,3.0,ENE,1.0,7.0,8.0,5.0,316.0,,
104,19430412.0,629.0,611.0,609.0,258.0,311.0,271.0,312.0,232.0,225.0,202.0,203.0,91.0,60.0,76.0,E,1.0,ENE,3.0,ENE,2.0,3.0,7.0,7.0,0.0,,
105,19430413.0,631.0,620.0,612.0,257.0,301.0,263.0,318.0,227.0,209.0,198.0,202.0,85.0,62.0,79.0,E,2.0,ENE,2.0,NE,1.0,1.0,6.0,1.0,0.0,,
106,19430414.0,622.0,610.0,606.0,262.0,305.0,264.0,310.0,221.0,212.0,203.0,209.0,84.0,63.0,82.0,E,2.0,ENE,3.0,ENE,1.0,2.0,4.0,5.0,0.0,,
107,19430415.0,619.0,615.0,606.0,264.0,264.0,235.0,314.0,246.0,231.0,221.0,201.0,90.0,86.0,93.0,NE,1.0,NE,1.0,ENE,1.0,9.0,10.0,10.0,0.0,,
108,19430416.0,619.0,612.0,609.0,241.0,246.0,229.0,285.0,223.0,212.0,212.0,196.0,95.0,92.0,95.0,S,1.0,NE,1.0,E,1.0,10.0,10.0,10.0,45.0,,
109,19430417.0,622.0,608.0,602.0,236.0,293.0,263.0,259.0,214.0,215.0,215.0,212.0,99.0,72.0,83.0,Calm,0.0,ENE,2.0,NE,1.0,9.0,9.0,10.0,212.0,,
110,19430418.0,623.0,619.0,613.0,255.0,237.0,245.0,309.0,232.0,226.0,208.0,219.0,93.0,96.0,96.0,ENE,1.0,E,1.0,Calm,0.0,8.0,10.0,9.0,0.0,,
111,19430419.0,630.0,616.0,607.0,261.0,276.0,260.0,288.0,227.0,223.0,219.0,221.0,89.0,80.0,89.0,E,1.0,NE,1.0,ENE,1.0,8.0,9.0,9.0,128.0,,
112,19430420.0,640.0,626.0,623.0,261.0,250.0,256.0,313.0,226.0,225.0,210.0,212.0,90.0,89.0,87.0,SE,1.0,NE,1.0,NNE,1.0,6.0,9.0,7.0,38.0,,
113,19430421.0,637.0,621.0,616.0,256.0,281.0,262.0,302.0,226.0,222.0,210.0,208.0,91.0,74.0,82.0,NE,2.0,NE,1.0,ENE,1.0,9.0,9.0,9.0,1.0,,
114,19430422.0,631.0,613.0,606.0,240.0,281.0,256.0,301.0,244.0,218.0,231.0,228.0,98.0,82.0,93.0,Calm,0.0,NE,2.0,Calm,0.0,10.0,9.0,9.0,46.0,,
115,19430423.0,623.0,610.0,600.0,256.0,262.0,266.0,293.0,234.0,220.0,242.0,242.0,90.0,96.0,93.0,ESE,1.0,Calm,0.0,ENE,1.0,3.0,9.0,7.0,101.0,,
116,19430424.0,619.0,596.0,608.0,244.0,274.0,262.0,303.0,234.0,223.0,246.0,212.0,98.0,90.0,84.0,Calm,0.0,NNW,1.0,NE,1.0,10.0,9.0,9.0,112.0,,
117,19430425.0,621.0,607.0,601.0,242.0,298.0,260.0,302.0,234.0,223.0,218.0,219.0,99.0,70.0,88.0,Calm,0.0,ENE,2.0,NE,1.0,9.0,9.0,3.0,48.0,,
118,19430426.0,625.0,610.0,601.0,252.0,293.0,263.0,314.0,229.0,214.0,213.0,221.0,90.0,70.0,87.0,Calm,0.0,NNE,1.0,NE,1.0,8.0,6.0,7.0,26.0,,
119,19430427.0,623.0,611.0,607.0,256.0,255.0,269.0,305.0,218.0,226.0,234.0,210.0,93.0,96.0,80.0,ENE,1.0,NE,1.0,NE,4.0,1.0,3.0,1.0,1.0,,
120,19430428.0,618.0,600.0,597.0,251.0,286.0,269.0,312.0,221.0,219.0,219.0,224.0,93.0,75.0,85.0,SE,1.0,NE,1.0,NE,1.0,1.0,9.0,5.0,0.0,,
121,19430429.0,616.0,596.0,604.0,260.0,305.0,276.0,304.0,226.0,233.0,226.0,223.0,93.0,70.0,81.0,SSE,1.0,ENE,1.0,ENE,1.0,1.0,5.0,5.0,7.0,,
122,19430430.0,616.0,601.0,603.0,261.0,266.0,256.0,319.0,234.0,225.0,250.0,224.0,90.0,97.0,92.0,ESE,1.0,Calm,0.0,Calm,0.0,1.0,9.0,9.0,0.0,,
123,,762.36,761.06,760.62,25.29,28.323333333333334,26.05,30.556666666666665,22.630000000000003,21.756666666666668,21.35,21.1,90.93333333333334,75.6,84.63333333333334,,0.9666666666666667,,1.6,,1.1,5.466666666666667,7.2,6.3,155.3,,
124,19430501.0,627.0,607.0,610.0,246.0,296.0,240.0,323.0,234.0,220.0,236.0,208.0,96.0,77.0,94.0,E,1.0,E,1.0,SE,1.0,9.0,2.0,10.0,54.0,,
125,19430502.0,626.0,609.0,606.0,243.0,286.0,259.0,321.0,229.0,222.0,230.0,216.0,98.0,79.0,87.0,Calm,0.0,NE,1.0,NE,1.0,9.0,8.0,4.0,51.0,,
126,19430503.0,613.0,600.0,598.0,240.0,279.0,243.0,304.0,230.0,216.0,232.0,222.0,97.0,83.0,98.0,ESE,1.0,NE,1.0,Calm,0.0,9.0,9.0,10.0,69.0,,
127,19430504.0,616.0,604.0,601.0,251.0,299.0,266.0,287.0,221.0,227.0,209.0,210.0,96.0,66.0,81.0,E,1.0,ENE,1.0,ENE,1.0,3.0,2.0,5.0,194.0,,
128,19430505.0,618.0,609.0,605.0,249.0,260.0,257.0,309.0,235.0,224.0,223.0,217.0,96.0,90.0,89.0,Calm,0.0,NE,1.0,ENE,1.0,9.0,9.0,5.0,95.0,,
129,19430506.0,616.0,601.0,595.0,260.0,287.0,267.0,274.0,229.0,219.0,227.0,219.0,88.0,78.0,84.0,ENE,1.0,ENE,1.0,NE,1.0,1.0,4.0,4.0,0.0,,
130,19430507.0,611.0,603.0,602.0,256.0,266.0,251.0,312.0,230.0,214.0,230.0,227.0,88.0,89.0,96.0,ESE,1.0,NE,1.0,Calm,0.0,3.0,8.0,9.0,21.0,,
131,19430508.0,623.0,613.0,608.0,236.0,255.0,246.0,311.0,232.0,209.0,228.0,218.0,96.0,94.0,95.0,E,1.0,E,1.0,Calm,0.0,10.0,10.0,10.0,70.0,,
132,19430509.0,619.0,615.0,616.0,249.0,267.0,244.0,264.0,225.0,228.0,227.0,212.0,97.0,87.0,93.0,Calm,0.0,Calm,0.0,ENE,3.0,8.0,10.0,10.0,118.0,,
133,19430510.0,627.0,611.0,607.0,247.0,270.0,249.0,313.0,229.0,219.0,233.0,228.0,95.0,88.0,97.0,SE,1.0,ENE,1.0,Calm,0.0,5.0,10.0,10.0,159.0,,
134,19430511.0,618.0,609.0,610.0,246.0,288.0,250.0,299.0,236.0,222.0,228.0,228.0,97.0,78.0,97.0,ESE,1.0,ENE,1.0,E,1.0,10.0,9.0,10.0,126.0,,
135,19430512.0,624.0,597.0,610.0,253.0,263.0,264.0,303.0,232.0,214.0,240.0,223.0,90.0,94.0,87.0,E,1.0,ESE,1.0,E,1.0,6.0,5.0,9.0,32.0,,
136,19430513.0,644.0,604.0,604.0,252.0,298.0,263.0,311.0,228.0,226.0,233.0,223.0,95.0,75.0,88.0,NE,1.0,E,1.0,Calm,0.0,9.0,7.0,7.0,45.0,,
137,19430514.0,623.0,612.0,605.0,246.0,269.0,254.0,318.0,230.0,218.0,226.0,225.0,95.0,86.0,93.0,E,1.0,NE,1.0,Calm,0.0,8.0,10.0,7.0,9.0,,
138,19430515.0,614.0,598.0,594.0,253.0,267.0,267.0,310.0,230.0,218.0,239.0,225.0,91.0,92.0,86.0,ESE,1.0,Calm,0.0,E,1.0,8.0,8.0,4.0,7.0,,
139,19430516.0,618.0,603.0,600.0,250.0,283.0,255.0,318.0,232.0,220.0,211.0,226.0,93.0,74.0,93.0,SE,1.0,Calm,0.0,Calm,0.0,4.0,9.0,5.0,16.0,,
140,19430517.0,622.0,610.0,603.0,240.0,279.0,262.0,302.0,230.0,218.0,238.0,222.0,98.0,85.0,88.0,E,1.0,ENE,1.0,ENE,1.0,10.0,8.0,6.0,127.0,,
141,19430518.0,623.0,608.0,604.0,256.0,278.0,266.0,297.0,229.0,222.0,232.0,226.0,91.0,84.0,87.0,ESE,1.0,Calm,0.0,E,1.0,1.0,6.0,2.0,15.0,,
142,19430519.0,621.0,605.0,600.0,258.0,300.0,274.0,302.0,236.0,225.0,234.0,221.0,91.0,74.0,81.0,SE,1.0,NE,2.0,ENE,1.0,3.0,5.0,3.0,150.0,,
143,19430520.0,617.0,614.0,605.0,260.0,241.0,262.0,309.0,233.0,233.0,212.0,222.0,93.0,95.0,88.0,E,1.0,Calm,0.0,NE,1.0,6.0,10.0,9.0,4.0,,
144,19430521.0,624.0,608.0,604.0,258.0,296.0,261.0,316.0,226.0,225.0,227.0,235.0,91.0,74.0,93.0,ENE,1.0,NE,1.0,ENE,1.0,3.0,8.0,9.0,62.0,,
145,19430522.0,611.0,608.0,606.0,251.0,256.0,252.0,314.0,236.0,229.0,216.0,228.0,97.0,89.0,96.0,E,1.0,ENE,1.0,Calm,0.0,9.0,9.0,9.0,65.0,,
146,19430523.0,610.0,606.0,601.0,237.0,261.0,245.0,290.0,234.0,216.0,225.0,213.0,99.0,90.0,93.0,E,1.0,E,1.0,NE,1.0,9.0,10.0,10.0,26.0,,
147,19430524.0,617.0,604.0,603.0,241.0,293.0,256.0,275.0,231.0,215.0,223.0,226.0,97.0,74.0,93.0,NE,1.0,ENE,1.0,NE,1.0,9.0,5.0,4.0,27.0,,
148,19430525.0,624.0,616.0,613.0,269.0,291.0,252.0,302.0,232.0,226.0,204.0,228.0,86.0,68.0,96.0,NE,2.0,ENE,2.0,Calm,0.0,4.0,8.0,7.0,55.0,,
149,19430526.0,625.0,617.0,622.0,256.0,271.0,263.0,311.0,226.0,222.0,218.0,212.0,91.0,82.0,83.0,NE,1.0,NE,2.0,NE,1.0,1.0,9.0,9.0,17.0,,
150,19430527.0,630.0,616.0,613.0,260.0,284.0,263.0,287.0,221.0,223.0,210.0,217.0,90.0,73.0,85.0,E,1.0,NE,1.0,ENE,1.0,7.0,8.0,7.0,11.0,,
151,19430528.0,624.0,611.0,605.0,247.0,277.0,268.0,302.0,229.0,221.0,233.0,218.0,96.0,84.0,83.0,Calm,0.0,NE,1.0,NE,1.0,6.0,9.0,5.0,6.0,,
152,19430529.0,625.0,616.0,613.0,244.0,270.0,260.0,323.0,229.0,214.0,227.0,209.0,94.0,86.0,84.0,E,1.0,ENE,1.0,ENE,1.0,8.0,9.0,7.0,45.0,,
153,19430530.0,628.0,612.0,608.0,241.0,295.0,266.0,293.0,235.0,215.0,232.0,220.0,97.0,76.0,85.0,ENE,1.0,N,1.0,NE,1.0,9.0,8.0,4.0,47.0,,
154,19430531.0,628.0,614.0,613.0,254.0,275.0,251.0,305.0,236.0,227.0,241.0,229.0,94.0,88.0,97.0,E,1.0,NE,1.0,Calm,0.0,8.0,8.0,10.0,1.0,,
155,,762.1483870967742,760.8387096774194,760.5935483870968,24.996774193548386,27.741935483870968,25.729032258064517,30.338709677419352,23.048387096774192,22.087096774193547,22.658064516129034,22.106451612903225,93.96774193548387,82.3225806451613,90.0,,0.9032258064516129,,0.9354838709677419,,0.7419354838709677,6.580645161290323,7.741935483870968,7.096774193548387,172.4,,
156,19430601.0,627.0,616.0,609.0,237.0,267.0,255.0,290.0,229.0,218.0,229.0,234.0,100.0,88.0,96.0,Calm,0.0,Calm,0.0,Calm,0.0,10.0,7.0,9.0,430.0,,
157,19430602.0,624.0,609.0,609.0,246.0,260.0,261.0,284.0,230.0,214.0,223.0,217.0,93.0,90.0,86.0,Calm,0.0,ENE,2.0,NE,2.0,9.0,7.0,8.0,28.0,,
158,19430603.0,629.0,615.0,611.0,261.0,300.0,262.0,268.0,231.0,223.0,201.0,197.0,89.0,63.0,78.0,NE,1.0,NE,2.0,ENE,1.0,4.0,1.0,4.0,82.0,,
159,19430604.0,632.0,617.0,617.0,245.0,288.0,262.0,307.0,231.0,214.0,224.0,220.0,93.0,76.0,87.0,Calm,0.0,N,2.0,Calm,0.0,7.0,6.0,3.0,0.0,,
160,19430605.0,623.0,611.0,607.0,259.0,274.0,265.0,298.0,230.0,230.0,231.0,220.0,93.0,85.0,85.0,Calm,0.0,Calm,0.0,NE,1.0,2.0,9.0,3.0,0.0,,
161,19430606.0,616.0,607.0,599.0,236.0,284.0,256.0,289.0,231.0,209.0,239.0,232.0,96.0,83.0,95.0,E,1.0,E,3.0,Calm,0.0,9.0,9.0,7.0,336.0,,
162,19430607.0,625.0,619.0,618.0,245.0,260.0,252.0,292.0,229.0,221.0,225.0,222.0,97.0,90.0,93.0,Calm,0.0,Calm,0.0,Calm,0.0,8.0,10.0,10.0,33.0,,
163,19430608.0,629.0,618.0,616.0,236.0,294.0,265.0,313.0,233.0,211.0,208.0,226.0,97.0,68.0,88.0,Calm,0.0,E,1.0,ENE,1.0,10.0,9.0,7.0,90.0,,
164,19430609.0,623.0,614.0,610.0,246.0,261.0,260.0,301.0,233.0,224.0,223.0,227.0,97.0,89.0,91.0,Calm,0.0,ENE,2.0,Calm,0.0,9.0,9.0,9.0,63.0,,
165,19430610.0,618.0,605.0,599.0,238.0,285.0,266.0,282.0,229.0,217.0,220.0,222.0,99.0,76.0,85.0,Calm,0.0,Calm,0.0,Calm,0.0,7.0,9.0,8.0,101.0,,
166,19430611.0,619.0,608.0,609.0,256.0,286.0,260.0,307.0,233.0,226.0,236.0,229.0,93.0,81.0,92.0,SE,1.0,ENE,1.0,Calm,0.0,5.0,9.0,9.0,0.0,,
167,19430612.0,624.0,612.0,607.0,251.0,262.0,269.0,299.0,229.0,219.0,234.0,222.0,93.0,93.0,84.0,S,1.0,Calm,0.0,ENE,1.0,2.0,7.0,4.0,38.0,,
168,19430613.0,622.0,605.0,602.0,246.0,259.0,261.0,300.0,229.0,218.0,232.0,243.0,95.0,93.0,97.0,E,1.0,NNE,1.0,E,1.0,7.0,9.0,7.0,149.0,,
169,19430614.0,620.0,604.0,599.0,255.0,313.0,269.0,318.0,210.0,217.0,215.0,228.0,90.0,63.0,86.0,E,1.0,E,1.0,NE,1.0,1.0,6.0,3.0,59.0,,
170,19430615.0,620.0,596.0,588.0,253.0,321.0,276.0,319.0,229.0,216.0,212.0,234.0,90.0,60.0,85.0,ENE,1.0,ESE,1.0,ENE,1.0,2.0,4.0,1.0,0.0,,
171,19430616.0,610.0,600.0,602.0,255.0,327.0,278.0,328.0,223.0,215.0,186.0,222.0,89.0,50.0,80.0,E,1.0,E,1.0,ENE,1.0,1.0,6.0,1.0,0.0,,
172,19430617.0,630.0,619.0,621.0,254.0,299.0,258.0,333.0,229.0,227.0,219.0,232.0,94.0,70.0,94.0,E,1.0,ENE,1.0,Calm,0.0,6.0,9.0,8.0,0.0,,
173,19430618.0,630.0,622.0,616.0,254.0,243.0,257.0,305.0,221.0,215.0,218.0,229.0,90.0,97.0,93.0,SE,1.0,E,1.0,ENE,1.0,4.0,10.0,5.0,43.0,,
174,19430619.0,638.0,631.0,627.0,241.0,245.0,254.0,304.0,226.0,217.0,219.0,227.0,97.0,96.0,94.0,Calm,0.0,N,1.0,NE,1.0,8.0,9.0,9.0,332.0,,
175,19430620.0,641.0,631.0,628.0,251.0,284.0,270.0,295.0,226.0,229.0,231.0,217.0,97.0,80.0,82.0,Calm,0.0,NNW,1.0,ENE,1.0,1.0,4.0,5.0,166.0,,
176,19430621.0,639.0,625.0,619.0,245.0,262.0,251.0,304.0,229.0,213.0,224.0,231.0,93.0,89.0,92.0,SE,1.0,NE,1.0,Calm,0.0,5.0,8.0,8.0,1.0,,
177,19430622.0,627.0,616.0,612.0,251.0,257.0,251.0,308.0,226.0,219.0,225.0,227.0,93.0,92.0,96.0,SE,1.0,N,1.0,Calm,0.0,4.0,9.0,9.0,10.0,,
178,19430623.0,627.0,612.0,611.0,249.0,301.0,271.0,297.0,226.0,216.0,229.0,197.0,93.0,72.0,74.0,ENE,1.0,ENE,1.0,ENE,1.0,1.0,5.0,1.0,59.0,,
179,19430624.0,627.0,619.0,616.0,224.0,249.0,246.0,309.0,216.0,200.0,211.0,224.0,99.0,90.0,97.0,SE,1.0,E,1.0,Calm,0.0,10.0,10.0,9.0,296.0,,
180,19430625.0,628.0,619.0,616.0,241.0,253.0,248.0,268.0,221.0,212.0,224.0,217.0,95.0,93.0,93.0,SE,1.0,NNE,1.0,E,1.0,6.0,9.0,8.0,85.0,,
181,19430626.0,628.0,617.0,611.0,251.0,301.0,270.0,310.0,226.0,219.0,239.0,229.0,93.0,75.0,86.0,SSE,1.0,NE,1.0,E,1.0,1.0,8.0,3.0,64.0,,
182,19430627.0,627.0,617.0,614.0,246.0,261.0,268.0,317.0,225.0,222.0,233.0,226.0,97.0,93.0,86.0,SE,1.0,Calm,0.0,NE,1.0,1.0,9.0,6.0,5.0,,
183,19430628.0,623.0,619.0,614.0,247.0,257.0,251.0,299.0,229.0,221.0,221.0,229.0,96.0,90.0,97.0,Calm,0.0,Calm,0.0,Calm,0.0,1.0,9.0,5.0,25.0,,
184,19430629.0,626.0,612.0,610.0,236.0,281.0,261.0,319.0,226.0,211.0,223.0,211.0,97.0,79.0,84.0,ENE,1.0,NE,1.0,NNE,2.0,10.0,8.0,7.0,72.0,,
185,19430630.0,619.0,608.0,611.0,251.0,279.0,256.0,295.0,226.0,219.0,228.0,228.0,93.0,82.0,93.0,Calm,0.0,NNE,2.0,Calm,0.0,2.0,7.0,10.0,0.0,,
186,,762.57,761.41,761.0933333333334,24.686666666666667,27.71,26.096666666666664,30.193333333333335,22.703333333333333,21.773333333333333,22.273333333333333,22.39666666666667,94.36666666666666,81.53333333333333,88.96666666666667,,0.6,,1.0,,0.6333333333333333,5.1,7.7,6.2,256.7,,
187,19430701.0,625.0,617.0,610.0,252.0,261.0,276.0,312.0,224.0,224.0,231.0,226.0,94.0,92.0,82.0,SE,1.0,SSW,1.0,NE,1.0,1.0,4.0,1.0,4.0,,
188,19430702.0,637.0,625.0,623.0,235.0,269.0,236.0,322.0,224.0,208.0,220.0,196.0,96.0,83.0,90.0,Calm,0.0,SW,1.0,ESE,1.0,10.0,9.0,10.0,15.0,,
189,19430703.0,631.0,616.0,616.0,239.0,290.0,226.0,287.0,224.0,219.0,231.0,197.0,99.0,78.0,96.0,Calm,0.0,NNW,2.0,Calm,0.0,8.0,8.0,10.0,323.0,,
190,19430704.0,625.0,616.0,613.0,231.0,299.0,270.0,298.0,213.0,199.0,205.0,227.0,95.0,65.0,86.0,Calm,0.0,ESE,1.0,NE,1.0,7.0,8.0,9.0,750.0,,
191,19430705.0,633.0,622.0,619.0,260.0,285.0,274.0,305.0,231.0,223.0,245.0,211.0,90.0,85.0,78.0,ESE,2.0,Calm,0.0,ENE,1.0,3.0,3.0,4.0,0.0,,
192,19430706.0,635.0,627.0,619.0,249.0,308.0,274.0,317.0,224.0,220.0,222.0,217.0,94.0,67.0,80.0,Calm,0.0,NE,1.0,ENE,1.0,1.0,7.0,1.0,0.0,,
193,19430707.0,635.0,629.0,627.0,239.0,266.0,259.0,317.0,225.0,204.0,238.0,193.0,92.0,92.0,78.0,E,1.0,Calm,0.0,E,1.0,9.0,9.0,7.0,39.0,,
194,19430708.0,643.0,623.0,630.0,246.0,313.0,272.0,299.0,218.0,212.0,187.0,202.0,92.0,55.0,75.0,S,1.0,ESE,2.0,ENE,1.0,1.0,1.0,7.0,130.0,,
195,19430709.0,635.0,624.0,620.0,246.0,266.0,251.0,319.0,221.0,216.0,220.0,223.0,94.0,85.0,89.0,Calm,0.0,N,1.0,Calm,0.0,1.0,9.0,8.0,0.0,,
196,19430710.0,634.0,631.0,620.0,246.0,247.0,235.0,298.0,227.0,220.0,216.0,211.0,96.0,93.0,98.0,Calm,0.0,ENE,1.0,Calm,0.0,8.0,9.0,8.0,60.0,,
197,19430711.0,637.0,619.0,612.0,246.0,302.0,279.0,314.0,231.0,212.0,216.0,212.0,92.0,67.0,76.0,NE,3.0,ESE,1.0,ENE,2.0,1.0,7.0,8.0,65.0,,
198,19430712.0,630.0,625.0,621.0,246.0,269.0,251.0,316.0,227.0,220.0,218.0,223.0,96.0,83.0,94.0,SE,1.0,Calm,0.0,NE,1.0,6.0,9.0,8.0,0.0,,
199,19430713.0,637.0,626.0,618.0,260.0,246.0,256.0,318.0,229.0,233.0,220.0,226.0,93.0,96.0,93.0,E,1.0,Calm,0.0,NE,1.0,1.0,9.0,5.0,180.0,,
200,19430714.0,635.0,623.0,617.0,245.0,294.0,254.0,293.0,217.0,223.0,225.0,227.0,97.0,74.0,94.0,S,1.0,Calm,0.0,Calm,0.0,2.0,7.0,9.0,54.0,,
201,19430715.0,630.0,622.0,613.0,249.0,291.0,271.0,307.0,227.0,216.0,220.0,220.0,93.0,73.0,83.0,Calm,0.0,ESE,1.0,NE,1.0,1.0,9.0,3.0,50.0,,
202,19430716.0,630.0,623.0,623.0,251.0,295.0,252.0,309.0,229.0,221.0,222.0,228.0,93.0,72.0,96.0,SE,1.0,Calm,0.0,Calm,0.0,3.0,2.0,9.0,0.0,,
203,19430717.0,647.0,633.0,632.0,245.0,266.0,260.0,319.0,228.0,213.0,232.0,223.0,93.0,89.0,90.0,Calm,0.0,ENE,1.0,NE,1.0,7.0,8.0,4.0,49.0,,
204,19430718.0,639.0,629.0,631.0,250.0,301.0,246.0,318.0,226.0,225.0,235.0,222.0,96.0,74.0,97.0,SE,1.0,NNE,1.0,Calm,0.0,1.0,7.0,10.0,18.0,,
205,19430719.0,642.0,620.0,622.0,241.0,299.0,270.0,317.0,223.0,206.0,226.0,217.0,92.0,72.0,82.0,SSE,2.0,N,1.0,NE,1.0,2.0,8.0,10.0,227.0,,
206,19430720.0,635.0,622.0,617.0,248.0,308.0,255.0,311.0,224.0,211.0,216.0,213.0,91.0,65.0,88.0,ESE,1.0,Calm,0.0,SE,1.0,1.0,3.0,9.0,99.0,,
207,19430721.0,636.0,620.0,619.0,254.0,314.0,258.0,320.0,234.0,217.0,190.0,223.0,90.0,55.0,90.0,ESE,2.0,ENE,1.0,NE,1.0,3.0,5.0,2.0,4.0,,
208,19430722.0,637.0,625.0,625.0,254.0,288.0,266.0,323.0,227.0,217.0,237.0,216.0,90.0,80.0,83.0,ESE,2.0,NE,1.0,E,1.0,1.0,8.0,8.0,25.0,,
209,19430723.0,642.0,627.0,619.0,256.0,259.0,253.0,310.0,229.0,220.0,220.0,224.0,90.0,89.0,93.0,ESE,1.0,SSE,1.0,ENE,1.0,6.0,8.0,3.0,9.0,,
210,19430724.0,639.0,627.0,624.0,258.0,252.0,261.0,318.0,225.0,235.0,228.0,221.0,95.0,96.0,88.0,SE,1.0,Calm,0.0,Calm,0.0,2.0,9.0,5.0,70.0,,
211,19430725.0,637.0,622.0,622.0,251.0,306.0,261.0,317.0,233.0,223.0,215.0,229.0,94.0,66.0,91.0,E,1.0,ESE,1.0,E,1.0,8.0,9.0,6.0,28.0,,
212,19430726.0,639.0,626.0,622.0,256.0,294.0,236.0,322.0,234.0,228.0,233.0,201.0,93.0,76.0,93.0,ESE,1.0,NNE,2.0,NE,1.0,6.0,3.0,9.0,133.0,,
213,19430727.0,636.0,618.0,619.0,242.0,299.0,241.0,309.0,221.0,223.0,230.0,204.0,99.0,73.0,91.0,SE,1.0,N,2.0,SE,1.0,3.0,5.0,10.0,165.0,,
214,19430728.0,632.0,619.0,613.0,245.0,311.0,271.0,317.0,215.0,203.0,231.0,224.0,89.0,69.0,84.0,SSE,2.0,ESE,1.0,ENE,1.0,1.0,7.0,5.0,394.0,,
215,19430729.0,630.0,617.0,615.0,261.0,310.0,272.0,323.0,233.0,223.0,213.0,224.0,89.0,63.0,83.0,ESE,1.0,N,1.0,ENE,1.0,1.0,7.0,5.0,16.0,,
216,19430730.0,635.0,622.0,617.0,241.0,304.0,237.0,316.0,230.0,215.0,210.0,206.0,97.0,65.0,95.0,Calm,0.0,ENE,1.0,Calm,0.0,9.0,7.0,9.0,68.0,,
217,19430731.0,633.0,616.0,614.0,246.0,292.0,250.0,309.0,224.0,224.0,239.0,218.0,97.0,79.0,93.0,ENE,1.0,N,1.0,E,1.0,7.0,9.0,9.0,19.0,,
218,,763.5193548387097,762.2935483870967,761.9741935483871,24.8,28.722580645161294,25.719354838709677,31.225806451612904,22.570967741935483,21.783870967741937,22.229032258064514,21.625806451612902,93.58064516129032,76.48387096774194,88.03225806451613,,0.9354838709677419,,0.8709677419354839,,0.7741935483870968,3.903225806451613,6.870967741935484,6.806451612903226,299.4,,
219,19430801.0,631.0,619.0,616.0,247.0,258.0,272.0,315.0,223.0,219.0,229.0,202.0,95.0,93.0,75.0,SE,1.0,NE,1.0,ENE,1.0,1.0,9.0,2.0,55.0,,
220,19430802.0,629.0,614.0,609.0,254.0,305.0,257.0,307.0,229.0,221.0,216.0,225.0,92.0,66.0,92.0,SE,1.0,N,1.0,NE,1.0,1.0,6.0,1.0,235.0,,
221,19430803.0,619.0,603.0,606.0,261.0,269.0,271.0,318.0,239.0,229.0,228.0,233.0,91.0,86.0,87.0,SE,1.0,NNE,1.0,NE,1.0,1.0,7.0,8.0,118.0,,
222,19430804.0,625.0,608.0,611.0,248.0,317.0,264.0,332.0,224.0,217.0,206.0,227.0,93.0,59.0,89.0,SSE,1.0,SE,1.0,Calm,0.0,6.0,5.0,8.0,4.0,,
223,19430805.0,636.0,628.0,621.0,246.0,256.0,233.0,324.0,229.0,222.0,228.0,228.0,97.0,93.0,93.0,SE,1.0,NE,1.0,Calm,0.0,9.0,10.0,9.0,0.0,,
224,19430806.0,639.0,630.0,622.0,248.0,251.0,261.0,319.0,222.0,221.0,205.0,229.0,95.0,87.0,91.0,S,1.0,NE,1.0,NE,1.0,3.0,10.0,9.0,337.0,,
225,19430807.0,637.0,619.0,614.0,250.0,305.0,272.0,313.0,220.0,222.0,222.0,224.0,94.0,68.0,83.0,Calm,0.0,N,1.0,NE,1.0,1.0,3.0,1.0,15.0,,
226,19430808.0,631.0,615.0,613.0,255.0,307.0,282.0,319.0,221.0,234.0,223.0,222.0,96.0,68.0,78.0,SE,1.0,NE,1.0,NE,1.0,1.0,5.0,2.0,0.0,,
227,19430809.0,634.0,616.0,610.0,255.0,316.0,280.0,317.0,231.0,217.0,215.0,213.0,90.0,62.0,76.0,SSE,1.0,SSE,1.0,E,1.0,1.0,7.0,3.0,0.0,,
228,19430810.0,631.0,614.0,609.0,256.0,291.0,258.0,331.0,232.0,226.0,208.0,213.0,93.0,69.0,86.0,SE,1.0,N,1.0,NE,1.0,1.0,7.0,5.0,0.0,,
229,19430811.0,624.0,608.0,608.0,254.0,278.0,246.0,318.0,230.0,227.0,230.0,214.0,94.0,88.0,93.0,SE,1.0,NNW,1.0,NE,2.0,1.0,9.0,9.0,0.0,,
230,19430812.0,626.0,602.0,609.0,254.0,298.0,246.0,315.0,226.0,219.0,230.0,210.0,91.0,74.0,92.0,ESE,1.0,N,1.0,E,1.0,2.0,7.0,8.0,37.0,,
231,19430813.0,624.0,609.0,610.0,251.0,265.0,246.0,317.0,224.0,217.0,228.0,228.0,92.0,89.0,99.0,ESE,1.0,N,1.0,Calm,0.0,5.0,9.0,8.0,24.0,,
232,19430814.0,627.0,612.0,606.0,253.0,313.0,280.0,319.0,231.0,224.0,203.0,225.0,93.0,59.0,80.0,ESE,1.0,ESE,1.0,SE,1.0,3.0,8.0,3.0,128.0,,
233,19430815.0,621.0,603.0,598.0,262.0,306.0,276.0,327.0,240.0,224.0,230.0,213.0,89.0,70.0,78.0,ESE,2.0,E,2.0,ESE,1.0,1.0,7.0,6.0,0.0,,
234,19430816.0,613.0,601.0,596.0,259.0,300.0,248.0,323.0,229.0,214.0,219.0,209.0,86.0,69.0,90.0,Calm,0.0,NE,2.0,Calm,0.0,1.0,9.0,7.0,0.0,,
235,19430817.0,617.0,607.0,603.0,260.0,316.0,276.0,320.0,231.0,215.0,247.0,204.0,86.0,72.0,74.0,SSE,1.0,N,1.0,N,1.0,4.0,5.0,2.0,0.0,,
236,19430818.0,618.0,600.0,594.0,252.0,319.0,241.0,331.0,227.0,220.0,235.0,202.0,93.0,67.0,90.0,W,1.0,NE,1.0,W,1.0,2.0,3.0,3.0,0.0,,
237,19430819.0,600.0,589.0,575.0,260.0,330.0,286.0,323.0,232.0,213.0,219.0,249.0,85.0,59.0,85.0,SE,1.0,SSE,1.0,NE,1.0,4.0,6.0,6.0,4.0,,
238,19430820.0,599.0,589.0,585.0,262.0,336.0,274.0,338.0,239.0,222.0,218.0,243.0,88.0,56.0,90.0,SE,1.0,SSE,1.0,NE,1.0,1.0,3.0,4.0,0.0,,
239,19430821.0,611.0,601.0,602.0,255.0,316.0,269.0,342.0,233.0,228.0,209.0,226.0,94.0,60.0,86.0,SE,1.0,NE,1.0,NE,2.0,1.0,9.0,9.0,45.0,,
240,19430822.0,617.0,603.0,602.0,256.0,322.0,272.0,327.0,236.0,225.0,216.0,222.0,92.0,60.0,88.0,SE,1.0,Calm,0.0,NE,1.0,7.0,4.0,7.0,23.0,,
241,19430823.0,621.0,602.0,597.0,246.0,326.0,282.0,328.0,234.0,222.0,183.0,220.0,97.0,50.0,77.0,NE,1.0,ENE,2.0,NE,2.0,8.0,4.0,4.0,4.0,,
242,19430824.0,621.0,613.0,607.0,254.0,269.0,260.0,337.0,238.0,227.0,234.0,233.0,94.0,89.0,93.0,ESE,1.0,Calm,0.0,NE,1.0,6.0,9.0,9.0,1.0,,
243,19430825.0,631.0,612.0,607.0,252.0,323.0,280.0,332.0,230.0,218.0,207.0,231.0,92.0,57.0,82.0,ENE,1.0,NE,1.0,ENE,1.0,4.0,6.0,6.0,150.0,,
244,19430826.0,634.0,611.0,606.0,262.0,311.0,277.0,329.0,237.0,230.0,240.0,219.0,91.0,71.0,79.0,ESE,2.0,NE,1.0,ENE,1.0,1.0,8.0,1.0,5.0,,
245,19430827.0,626.0,609.0,604.0,261.0,301.0,275.0,322.0,226.0,233.0,229.0,230.0,93.0,72.0,84.0,ESE,1.0,E,1.0,NE,1.0,1.0,5.0,1.0,0.0,,
246,19430828.0,625.0,607.0,603.0,261.0,305.0,279.0,323.0,229.0,233.0,233.0,214.0,93.0,71.0,77.0,SE,1.0,N,1.0,NE,1.0,1.0,5.0,1.0,0.0,,
247,19430829.0,632.0,613.0,612.0,260.0,318.0,261.0,334.0,234.0,233.0,235.0,211.0,93.0,67.0,84.0,ESE,1.0,N,2.0,NE,1.0,3.0,4.0,2.0,0.0,,
248,19430830.0,630.0,612.0,608.0,262.0,322.0,286.0,334.0,236.0,230.0,205.0,242.0,91.0,57.0,83.0,ESE,1.0,SE,2.0,NE,1.0,2.0,5.0,8.0,0.0,,
249,19430831.0,621.0,610.0,602.0,256.0,321.0,283.0,333.0,236.0,226.0,210.0,215.0,93.0,59.0,75.0,SE,1.0,ENE,1.0,E,1.0,3.0,7.0,1.0,0.0,,
250,,762.4193548387096,760.9,760.5322580645161,25.52258064516129,30.225806451612904,26.751612903225805,32.4741935483871,23.058064516129033,22.348387096774193,22.06451612903226,22.18064516129032,92.12903225806451,69.90322580645162,84.80645161290323,,1.0,,1.096774193548387,,0.967741935483871,2.774193548387097,6.483870967741935,4.935483870967742,118.5,,
251,19430901.0,620.0,607.0,604.0,259.0,337.0,260.0,337.0,237.0,220.0,198.0,229.0,89.0,51.0,92.0,ENE,1.0,ESE,1.0,NE,1.0,7.0,6.0,7.0,0.0,,
252,19430902.0,626.0,609.0,601.0,260.0,333.0,289.0,343.0,234.0,217.0,190.0,226.0,87.0,50.0,76.0,ESE,1.0,E,1.0,NE,2.0,1.0,5.0,1.0,26.0,,
253,19430903.0,623.0,610.0,606.0,255.0,332.0,286.0,341.0,236.0,215.0,191.0,234.0,89.0,51.0,80.0,ESE,1.0,ESE,1.0,NE,1.0,1.0,3.0,1.0,0.0,,
254,19430904.0,623.0,610.0,608.0,266.0,310.0,280.0,339.0,233.0,230.0,238.0,217.0,89.0,71.0,77.0,E,1.0,N,1.0,NE,1.0,1.0,4.0,7.0,0.0,,
255,19430905.0,622.0,609.0,603.0,265.0,297.0,280.0,334.0,227.0,239.0,237.0,209.0,93.0,77.0,74.0,ESE,1.0,NNE,1.0,NNE,1.0,1.0,4.0,8.0,0.0,,
256,19430906.0,624.0,604.0,604.0,260.0,326.0,265.0,324.0,236.0,213.0,203.0,230.0,85.0,55.0,89.0,SSE,1.0,SW,1.0,Calm,0.0,1.0,7.0,8.0,0.0,,
257,19430907.0,621.0,607.0,601.0,261.0,322.0,257.0,334.0,229.0,225.0,205.0,227.0,90.0,57.0,93.0,ESE,1.0,SSE,1.0,Calm,0.0,1.0,3.0,4.0,7.0,,
258,19430908.0,616.0,604.0,601.0,259.0,339.0,285.0,333.0,236.0,210.0,203.0,234.0,85.0,52.0,81.0,ESE,2.0,ESE,1.0,ENE,2.0,1.0,3.0,4.0,18.0,,
259,19430909.0,624.0,602.0,598.0,266.0,335.0,287.0,359.0,231.0,226.0,191.0,237.0,87.0,50.0,81.0,ESE,2.0,ESE,1.0,ENE,1.0,1.0,3.0,1.0,0.0,,
260,19430910.0,623.0,603.0,609.0,259.0,301.0,249.0,342.0,234.0,228.0,246.0,224.0,92.0,78.0,96.0,ESE,1.0,NE,1.0,Calm,0.0,5.0,3.0,9.0,0.0,,
261,19430911.0,617.0,600.0,596.0,264.0,331.0,283.0,335.0,234.0,217.0,179.0,229.0,85.0,48.0,80.0,SE,1.0,S,1.0,NE,1.0,1.0,1.0,2.0,26.0,,
262,19430912.0,617.0,608.0,592.0,269.0,323.0,277.0,338.0,234.0,214.0,207.0,221.0,81.0,57.0,80.0,E,2.0,Calm,0.0,NE,1.0,4.0,8.0,7.0,0.0,,
263,19430913.0,592.0,605.0,607.0,276.0,326.0,275.0,344.0,235.0,219.0,205.0,222.0,80.0,56.0,81.0,E,1.0,E,1.0,NE,1.0,1.0,7.0,3.0,24.0,,
264,19430914.0,629.0,618.0,614.0,263.0,326.0,270.0,338.0,234.0,221.0,209.0,225.0,87.0,57.0,85.0,ENE,1.0,ESE,1.0,E,1.0,1.0,5.0,1.0,34.0,,
265,19430915.0,624.0,610.0,606.0,258.0,337.0,279.0,329.0,229.0,225.0,184.0,222.0,91.0,47.0,79.0,ESE,1.0,ESE,1.0,E,1.0,1.0,2.0,1.0,0.0,,
266,19430916.0,629.0,610.0,610.0,259.0,337.0,279.0,344.0,227.0,212.0,194.0,226.0,85.0,50.0,81.0,SSE,1.0,NNE,1.0,NE,1.0,1.0,3.0,1.0,0.0,,
267,19430917.0,628.0,610.0,607.0,265.0,325.0,277.0,342.0,240.0,226.0,235.0,229.0,88.0,64.0,83.0,E,1.0,N,1.0,NE,1.0,1.0,5.0,1.0,0.0,,
268,19430918.0,628.0,616.0,604.0,259.0,334.0,282.0,347.0,231.0,224.0,200.0,232.0,90.0,52.0,82.0,E,1.0,ESE,1.0,NE,1.0,1.0,4.0,6.0,5.0,,
269,19430919.0,613.0,594.0,597.0,254.0,338.0,282.0,340.0,224.0,209.0,185.0,232.0,87.0,47.0,82.0,SE,1.0,SE,1.0,NE,1.0,1.0,5.0,3.0,0.0,,
270,19430920.0,617.0,600.0,597.0,262.0,333.0,286.0,344.0,239.0,210.0,203.0,228.0,83.0,53.0,78.0,ESE,1.0,NE,1.0,ENE,1.0,1.0,6.0,2.0,0.0,,
271,19430921.0,614.0,612.0,604.0,265.0,256.0,260.0,342.0,237.0,234.0,234.0,233.0,91.0,96.0,93.0,E,1.0,NW,2.0,NE,1.0,1.0,9.0,2.0,0.0,,
272,19430922.0,625.0,607.0,602.0,265.0,301.0,275.0,342.0,233.0,232.0,246.0,222.0,90.0,78.0,91.0,E,2.0,NNE,1.0,NE,2.0,4.0,7.0,3.0,177.0,,
273,19430923.0,624.0,609.0,595.0,257.0,331.0,286.0,334.0,235.0,231.0,214.0,234.0,94.0,57.0,80.0,ESE,2.0,NE,1.0,NNE,1.0,9.0,5.0,1.0,0.0,,
274,19430924.0,624.0,603.0,601.0,263.0,337.0,281.0,343.0,238.0,221.0,239.0,220.0,87.0,62.0,78.0,ESE,2.0,E,2.0,ENE,2.0,3.0,6.0,3.0,0.0,,
275,19430925.0,629.0,614.0,603.0,261.0,326.0,276.0,347.0,225.0,227.0,230.0,223.0,90.0,63.0,81.0,ESE,1.0,NNE,3.0,ENE,1.0,1.0,3.0,1.0,0.0,,
276,19430926.0,622.0,604.0,602.0,264.0,251.0,267.0,339.0,239.0,227.0,223.0,239.0,89.0,94.0,92.0,ESE,1.0,Calm,0.0,Calm,0.0,1.0,9.0,2.0,0.0,,
277,19430927.0,615.0,594.0,597.0,252.0,321.0,279.0,331.0,217.0,222.0,227.0,222.0,93.0,64.0,79.0,E,1.0,NNE,2.0,NE,1.0,1.0,3.0,8.0,175.0,,
278,19430928.0,617.0,594.0,599.0,257.0,326.0,274.0,332.0,234.0,231.0,250.0,231.0,94.0,69.0,65.0,SE,1.0,N,1.0,Calm,0.0,5.0,6.0,2.0,0.0,,
279,19430929.0,612.0,594.0,587.0,269.0,299.0,272.0,334.0,239.0,228.0,228.0,228.0,86.0,73.0,85.0,ESE,1.0,NE,1.0,NE,1.0,6.0,9.0,1.0,1.0,,
280,19430930.0,604.0,583.0,581.0,266.0,336.0,268.0,332.0,237.0,222.0,207.0,249.0,85.0,53.0,95.0,ESE,1.0,SSE,2.0,Calm,0.0,1.0,7.0,9.0,23.0,,
281,,762.0066666666667,760.5,760.12,26.193333333333335,32.086666666666666,27.553333333333335,33.876666666666665,23.313333333333333,22.25,21.336666666666666,22.78,88.06666666666666,61.06666666666667,82.96666666666667,,1.2,,1.1333333333333333,,0.9333333333333333,2.1666666666666665,5.033333333333333,3.6333333333333333,51.6,,
282,19431001.0,602.0,591.0,586.0,254.0,332.0,244.0,344.0,238.0,225.0,222.0,215.0,93.0,59.0,95.0,SE,1.0,NE,1.0,Calm,0.0,9.0,6.0,9.0,102.0,,
283,19431002.0,609.0,595.0,589.0,268.0,328.0,285.0,342.0,236.0,220.0,216.0,228.0,84.0,58.0,79.0,ESE,2.0,Calm,0.0,NE,1.0,4.0,4.0,1.0,235.0,,
284,19431003.0,616.0,604.0,597.0,261.0,328.0,286.0,338.0,236.0,223.0,233.0,215.0,89.0,63.0,74.0,ESE,2.0,NNW,1.0,Calm,0.0,1.0,6.0,4.0,0.0,,
285,19431004.0,618.0,599.0,596.0,264.0,327.0,291.0,338.0,236.0,219.0,198.0,239.0,85.0,54.0,80.0,ESE,2.0,SSE,2.0,NE,1.0,5.0,2.0,1.0,0.0,,
286,19431005.0,617.0,602.0,601.0,253.0,331.0,284.0,340.0,226.0,214.0,177.0,221.0,90.0,47.0,77.0,ESE,3.0,ESE,1.0,NE,1.0,1.0,1.0,2.0,0.0,,
287,19431006.0,627.0,604.0,605.0,259.0,335.0,279.0,340.0,231.0,210.0,177.0,240.0,85.0,46.0,75.0,ESE,1.0,ESE,2.0,ENE,1.0,1.0,3.0,2.0,0.0,,
288,19431007.0,621.0,607.0,610.0,262.0,330.0,276.0,342.0,228.0,218.0,221.0,232.0,86.0,59.0,84.0,ESE,1.0,ENE,2.0,NNE,1.0,5.0,3.0,1.0,0.0,,
289,19431008.0,624.0,605.0,610.0,258.0,328.0,272.0,343.0,231.0,219.0,231.0,218.0,89.0,63.0,81.0,E,1.0,ENE,3.0,NNE,3.0,2.0,7.0,9.0,0.0,,
290,19431009.0,617.0,604.0,609.0,256.0,312.0,272.0,344.0,236.0,220.0,232.0,228.0,90.0,69.0,85.0,ESE,1.0,E,1.0,ENE,1.0,7.0,8.0,8.0,0.0,,
291,19431010.0,624.0,601.0,603.0,261.0,324.0,278.0,334.0,236.0,217.0,225.0,218.0,86.0,62.0,78.0,ESE,1.0,NW,1.0,NNE,1.0,1.0,6.0,2.0,43.0,,
292,19431011.0,626.0,603.0,601.0,247.0,308.0,280.0,336.0,221.0,223.0,218.0,233.0,97.0,66.0,83.0,SE,1.0,NE,1.0,Calm,0.0,7.0,7.0,3.0,0.0,,
293,19431012.0,612.0,590.0,586.0,266.0,342.0,286.0,328.0,236.0,226.0,210.0,226.0,87.0,53.0,78.0,ESE,1.0,ESE,1.0,ENE,1.0,7.0,3.0,1.0,0.0,,
294,19431013.0,609.0,586.0,591.0,271.0,346.0,280.0,349.0,235.0,215.0,216.0,203.0,80.0,53.0,72.0,ESE,1.0,E,1.0,NE,2.0,1.0,1.0,6.0,0.0,,
295,19431014.0,618.0,599.0,594.0,264.0,342.0,286.0,352.0,235.0,231.0,181.0,219.0,90.0,46.0,75.0,ESE,1.0,ESE,2.0,ENE,1.0,3.0,2.0,1.0,0.0,,
296,19431015.0,607.0,584.0,590.0,265.0,332.0,281.0,349.0,233.0,208.0,214.0,202.0,81.0,57.0,71.0,ESE,1.0,E,2.0,E,2.0,1.0,4.0,3.0,0.0,,
297,19431016.0,610.0,595.0,596.0,270.0,344.0,285.0,346.0,231.0,198.0,161.0,200.0,75.0,40.0,69.0,E,2.0,ESE,1.0,ENE,1.0,1.0,1.0,1.0,0.0,,
298,19431017.0,619.0,600.0,597.0,257.0,332.0,280.0,350.0,229.0,217.0,220.0,201.0,89.0,59.0,71.0,ESE,2.0,NE,2.0,NE,1.0,1.0,3.0,1.0,0.0,,
299,19431018.0,616.0,591.0,583.0,261.0,331.0,278.0,350.0,236.0,223.0,200.0,210.0,89.0,53.0,76.0,E,2.0,E,1.0,ENE,2.0,4.0,5.0,2.0,0.0,,
300,19431019.0,599.0,586.0,585.0,248.0,335.0,285.0,349.0,228.0,223.0,197.0,206.0,96.0,51.0,71.0,E,1.0,NE,1.0,NE,2.0,4.0,3.0,2.0,0.0,,
301,19431020.0,598.0,584.0,591.0,263.0,338.0,283.0,344.0,227.0,229.0,221.0,209.0,90.0,56.0,73.0,E,1.0,NE,1.0,E,3.0,4.0,5.0,9.0,0.0,,
302,19431021.0,601.0,586.0,583.0,264.0,268.0,260.0,343.0,227.0,229.0,245.0,246.0,89.0,93.0,98.0,SE,1.0,E,1.0,NE,1.0,2.0,9.0,5.0,12.0,,
303,19431022.0,600.0,588.0,588.0,249.0,328.0,283.0,333.0,227.0,234.0,223.0,236.0,100.0,60.0,82.0,SE,1.0,E,1.0,Calm,0.0,4.0,8.0,3.0,50.0,,
304,19431023.0,600.0,580.0,586.0,259.0,325.0,278.0,335.0,236.0,232.0,233.0,232.0,93.0,63.0,84.0,SE,1.0,ENE,1.0,NE,1.0,6.0,3.0,2.0,0.0,,
305,19431024.0,600.0,579.0,579.0,268.0,290.0,283.0,333.0,236.0,237.0,246.0,227.0,90.0,83.0,79.0,SE,1.0,NE,1.0,ENE,1.0,2.0,5.0,6.0,0.0,,
306,19431025.0,597.0,574.0,574.0,263.0,333.0,276.0,334.0,236.0,219.0,198.0,228.0,96.0,52.0,83.0,ESE,1.0,Calm,0.0,NE,1.0,3.0,3.0,2.0,41.0,,
307,19431026.0,596.0,581.0,589.0,275.0,300.0,263.0,338.0,232.0,236.0,234.0,221.0,87.0,74.0,87.0,ESE,2.0,E,1.0,ESE,1.0,2.0,6.0,9.0,0.0,,
308,19431027.0,611.0,596.0,597.0,268.0,312.0,275.0,317.0,236.0,239.0,241.0,230.0,91.0,71.0,84.0,ESE,1.0,N,1.0,NE,1.0,8.0,8.0,3.0,37.0,,
309,19431028.0,616.0,603.0,600.0,267.0,334.0,285.0,337.0,239.0,233.0,183.0,218.0,90.0,48.0,75.0,ESE,1.0,E,2.0,NE,1.0,7.0,7.0,3.0,1.0,,
310,19431029.0,612.0,595.0,595.0,267.0,320.0,272.0,345.0,238.0,223.0,213.0,220.0,85.0,60.0,82.0,E,1.0,NE,2.0,NE,1.0,4.0,7.0,2.0,0.0,,
311,19431030.0,614.0,597.0,595.0,256.0,308.0,272.0,346.0,226.0,230.0,231.0,216.0,84.0,70.0,80.0,E,1.0,NNE,1.0,ENE,1.0,7.0,9.0,8.0,0.0,,
312,19431031.0,615.0,599.0,598.0,259.0,307.0,276.0,334.0,215.0,228.0,212.0,223.0,92.0,65.0,81.0,SE,1.0,NNE,1.0,NE,1.0,1.0,8.0,1.0,0.0,,
313,,761.1322580645161,759.3806451612903,759.3677419354839,26.138709677419353,32.41935483870968,27.78709677419355,34.04193548387097,23.203225806451613,22.316129032258065,21.383870967741935,22.129032258064516,88.64516129032258,59.774193548387096,79.41935483870968,,1.2903225806451613,,1.2580645161290323,,1.1290322580645162,3.7096774193548385,4.935483870967742,3.6129032258064515,52.1,,
314,19431101.0,617.0,597.0,594.0,241.0,330.0,277.0,329.0,222.0,217.0,232.0,213.0,97.0,62.0,77.0,SE,1.0,NNE,1.0,NE,1.0,9.0,7.0,1.0,0.0,,
315,19431102.0,609.0,599.0,597.0,264.0,327.0,284.0,340.0,231.0,225.0,213.0,212.0,88.0,58.0,74.0,SSE,1.0,E,1.0,ENE,1.0,2.0,6.0,1.0,0.0,,
316,19431103.0,617.0,600.0,608.0,258.0,331.0,270.0,339.0,225.0,227.0,200.0,217.0,92.0,53.0,82.0,ESE,1.0,ENE,2.0,NNE,2.0,3.0,1.0,1.0,0.0,,
317,19431104.0,615.0,601.0,600.0,247.0,313.0,276.0,339.0,225.0,227.0,228.0,204.0,98.0,67.0,74.0,S,1.0,NE,2.0,ENE,1.0,1.0,6.0,1.0,0.0,,
318,19431105.0,610.0,600.0,595.0,259.0,326.0,271.0,328.0,206.0,226.0,222.0,224.0,91.0,61.0,84.0,Calm,0.0,NNE,2.0,NNE,1.0,3.0,1.0,1.0,0.0,,
319,19431106.0,606.0,589.0,593.0,252.0,302.0,253.0,339.0,221.0,234.0,207.0,228.0,98.0,65.0,95.0,Calm,0.0,N,2.0,Calm,0.0,9.0,7.0,10.0,0.0,,
320,19431107.0,609.0,584.0,,246.0,272.0,,319.0,229.0,228.0,238.0,,99.0,89.0,,Calm,0.0,NNW,1.0,,,8.0,9.0,,50.0,,
321,19431108.0,599.0,582.0,583.0,252.0,282.0,245.0,329.0,226.0,216.0,236.0,227.0,91.0,83.0,99.0,SE,1.0,NNE,3.0,Calm,0.0,4.0,9.0,10.0,54.0,,
322,19431109.0,598.0,579.0,589.0,248.0,284.0,244.0,324.0,226.0,219.0,254.0,214.0,94.0,88.0,94.0,SSE,1.0,Calm,0.0,Calm,0.0,4.0,6.0,10.0,92.0,,
323,19431110.0,599.0,575.0,581.0,243.0,300.0,251.0,315.0,229.0,222.0,229.0,233.0,98.0,73.0,98.0,Calm,0.0,SE,1.0,Calm,0.0,7.0,8.0,9.0,112.0,,
324,19431111.0,603.0,586.0,584.0,251.0,322.0,272.0,323.0,229.0,217.0,197.0,218.0,92.0,55.0,81.0,ESE,2.0,E,1.0,ENE,1.0,3.0,3.0,2.0,210.0,,
325,19431112.0,603.0,588.0,586.0,262.0,336.0,268.0,334.0,231.0,222.0,222.0,220.0,88.0,57.0,84.0,ESE,1.0,E,1.0,ENE,1.0,2.0,4.0,1.0,0.0,,
326,19431113.0,607.0,585.0,595.0,253.0,333.0,276.0,343.0,223.0,222.0,226.0,204.0,93.0,60.0,74.0,ESE,1.0,ESE,1.0,NE,1.0,2.0,1.0,3.0,0.0,,
327,19431114.0,611.0,595.0,594.0,247.0,291.0,276.0,342.0,234.0,216.0,227.0,226.0,93.0,76.0,82.0,Calm,0.0,NNE,1.0,NE,1.0,8.0,7.0,2.0,0.0,,
328,19431115.0,606.0,590.0,583.0,268.0,281.0,246.0,310.0,237.0,235.0,247.0,222.0,90.0,88.0,97.0,Calm,0.0,ENE,1.0,Calm,0.0,7.0,9.0,10.0,1.0,,
329,19431116.0,605.0,587.0,589.0,248.0,280.0,265.0,332.0,226.0,229.0,253.0,234.0,98.0,90.0,91.0,ESE,1.0,N,1.0,NNE,1.0,9.0,8.0,7.0,42.0,,
330,19431117.0,602.0,593.0,591.0,253.0,314.0,266.0,323.0,227.0,228.0,223.0,230.0,95.0,65.0,89.0,ESE,1.0,ENE,1.0,NNE,1.0,1.0,8.0,5.0,7.0,,
331,19431118.0,600.0,576.0,577.0,254.0,321.0,276.0,326.0,213.0,231.0,229.0,230.0,96.0,65.0,84.0,Calm,0.0,N,2.0,N,1.0,2.0,5.0,7.0,1.0,,
332,19431119.0,578.0,573.0,575.0,263.0,306.0,263.0,330.0,230.0,229.0,241.0,225.0,90.0,74.0,89.0,Calm,0.0,N,2.0,N,1.0,3.0,3.0,5.0,0.0,,
333,19431120.0,593.0,576.0,575.0,262.0,308.0,266.0,322.0,217.0,226.0,214.0,220.0,90.0,65.0,85.0,Calm,0.0,NNW,1.0,Calm,0.0,4.0,7.0,3.0,0.0,,
334,19431121.0,597.0,582.0,585.0,251.0,318.0,271.0,328.0,217.0,229.0,235.0,227.0,97.0,67.0,85.0,Calm,0.0,NNW,2.0,Calm,0.0,7.0,6.0,3.0,0.0,,
335,19431122.0,601.0,592.0,582.0,256.0,311.0,271.0,333.0,233.0,226.0,244.0,229.0,93.0,73.0,86.0,ESE,1.0,ENE,2.0,E,1.0,1.0,4.0,1.0,0.0,,
336,19431123.0,607.0,586.0,586.0,265.0,265.0,270.0,326.0,232.0,243.0,251.0,237.0,94.0,98.0,90.0,ENE,1.0,Calm,0.0,ENE,2.0,1.0,7.0,7.0,6.0,,
337,19431124.0,610.0,596.0,593.0,261.0,307.0,251.0,326.0,230.0,229.0,236.0,229.0,91.0,71.0,97.0,ENE,1.0,ENE,3.0,Calm,0.0,3.0,8.0,9.0,205.0,,
338,19431125.0,616.0,607.0,603.0,253.0,253.0,261.0,321.0,221.0,238.0,236.0,243.0,99.0,98.0,97.0,E,1.0,Calm,0.0,Calm,0.0,7.0,9.0,9.0,47.0,,
339,19431126.0,619.0,606.0,607.0,243.0,290.0,249.0,282.0,226.0,224.0,253.0,232.0,99.0,85.0,99.0,Calm,0.0,Calm,0.0,Calm,0.0,8.0,9.0,8.0,150.0,,
340,19431127.0,623.0,603.0,597.0,252.0,267.0,252.0,299.0,224.0,236.0,239.0,232.0,99.0,92.0,97.0,E,1.0,Calm,0.0,Calm,0.0,7.0,9.0,9.0,253.0,,
341,19431128.0,615.0,595.0,596.0,245.0,279.0,251.0,309.0,214.0,227.0,255.0,223.0,99.0,91.0,94.0,SE,1.0,Calm,0.0,E,1.0,7.0,4.0,9.0,42.0,,
342,19431129.0,617.0,599.0,597.0,246.0,320.0,276.0,317.0,223.0,218.0,206.0,232.0,95.0,58.0,84.0,SE,1.0,ESE,2.0,NNE,1.0,4.0,2.0,1.0,62.0,,
343,19431130.0,618.0,594.0,594.0,246.0,323.0,269.0,329.0,226.0,222.0,226.0,218.0,97.0,63.0,83.0,ESE,1.0,ESE,1.0,ENE,2.0,4.0,1.0,1.0,0.0,,
344,,760.7,759.05,759.0655172413793,25.296666666666667,30.306666666666665,26.434482758620693,32.519999999999996,22.509999999999998,22.62666666666667,23.063333333333333,22.424137931034483,94.46666666666667,73.0,87.75862068965517,,0.6666666666666666,,1.2333333333333334,,0.7241379310344828,4.666666666666667,5.8,5.0344827586206895,133.4,,
345,19431201.0,603.0,580.0,583.0,250.0,306.0,272.0,329.0,225.0,220.0,232.0,226.0,93.0,71.0,84.0,Calm,0.0,NE,1.0,Calm,0.0,8.0,6.0,8.0,0.0,,
346,19431202.0,600.0,585.0,584.0,256.0,265.0,258.0,316.0,232.0,226.0,234.0,225.0,93.0,91.0,91.0,Calm,0.0,Calm,0.0,Calm,0.0,9.0,9.0,5.0,37.0,,
347,19431203.0,602.0,588.0,588.0,241.0,253.0,263.0,292.0,232.0,210.0,226.0,223.0,94.0,94.0,88.0,Calm,0.0,E,1.0,Calm,0.0,10.0,9.0,10.0,283.0,,
348,19431204.0,605.0,590.0,590.0,260.0,265.0,258.0,294.0,236.0,223.0,226.0,229.0,90.0,88.0,93.0,Calm,0.0,Calm,0.0,E,1.0,2.0,9.0,10.0,4.0,,
349,19431205.0,599.0,586.0,583.0,248.0,322.0,270.0,322.0,234.0,219.0,197.0,207.0,94.0,55.0,78.0,SE,1.0,ENE,2.0,ENE,1.0,7.0,7.0,6.0,74.0,,
350,19431206.0,606.0,589.0,584.0,253.0,311.0,279.0,333.0,233.0,214.0,190.0,216.0,90.0,56.0,77.0,ESE,1.0,ESE,1.0,ENE,1.0,2.0,6.0,5.0,9.0,,
351,19431207.0,616.0,599.0,603.0,254.0,322.0,261.0,322.0,226.0,207.0,175.0,203.0,86.0,49.0,81.0,ESE,1.0,ESE,1.0,ENE,2.0,1.0,4.0,9.0,0.0,,
352,19431208.0,621.0,606.0,610.0,256.0,316.0,271.0,331.0,220.0,230.0,197.0,218.0,94.0,57.0,82.0,ESE,1.0,Calm,0.0,NNE,1.0,2.0,3.0,1.0,47.0,,
353,19431209.0,623.0,610.0,608.0,273.0,279.0,240.0,326.0,240.0,225.0,212.0,208.0,83.0,76.0,94.0,ENE,1.0,ENE,3.0,Calm,0.0,7.0,9.0,10.0,1.0,,
354,19431210.0,608.0,603.0,603.0,257.0,301.0,271.0,306.0,227.0,217.0,240.0,224.0,89.0,66.0,84.0,NE,1.0,NNE,1.0,NNE,1.0,1.0,7.0,2.0,195.0,,
355,19431211.0,614.0,600.0,600.0,259.0,310.0,272.0,318.0,226.0,222.0,229.0,226.0,90.0,69.0,84.0,ESE,1.0,ENE,3.0,Calm,0.0,1.0,7.0,8.0,0.0,,
356,19431212.0,623.0,608.0,604.0,259.0,277.0,274.0,314.0,233.0,222.0,241.0,225.0,90.0,89.0,83.0,ESE,2.0,Calm,0.0,ENE,1.0,2.0,8.0,1.0,6.0,,
357,19431213.0,619.0,599.0,601.0,259.0,299.0,271.0,332.0,227.0,220.0,217.0,218.0,89.0,69.0,82.0,ESE,1.0,ENE,1.0,ENE,1.0,4.0,6.0,3.0,73.0,,
358,19431214.0,615.0,600.0,586.0,254.0,259.0,252.0,317.0,231.0,219.0,224.0,216.0,91.0,90.0,91.0,Calm,0.0,ENE,1.0,Calm,0.0,5.0,9.0,7.0,31.0,,
359,19431215.0,605.0,588.0,584.0,238.0,270.0,265.0,307.0,224.0,206.0,215.0,220.0,94.0,81.0,85.0,Calm,0.0,Calm,0.0,Calm,0.0,9.0,9.0,8.0,205.0,,
360,19431216.0,599.0,582.0,584.0,246.0,296.0,268.0,290.0,214.0,212.0,227.0,220.0,92.0,74.0,84.0,SE,1.0,ENE,1.0,E,1.0,3.0,7.0,3.0,1.0,,
361,19431217.0,603.0,586.0,585.0,250.0,282.0,269.0,310.0,225.0,218.0,208.0,234.0,93.0,73.0,89.0,E,1.0,SE,1.0,ENE,1.0,2.0,7.0,2.0,15.0,,
362,19431218.0,610.0,596.0,599.0,245.0,257.0,252.0,315.0,235.0,215.0,215.0,224.0,94.0,88.0,94.0,ENE,2.0,NE,1.0,NE,1.0,10.0,9.0,9.0,14.0,,
363,19431219.0,612.0,595.0,603.0,243.0,280.0,262.0,282.0,224.0,205.0,229.0,222.0,91.0,82.0,88.0,ESE,1.0,ENE,1.0,NE,1.0,9.0,9.0,8.0,99.0,,
364,19431220.0,621.0,607.0,601.0,241.0,288.0,261.0,300.0,227.0,208.0,220.0,219.0,93.0,75.0,87.0,Calm,0.0,NE,1.0,Calm,0.0,9.0,8.0,5.0,302.0,,
365,19431221.0,614.0,594.0,592.0,248.0,292.0,256.0,297.0,229.0,219.0,224.0,212.0,94.0,74.0,87.0,E,1.0,ENE,3.0,NE,1.0,8.0,7.0,8.0,4.0,,
366,19431222.0,606.0,594.0,595.0,252.0,302.0,248.0,307.0,221.0,214.0,213.0,200.0,90.0,67.0,86.0,E,1.0,ENE,3.0,ENE,3.0,1.0,3.0,7.0,11.0,,
367,19431223.0,607.0,600.0,598.0,232.0,257.0,242.0,314.0,224.0,200.0,207.0,198.0,95.0,85.0,88.0,ESE,1.0,NE,2.0,NE,1.0,10.0,9.0,9.0,50.0,,
368,19431224.0,609.0,597.0,596.0,241.0,275.0,256.0,276.0,226.0,210.0,214.0,206.0,94.0,79.0,85.0,Calm,0.0,ENE,1.0,NE,1.0,9.0,9.0,1.0,107.0,,
369,19431225.0,606.0,593.0,588.0,251.0,300.0,262.0,302.0,227.0,223.0,223.0,220.0,94.0,70.0,87.0,ENE,1.0,NNE,2.0,NE,1.0,8.0,8.0,8.0,22.0,,
370,19431226.0,610.0,597.0,593.0,241.0,282.0,259.0,309.0,231.0,210.0,230.0,222.0,94.0,81.0,90.0,SE,1.0,NE,1.0,NE,1.0,10.0,9.0,7.0,355.0,,
371,19431227.0,598.0,594.0,591.0,241.0,262.0,251.0,304.0,231.0,208.0,228.0,215.0,93.0,90.0,91.0,NE,1.0,NNE,1.0,NNE,1.0,9.0,9.0,8.0,34.0,,
372,19431228.0,604.0,596.0,596.0,243.0,260.0,238.0,283.0,221.0,212.0,209.0,206.0,94.0,84.0,94.0,Calm,0.0,Calm,0.0,Calm,0.0,9.0,10.0,10.0,48.0,,
373,19431229.0,609.0,600.0,594.0,237.0,294.0,248.0,272.0,221.0,205.0,223.0,217.0,94.0,73.0,93.0,SW,1.0,NNW,1.0,Calm,0.0,7.0,7.0,9.0,24.0,,
374,19431230.0,617.0,609.0,607.0,246.0,255.0,244.0,306.0,225.0,212.0,215.0,214.0,92.0,89.0,94.0,E,1.0,E,1.0,Calm,0.0,6.0,10.0,10.0,136.0,,
375,19431231.0,616.0,602.0,602.0,242.0,284.0,250.0,302.0,216.0,211.0,248.0,222.0,94.0,86.0,94.0,Calm,0.0,NNW,1.0,Calm,0.0,6.0,7.0,8.0,262.0,,
376,,760.9677419354839,759.5903225806452,759.4677419354839,24.89032258064516,28.45483870967742,25.94516129032258,30.735483870967744,22.719354838709677,21.490322580645163,21.89677419354839,21.725806451612904,91.96774193548387,76.48387096774194,87.35483870967742,,0.7419354838709677,,1.1612903225806452,,0.7096774193548387,6.0,7.612903225806452,6.612903225806452,244.9,,
