date,p0,p1,p2,datestring
1786-01-01,1014.5,1012.5,1011.6,1786_January_1
1786-01-02,1010.3,1007.0,1001.5,1786_January_2
1786-01-03,986.0,985.3,989.3,1786_January_3
1786-01-04,995.6,995.9,999.3,1786_January_4
1786-01-05,998.4,998.1,1005.0,1786_January_5
1786-01-06,1004.5,1001.7,999.5,1786_January_6
1786-01-07,997.1,997.2,997.9,1786_January_7
1786-01-08,1000.2,1000.2,1002.7,1786_January_8
1786-01-09,1002.5,1002.3,1005.4,1786_January_9
1786-01-10,1005.6,1004.1,1005.5,1786_January_10
1786-01-11,1005.1,1002.0,1002.0,1786_January_11
1786-01-12,1002.6,997.1,996.7,1786_January_12
1786-01-13,1009.3,1007.5,1013.3,1786_January_13
1786-01-14,1012.4,1009.5,1007.6,1786_January_14
1786-01-15,999.7,1000.0,996.9,1786_January_15
1786-01-16,994.3,996.6,1001.3,1786_January_16
1786-01-17,1008.8,1008.5,1012.1,1786_January_17
1786-01-18,1017.7,1017.6,1018.9,1786_January_18
1786-01-19,1024.8,1016.9,1025.3,1786_January_19
1786-01-20,1030.7,1029.8,1027.0,1786_January_20
1786-01-21,1014.2,1009.6,1005.7,1786_January_21
1786-01-22,998.2,995.5,992.2,1786_January_22
1786-01-23,981.7,980.4,1002.4,1786_January_23
1786-01-24,1016.0,1016.9,1014.7,1786_January_24
1786-01-25,999.7,996.0,995.4,1786_January_25
1786-01-26,1002.2,1004.4,1011.2,1786_January_26
1786-01-27,1024.7,1024.7,1024.8,1786_January_27
1786-01-28,1020.9,1019.1,1010.5,1786_January_28
1786-01-29,1006.9,1007.4,1008.6,1786_January_29
1786-01-30,1004.2,993.3,984.3,1786_January_30
1786-01-31,982.0,984.4,1005.9,1786_January_31
1786-02-01,1019.5,1020.5,1021.6,1786_February_1
1786-02-02,1020.9,1019.1,1016.4,1786_February_2
1786-02-03,1012.1,1007.6,1004.8,1786_February_3
1786-02-04,1006.9,1007.7,1011.3,1786_February_4
1786-02-05,1010.6,1006.9,1001.2,1786_February_5
1786-02-06,995.9,994.8,998.6,1786_February_6
1786-02-07,999.3,996.2,992.9,1786_February_7
1786-02-08,997.8,997.9,997.4,1786_February_8
1786-02-09,997.3,998.5,1003.4,1786_February_9
1786-02-10,997.2,996.9,1004.7,1786_February_10
1786-02-11,1015.4,1014.1,1015.2,1786_February_11
1786-02-12,1015.6,1013.7,1013.6,1786_February_12
1786-02-13,1014.6,1012.9,1011.8,1786_February_13
1786-02-14,1008.2,1002.3,996.6,1786_February_14
1786-02-15,1008.3,1011.3,1013.4,1786_February_15
1786-02-16,1014.7,1014.2,1015.9,1786_February_16
1786-02-17,1019.0,1018.4,1015.7,1786_February_17
1786-02-18,1003.7,993.7,993.3,1786_February_18
1786-02-19,1016.1,1017.7,1022.6,1786_February_19
1786-02-20,1014.9,1007.8,997.8,1786_February_20
1786-02-21,1004.1,1010.3,1018.6,1786_February_21
1786-02-22,1018.1,1012.9,1010.6,1786_February_22
1786-02-23,1016.6,1016.2,1013.5,1786_February_23
1786-02-24,999.8,996.7,1006.5,1786_February_24
1786-02-25,1017.8,1018.3,1018.1,1786_February_25
1786-02-26,1015.0,1012.5,1009.0,1786_February_26
1786-02-27,1003.5,1000.2,998.9,1786_February_27
1786-02-28,999.8,999.7,1000.0,1786_February_28
,100.0,100.0,100.0,1786_February_29
,100.0,100.0,100.0,1786_February_30
,100.0,100.0,100.0,1786_February_31
1786-03-01,999.0,997.9,998.2,1786_March_1
1786-03-02,998.0,998.4,990.1,1786_March_2
1786-03-03,981.9,982.4,985.2,1786_March_3
1786-03-04,983.4,988.4,995.6,1786_March_4
1786-03-05,1000.7,1003.3,1009.4,1786_March_5
1786-03-06,1009.7,1009.5,1006.1,1786_March_6
1786-03-07,1002.9,1002.3,1002.1,1786_March_7
1786-03-08,1000.2,997.8,995.9,1786_March_8
1786-03-09,996.0,995.8,999.7,1786_March_9
1786-03-10,1004.5,1005.0,1009.0,1786_March_10
1786-03-11,1012.3,1011.8,1011.9,1786_March_11
1786-03-12,1013.2,1015.2,1018.1,1786_March_12
1786-03-13,1019.8,1020.1,1020.3,1786_March_13
1786-03-14,1024.0,1023.3,1022.0,1786_March_14
1786-03-15,1020.7,1020.5,1021.4,1786_March_15
1786-03-16,1015.1,1007.1,1000.5,1786_March_16
1786-03-17,996.6,996.7,998.3,1786_March_17
1786-03-18,1002.8,1002.9,1002.5,1786_March_18
1786-03-19,1002.2,1001.7,1003.0,1786_March_19
1786-03-20,1003.4,1004.6,1002.3,1786_March_20
1786-03-21,1000.3,996.7,992.3,1786_March_21
1786-03-22,986.3,985.3,986.9,1786_March_22
1786-03-23,987.0,984.5,985.2,1786_March_23
1786-03-24,987.2,988.1,991.1,1786_March_24
1786-03-25,990.2,990.6,993.7,1786_March_25
1786-03-26,993.0,989.0,989.4,1786_March_26
1786-03-27,991.7,992.3,995.8,1786_March_27
1786-03-28,1004.6,1006.1,1008.4,1786_March_28
1786-03-29,1007.4,1004.4,1002.0,1786_March_29
1786-03-30,1001.0,1003.3,1006.4,1786_March_30
1786-03-31,1003.3,1001.3,1007.9,1786_March_31
1786-04-01,1016.0,1016.2,1012.2,1786_April_1
1786-04-02,990.3,993.2,1011.6,1786_April_2
1786-04-03,1019.9,1018.0,1012.2,1786_April_3
1786-04-04,1004.4,1003.6,1003.8,1786_April_4
1786-04-05,1001.8,1001.8,1000.0,1786_April_5
1786-04-06,1000.2,999.9,996.8,1786_April_6
1786-04-07,995.9,999.5,1005.3,1786_April_7
1786-04-08,1008.0,1006.0,1004.2,1786_April_8
1786-04-09,995.7,997.4,1002.0,1786_April_9
1786-04-10,1004.7,1004.0,1006.1,1786_April_10
1786-04-11,1009.8,1010.1,1012.1,1786_April_11
1786-04-12,1012.4,1012.0,1012.4,1786_April_12
1786-04-13,1015.7,1016.5,1014.8,1786_April_13
1786-04-14,1010.4,1006.8,1006.7,1786_April_14
1786-04-15,1013.8,1013.8,1012.9,1786_April_15
1786-04-16,1011.7,1008.8,1006.2,1786_April_16
1786-04-17,1000.7,1000.1,1001.9,1786_April_17
1786-04-18,1002.4,1002.5,1003.4,1786_April_18
1786-04-19,1008.7,1010.6,1010.8,1786_April_19
1786-04-20,1013.7,1015.0,1016.7,1786_April_20
1786-04-21,1015.3,1015.6,1014.3,1786_April_21
1786-04-22,1011.4,1010.5,1008.6,1786_April_22
1786-04-23,1007.8,1007.8,1008.1,1786_April_23
1786-04-24,1002.2,997.7,991.0,1786_April_24
1786-04-25,985.7,984.3,986.0,1786_April_25
1786-04-26,991.3,993.9,995.5,1786_April_26
1786-04-27,998.0,997.6,997.9,1786_April_27
1786-04-28,995.5,991.4,994.4,1786_April_28
1786-04-29,993.1,991.1,992.6,1786_April_29
1786-04-30,990.4,987.9,988.1,1786_April_30
,100.0,100.0,100.0,1786_April_31
1786-05-01,991.2,990.9,1000.4,1786_May_1
1786-05-02,1003.9,1004.1,1004.7,1786_May_2
1786-05-03,1005.7,1004.6,1002.6,1786_May_3
1786-05-04,1005.1,1006.8,1007.1,1786_May_4
1786-05-05,1010.7,1010.5,1010.4,1786_May_5
1786-05-06,1007.5,1005.7,1000.9,1786_May_6
1786-05-07,992.4,992.2,995.2,1786_May_7
1786-05-08,1000.4,1001.9,1006.8,1786_May_8
1786-05-09,1010.3,1010.3,1013.0,1786_May_9
1786-05-10,1013.8,1013.6,1012.0,1786_May_10
1786-05-11,1009.1,1008.5,1006.8,1786_May_11
1786-05-12,1005.7,1005.2,1005.6,1786_May_12
1786-05-13,1004.8,1004.8,1006.0,1786_May_13
1786-05-14,1006.8,1006.0,1003.9,1786_May_14
1786-05-15,1007.7,1006.6,1001.0,1786_May_15
1786-05-16,1001.9,1001.8,999.2,1786_May_16
1786-05-17,997.1,996.8,998.1,1786_May_17
1786-05-18,999.7,999.3,1001.5,1786_May_18
1786-05-19,1004.3,1005.5,1009.8,1786_May_19
1786-05-20,1014.1,1014.5,1014.0,1786_May_20
1786-05-21,1013.8,1013.3,1012.8,1786_May_21
1786-05-22,1012.7,1012.0,1012.4,1786_May_22
1786-05-23,1012.4,1011.9,1012.8,1786_May_23
1786-05-24,1010.9,1009.6,1009.0,1786_May_24
1786-05-25,1009.3,1009.2,1010.6,1786_May_25
1786-05-26,1014.5,1015.9,1016.5,1786_May_26
1786-05-27,1015.6,1015.5,1015.8,1786_May_27
1786-05-28,1015.5,1015.1,1014.0,1786_May_28
1786-05-29,1011.2,1012.0,1013.3,1786_May_29
1786-05-30,1015.2,1015.5,1016.0,1786_May_30
1786-05-31,1014.2,1013.1,1012.0,1786_May_31
1786-06-01,1010.1,1010.3,1010.9,1786_June_1
1786-06-02,1011.0,1008.9,1007.0,1786_June_2
1786-06-03,1004.8,1002.1,998.8,1786_June_3
1786-06-04,998.1,996.9,1000.8,1786_June_4
1786-06-05,1003.5,1003.8,1001.8,1786_June_5
1786-06-06,998.9,996.8,995.1,1786_June_6
1786-06-07,994.7,994.5,994.6,1786_June_7
1786-06-08,994.3,993.4,993.2,1786_June_8
1786-06-09,999.8,1004.4,1006.5,1786_June_9
1786-06-10,1008.3,1006.4,1003.5,1786_June_10
1786-06-11,1000.5,999.1,995.7,1786_June_11
1786-06-12,992.7,992.6,995.3,1786_June_12
1786-06-13,999.3,999.0,999.6,1786_June_13
1786-06-14,1005.1,1005.2,1006.8,1786_June_14
1786-06-15,1010.6,1010.8,1011.9,1786_June_15
1786-06-16,1013.8,1013.4,1011.9,1786_June_16
1786-06-17,1006.0,1003.8,1001.8,1786_June_17
1786-06-18,1001.6,999.9,999.8,1786_June_18
1786-06-19,999.0,996.8,996.0,1786_June_19
1786-06-20,996.6,997.0,998.9,1786_June_20
1786-06-21,1000.8,999.5,1000.5,1786_June_21
1786-06-22,1002.0,1001.7,1002.9,1786_June_22
1786-06-23,1004.2,1003.3,1002.4,1786_June_23
1786-06-24,1004.0,1002.8,998.9,1786_June_24
1786-06-25,997.9,997.1,997.4,1786_June_25
1786-06-26,999.1,999.3,1001.9,1786_June_26
1786-06-27,1000.8,997.4,1000.6,1786_June_27
1786-06-28,1004.1,1003.6,1004.2,1786_June_28
1786-06-29,1004.9,1003.9,1002.5,1786_June_29
1786-06-30,1005.8,1006.6,1010.6,1786_June_30
,100.0,100.0,100.0,1786_June_31
1786-07-01,1014.2,1014.7,1013.1,1786_July_1
1786-07-02,1009.4,1005.9,1003.6,1786_July_2
1786-07-03,1004.9,1005.5,1005.9,1786_July_3
1786-07-04,1004.9,1001.8,999.8,1786_July_4
1786-07-05,1002.6,1002.2,1002.5,1786_July_5
1786-07-06,1005.3,1005.6,1006.4,1786_July_6
1786-07-07,1008.0,1006.9,1005.8,1786_July_7
1786-07-08,1002.3,998.5,997.8,1786_July_8
1786-07-09,1005.0,1004.8,1004.7,1786_July_9
1786-07-10,1006.4,1006.9,1007.2,1786_July_10
1786-07-11,1007.3,1004.8,1002.5,1786_July_11
1786-07-12,1000.1,999.6,1003.4,1786_July_12
1786-07-13,1008.2,1008.6,1009.3,1786_July_13
1786-07-14,1009.0,1007.4,1004.1,1786_July_14
1786-07-15,1004.3,1006.2,1005.9,1786_July_15
1786-07-16,1004.8,1000.3,997.8,1786_July_16
1786-07-17,1001.3,1004.8,1007.8,1786_July_17
1786-07-18,1008.7,1007.1,1000.1,1786_July_18
1786-07-19,998.2,997.7,998.8,1786_July_19
1786-07-20,1001.0,1001.3,1002.2,1786_July_20
1786-07-21,1004.8,1005.3,1005.9,1786_July_21
1786-07-22,1005.2,1004.4,1002.7,1786_July_22
1786-07-23,1001.1,999.0,999.2,1786_July_23
1786-07-24,1001.6,1001.7,1004.5,1786_July_24
1786-07-25,1007.5,1007.6,1008.1,1786_July_25
1786-07-26,1008.1,1005.6,1003.4,1786_July_26
1786-07-27,1001.8,1000.1,1002.8,1786_July_27
1786-07-28,1007.1,1007.9,1008.5,1786_July_28
1786-07-29,1009.5,1010.0,1010.6,1786_July_29
1786-07-30,1012.5,1012.7,1014.0,1786_July_30
1786-07-31,1015.0,1015.0,1015.4,1786_July_31
1786-08-01,1014.4,1014.2,1012.1,1786_August_1
1786-08-02,1008.1,1006.0,1004.9,1786_August_2
1786-08-03,1006.6,1007.9,1008.0,1786_August_3
1786-08-04,1008.9,1008.0,1008.4,1786_August_4
1786-08-05,1008.5,1008.1,1007.6,1786_August_5
1786-08-06,1007.4,1006.1,1009.1,1786_August_6
1786-08-07,1013.9,1013.9,1012.1,1786_August_7
1786-08-08,1012.6,1011.9,1010.6,1786_August_8
1786-08-09,1007.7,1005.3,1003.7,1786_August_9
1786-08-10,1002.4,1003.6,1005.1,1786_August_10
1786-08-11,1004.8,1001.1,999.7,1786_August_11
1786-08-12,994.1,994.5,1000.7,1786_August_12
1786-08-13,1005.6,1006.6,1005.3,1786_August_13
1786-08-14,1002.7,1002.7,1006.2,1786_August_14
1786-08-15,1009.1,1009.8,1011.0,1786_August_15
1786-08-16,1012.1,1011.6,1012.3,1786_August_16
1786-08-17,1011.9,1011.4,1010.8,1786_August_17
1786-08-18,1009.8,1010.5,1011.6,1786_August_18
1786-08-19,1013.6,1013.7,1013.4,1786_August_19
1786-08-20,1012.7,1011.2,1009.8,1786_August_20
1786-08-21,1010.3,1009.3,1006.6,1786_August_21
1786-08-22,1003.5,1004.9,1010.1,1786_August_22
1786-08-23,1009.2,1002.7,1001.7,1786_August_23
1786-08-24,1008.7,1009.5,1012.8,1786_August_24
1786-08-25,1015.7,1014.6,1012.0,1786_August_25
1786-08-26,1007.9,1004.6,1003.4,1786_August_26
1786-08-27,1002.3,1003.4,1013.1,1786_August_27
1786-08-28,1019.3,1019.3,1018.4,1786_August_28
1786-08-29,1011.1,1004.9,1004.2,1786_August_29
1786-08-30,1012.1,1013.1,1013.6,1786_August_30
1786-08-31,1012.8,1012.4,1012.1,1786_August_31
1786-09-01,1013.8,1013.5,1013.6,1786_September_1
1786-09-02,1013.0,1011.0,1010.3,1786_September_2
1786-09-03,1008.4,1006.1,1002.3,1786_September_3
1786-09-04,1006.5,1010.6,1014.8,1786_September_4
1786-09-05,1014.0,1009.8,1003.4,1786_September_5
1786-09-06,1003.0,1002.9,1006.1,1786_September_6
1786-09-07,1009.8,1010.6,1015.3,1786_September_7
1786-09-08,1019.5,1020.0,1018.6,1786_September_8
1786-09-09,1013.8,1009.9,1004.6,1786_September_9
1786-09-10,997.0,994.4,992.9,1786_September_10
1786-09-11,990.9,990.7,995.3,1786_September_11
1786-09-12,998.5,997.7,1000.1,1786_September_12
1786-09-13,1005.5,1005.3,1008.6,1786_September_13
1786-09-14,1012.9,1012.6,1013.8,1786_September_14
1786-09-15,1013.5,1011.6,1011.5,1786_September_15
1786-09-16,1015.6,1016.5,1017.0,1786_September_16
1786-09-17,1017.3,1016.5,1015.3,1786_September_17
1786-09-18,1014.5,1013.6,1012.2,1786_September_18
1786-09-19,1012.6,1006.7,1001.3,1786_September_19
1786-09-20,997.6,998.6,1000.1,1786_September_20
1786-09-21,1002.6,1005.3,1010.2,1786_September_21
1786-09-22,1013.0,1013.3,1012.4,1786_September_22
1786-09-23,1009.3,1007.1,1007.4,1786_September_23
1786-09-24,1012.0,1012.9,1014.1,1786_September_24
1786-09-25,1014.5,1010.8,1007.9,1786_September_25
1786-09-26,1007.2,1006.0,1007.0,1786_September_26
1786-09-27,1009.1,1009.6,1009.7,1786_September_27
1786-09-28,1009.1,1007.5,1007.4,1786_September_28
1786-09-29,1012.1,1011.5,1012.4,1786_September_29
1786-09-30,1012.8,1011.6,1011.7,1786_September_30
,100.0,100.0,100.0,1786_September_31
1786-10-01,1011.7,1008.9,1010.4,1786_October_1
1786-10-02,1009.8,1008.1,1007.4,1786_October_2
1786-10-03,1012.3,1012.6,1013.3,1786_October_3
1786-10-04,1013.0,1012.7,1009.3,1786_October_4
1786-10-05,1006.3,1003.1,998.9,1786_October_5
1786-10-06,988.9,986.4,985.3,1786_October_6
1786-10-07,992.9,995.5,999.5,1786_October_7
1786-10-08,1001.6,1001.0,1000.8,1786_October_8
1786-10-09,999.2,997.7,1001.6,1786_October_9
1786-10-10,1004.8,1004.3,1005.6,1786_October_10
1786-10-11,1007.1,1005.7,1005.4,1786_October_11
1786-10-12,1000.4,996.4,996.9,1786_October_12
1786-10-13,1003.7,1004.0,1006.2,1786_October_13
1786-10-14,1012.4,1013.3,1010.2,1786_October_14
1786-10-15,1006.9,1006.2,1007.3,1786_October_15
1786-10-16,1007.7,1005.4,1003.8,1786_October_16
1786-10-17,997.2,993.8,999.4,1786_October_17
1786-10-18,1008.3,1009.2,1015.4,1786_October_18
1786-10-19,1020.7,1020.1,1020.1,1786_October_19
1786-10-20,1018.0,1014.6,1013.4,1786_October_20
1786-10-21,1011.3,1010.6,1006.0,1786_October_21
1786-10-22,1000.6,998.2,999.9,1786_October_22
1786-10-23,1005.3,1005.9,1008.0,1786_October_23
1786-10-24,1011.0,1014.0,1022.3,1786_October_24
1786-10-25,1024.5,1020.1,1013.6,1786_October_25
1786-10-26,1009.7,1008.2,1002.2,1786_October_26
1786-10-27,996.6,996.4,998.4,1786_October_27
1786-10-28,1000.5,998.0,996.0,1786_October_28
1786-10-29,999.6,1000.1,1006.6,1786_October_29
1786-10-30,1009.8,1008.6,1006.7,1786_October_30
1786-10-31,1007.3,1007.4,1007.1,1786_October_31
1786-11-01,1006.4,1006.7,1010.7,1786_November_1
1786-11-02,1018.1,1018.2,1018.0,1786_November_2
1786-11-03,1008.7,999.8,997.1,1786_November_3
1786-11-04,999.0,999.1,1003.6,1786_November_4
1786-11-05,1004.8,1002.9,1000.8,1786_November_5
1786-11-06,1008.4,1008.3,1008.4,1786_November_6
1786-11-07,1007.0,1005.3,1003.5,1786_November_7
1786-11-08,1001.0,1003.5,1007.2,1786_November_8
1786-11-09,1009.0,1007.9,1003.2,1786_November_9
1786-11-10,990.8,989.1,991.3,1786_November_10
1786-11-11,998.8,1002.0,1009.6,1786_November_11
1786-11-12,1009.1,1006.5,1003.3,1786_November_12
1786-11-13,1006.3,1008.4,1012.2,1786_November_13
1786-11-14,1012.9,1010.7,1009.3,1786_November_14
1786-11-15,1002.8,992.1,997.4,1786_November_15
1786-11-16,1009.9,1014.0,1016.3,1786_November_16
1786-11-17,1011.9,1003.3,1001.2,1786_November_17
1786-11-18,1006.5,1006.4,1008.0,1786_November_18
1786-11-19,1010.7,1010.8,1010.5,1786_November_19
1786-11-20,1006.7,1002.6,994.1,1786_November_20
1786-11-21,1002.6,1005.5,1011.6,1786_November_21
1786-11-22,1012.8,1011.2,1007.1,1786_November_22
1786-11-23,1002.4,1002.0,1002.2,1786_November_23
1786-11-24,1003.2,1005.2,1008.6,1786_November_24
1786-11-25,1010.2,1011.4,1014.3,1786_November_25
1786-11-26,1019.5,1018.2,1015.3,1786_November_26
1786-11-27,1005.2,995.6,989.5,1786_November_27
1786-11-28,1008.4,1009.4,1013.2,1786_November_28
1786-11-29,1014.1,1012.4,1009.3,1786_November_29
1786-11-30,997.2,993.2,993.5,1786_November_30
,100.0,100.0,100.0,1786_November_31
1786-12-01,999.9,998.9,999.5,1786_December_1
1786-12-02,1006.1,1007.3,1008.4,1786_December_2
1786-12-03,1006.9,1012.2,1020.3,1786_December_3
1786-12-04,1026.0,1024.8,1016.1,1786_December_4
1786-12-05,993.5,994.1,1003.9,1786_December_5
1786-12-06,1013.1,1012.9,1012.9,1786_December_6
1786-12-07,1011.0,1008.6,1009.9,1786_December_7
1786-12-08,1012.4,1011.8,1013.3,1786_December_8
1786-12-09,1012.8,1006.6,996.7,1786_December_9
1786-12-10,981.1,988.4,1003.2,1786_December_10
1786-12-11,1018.0,1019.5,1027.1,1786_December_11
1786-12-12,1028.7,1026.4,1023.3,1786_December_12
1786-12-13,1019.0,1015.1,1005.6,1786_December_13
1786-12-14,995.3,995.1,1001.3,1786_December_14
1786-12-15,1006.2,1006.0,1007.0,1786_December_15
1786-12-16,1010.4,1011.7,1010.8,1786_December_16
1786-12-17,1008.0,1002.9,998.1,1786_December_17
1786-12-18,1001.0,1003.5,1008.7,1786_December_18
1786-12-19,1008.1,1006.1,1003.2,1786_December_19
1786-12-20,1001.8,1002.9,1009.9,1786_December_20
1786-12-21,1011.4,1009.8,1009.4,1786_December_21
1786-12-22,1009.5,1009.0,1008.0,1786_December_22
1786-12-23,1001.6,1001.2,998.7,1786_December_23
1786-12-24,996.3,997.5,1007.4,1786_December_24
1786-12-25,1014.8,1012.9,1008.2,1786_December_25
1786-12-26,1014.5,1015.7,1016.8,1786_December_26
1786-12-27,1012.7,1009.8,1009.3,1786_December_27
1786-12-28,1007.8,1007.1,1015.3,1786_December_28
1786-12-29,1023.6,1023.3,1025.0,1786_December_29
1786-12-30,1026.1,1025.3,1020.3,1786_December_30
1786-12-31,1014.8,1014.6,1014.8,1786_December_31
1787-01-01,1012.1,1008.1,1011.0,1787_January_1
1787-01-02,1021.0,1021.6,1018.7,1787_January_2
1787-01-03,1005.1,999.0,995.6,1787_January_3
1787-01-04,999.0,1000.8,997.7,1787_January_4
1787-01-05,984.5,990.1,1005.7,1787_January_5
1787-01-06,1014.8,1014.9,1020.0,1787_January_6
1787-01-07,1023.9,1020.4,1007.8,1787_January_7
1787-01-08,1008.5,1009.4,1011.7,1787_January_8
1787-01-09,1009.2,1005.6,1003.8,1787_January_9
1787-01-10,997.4,996.0,999.4,1787_January_10
1787-01-11,998.1,996.4,997.2,1787_January_11
1787-01-12,995.5,994.1,1001.8,1787_January_12
1787-01-13,1012.5,1013.7,1017.2,1787_January_13
1787-01-14,1010.3,1008.2,1009.2,1787_January_14
1787-01-15,997.4,989.9,989.9,1787_January_15
1787-01-16,1002.1,999.6,993.4,1787_January_16
1787-01-17,991.9,986.8,992.3,1787_January_17
1787-01-18,999.9,997.5,1005.7,1787_January_18
1787-01-19,1021.7,1022.4,1023.0,1787_January_19
1787-01-20,1013.6,1007.5,1008.2,1787_January_20
1787-01-21,1011.6,1010.4,1010.1,1787_January_21
1787-01-22,1014.4,1018.0,1026.2,1787_January_22
1787-01-23,1028.9,1026.1,1015.4,1787_January_23
1787-01-24,1002.6,1001.3,1006.8,1787_January_24
1787-01-25,1019.1,1019.4,1020.0,1787_January_25
1787-01-26,1004.5,999.0,999.5,1787_January_26
1787-01-27,1006.5,1005.7,1010.9,1787_January_27
1787-01-28,1019.4,1019.3,1021.2,1787_January_28
1787-01-29,1014.6,1010.1,1001.3,1787_January_29
1787-01-30,995.3,995.6,998.6,1787_January_30
1787-01-31,1007.0,1009.6,1017.5,1787_January_31
1787-02-01,1020.3,1017.0,1015.1,1787_February_1
1787-02-02,1018.0,1016.7,1015.7,1787_February_2
1787-02-03,1007.4,1000.1,995.9,1787_February_3
1787-02-04,998.9,1002.9,1016.0,1787_February_4
1787-02-05,1021.6,1017.4,1008.8,1787_February_5
1787-02-06,1015.1,1015.8,1016.0,1787_February_6
1787-02-07,1018.1,1018.0,1017.7,1787_February_7
1787-02-08,1011.6,1006.0,994.4,1787_February_8
1787-02-09,999.8,1002.1,1010.1,1787_February_9
1787-02-10,1021.1,1022.9,1023.1,1787_February_10
1787-02-11,1018.6,1014.5,1002.3,1787_February_11
1787-02-12,1002.9,1006.5,1012.2,1787_February_12
1787-02-13,1019.0,1020.5,1026.0,1787_February_13
1787-02-14,1030.1,1025.7,1011.9,1787_February_14
1787-02-15,997.8,995.6,999.4,1787_February_15
1787-02-16,1014.2,1015.5,1014.9,1787_February_16
1787-02-17,1010.4,1006.2,1011.4,1787_February_17
1787-02-18,1021.6,1020.9,1017.0,1787_February_18
1787-02-19,1011.5,1008.2,1006.3,1787_February_19
1787-02-20,995.2,994.0,998.8,1787_February_20
1787-02-21,1001.7,1000.0,1000.6,1787_February_21
1787-02-22,1004.9,1004.4,1007.9,1787_February_22
1787-02-23,1011.8,1012.2,1012.9,1787_February_23
1787-02-24,1015.2,1015.2,1014.6,1787_February_24
1787-02-25,1012.9,1010.9,1009.9,1787_February_25
1787-02-26,1010.0,1009.4,1008.1,1787_February_26
1787-02-27,997.6,989.7,990.8,1787_February_27
1787-02-28,989.1,988.2,988.5,1787_February_28
,100.0,100.0,100.0,1787_February_29
,100.0,100.0,100.0,1787_February_30
,100.0,100.0,100.0,1787_February_31
1787-03-01,990.0,989.6,991.0,1787_March_1
1787-03-02,1003.2,1002.9,1011.1,1787_March_2
1787-03-03,1011.7,1009.6,995.4,1787_March_3
1787-03-04,999.7,1001.0,1003.6,1787_March_4
1787-03-05,1003.4,1001.1,997.9,1787_March_5
1787-03-06,993.7,991.7,993.1,1787_March_6
1787-03-07,999.0,998.5,999.7,1787_March_7
1787-03-08,1019.0,1019.1,1019.9,1787_March_8
1787-03-09,1020.5,1013.1,999.0,1787_March_9
1787-03-10,987.7,989.5,996.7,1787_March_10
1787-03-11,1010.8,1011.6,1015.5,1787_March_11
1787-03-12,1016.8,1014.5,1010.8,1787_March_12
1787-03-13,998.9,994.2,996.2,1787_March_13
1787-03-14,1015.2,1017.5,1018.7,1787_March_14
1787-03-15,1022.4,1023.2,1020.2,1787_March_15
1787-03-16,1015.6,1014.5,1020.4,1787_March_16
1787-03-17,1023.1,1024.0,1022.0,1787_March_17
1787-03-18,1017.4,1014.5,1008.0,1787_March_18
1787-03-19,998.4,996.8,998.4,1787_March_19
1787-03-20,1000.9,1000.1,998.7,1787_March_20
1787-03-21,1000.4,999.6,999.3,1787_March_21
1787-03-22,1003.0,1003.6,1002.9,1787_March_22
1787-03-23,990.5,988.2,991.8,1787_March_23
1787-03-24,996.4,998.1,1004.1,1787_March_24
1787-03-25,1006.7,1006.3,1010.0,1787_March_25
1787-03-26,1015.3,1013.5,1014.5,1787_March_26
1787-03-27,1014.3,1011.1,1011.2,1787_March_27
1787-03-28,1009.8,1004.8,1001.2,1787_March_28
1787-03-29,999.2,1000.9,1001.8,1787_March_29
1787-03-30,1002.1,1001.6,1006.6,1787_March_30
1787-03-31,1009.4,1006.9,1008.9,1787_March_31
1787-04-01,1013.8,1011.9,1006.7,1787_April_1
1787-04-02,1000.7,1000.0,1008.5,1787_April_2
1787-04-03,1014.2,1009.1,1007.6,1787_April_3
1787-04-04,1005.6,999.3,997.5,1787_April_4
1787-04-05,999.2,1002.9,1011.2,1787_April_5
1787-04-06,1017.7,1015.4,1013.6,1787_April_6
1787-04-07,1015.2,1014.4,1013.1,1787_April_7
1787-04-08,1011.0,1007.1,1003.4,1787_April_8
1787-04-09,994.7,991.0,992.9,1787_April_9
1787-04-10,1001.2,1000.7,1005.5,1787_April_10
1787-04-11,1006.5,1010.5,1013.2,1787_April_11
1787-04-12,1015.6,1014.8,1013.0,1787_April_12
1787-04-13,1009.7,1005.3,998.8,1787_April_13
1787-04-14,995.6,994.6,999.4,1787_April_14
1787-04-15,1003.4,1001.4,1005.2,1787_April_15
1787-04-16,1009.5,1009.0,1010.5,1787_April_16
1787-04-17,1011.1,1010.3,1007.9,1787_April_17
1787-04-18,1011.8,1012.0,1011.6,1787_April_18
1787-04-19,1012.4,1008.6,1005.7,1787_April_19
1787-04-20,1003.7,1000.9,1003.5,1787_April_20
1787-04-21,1004.1,1003.5,1002.5,1787_April_21
1787-04-22,997.3,998.2,1002.2,1787_April_22
1787-04-23,1003.8,1003.6,1003.7,1787_April_23
1787-04-24,1007.5,1004.7,1005.0,1787_April_24
1787-04-25,1005.4,1001.8,999.4,1787_April_25
1787-04-26,989.0,991.3,1000.7,1787_April_26
1787-04-27,1006.5,1006.6,1006.2,1787_April_27
1787-04-28,1008.9,1008.0,1007.3,1787_April_28
1787-04-29,1004.7,1001.2,997.4,1787_April_29
1787-04-30,996.9,994.6,993.9,1787_April_30
,100.0,100.0,100.0,1787_April_31
1787-05-01,994.2,990.5,996.1,1787_May_1
1787-05-02,1004.3,1004.2,1006.5,1787_May_2
1787-05-03,1011.3,1010.7,1011.0,1787_May_3
1787-05-04,1010.2,1006.4,1004.4,1787_May_4
1787-05-05,999.8,996.5,994.9,1787_May_5
1787-05-06,1000.6,999.6,998.1,1787_May_6
1787-05-07,993.3,994.2,996.9,1787_May_7
1787-05-08,1001.5,1002.1,1003.9,1787_May_8
1787-05-09,1007.9,1008.5,1009.2,1787_May_9
1787-05-10,1007.2,1005.3,1004.9,1787_May_10
1787-05-11,1006.3,1007.6,1011.1,1787_May_11
1787-05-12,1013.6,1013.8,1014.6,1787_May_12
1787-05-13,1013.0,1013.2,1013.6,1787_May_13
1787-05-14,1013.3,1013.2,1012.2,1787_May_14
1787-05-15,1009.5,1009.8,1008.3,1787_May_15
1787-05-16,1007.9,1007.4,1006.7,1787_May_16
1787-05-17,1005.1,1001.9,999.5,1787_May_17
1787-05-18,995.6,992.8,991.3,1787_May_18
1787-05-19,992.8,992.5,992.9,1787_May_19
1787-05-20,993.1,989.3,987.3,1787_May_20
1787-05-21,997.8,999.7,1003.1,1787_May_21
1787-05-22,1006.0,1005.6,1006.6,1787_May_22
1787-05-23,1009.8,1008.8,1008.5,1787_May_23
1787-05-24,1008.4,1005.4,1003.0,1787_May_24
1787-05-25,1003.2,1005.0,1005.9,1787_May_25
1787-05-26,1008.5,1007.7,1008.3,1787_May_26
1787-05-27,1008.4,1008.0,1010.1,1787_May_27
1787-05-28,1011.0,1010.8,1010.6,1787_May_28
1787-05-29,1010.8,1009.5,1006.5,1787_May_29
1787-05-30,1006.9,1004.2,997.8,1787_May_30
1787-05-31,987.7,985.6,989.7,1787_May_31
1787-06-01,992.2,989.9,993.5,1787_June_1
1787-06-02,995.7,995.1,993.8,1787_June_2
1787-06-03,992.1,991.1,989.8,1787_June_3
1787-06-04,987.2,987.9,991.1,1787_June_4
1787-06-05,994.8,994.3,996.7,1787_June_5
1787-06-06,996.2,993.2,993.9,1787_June_6
1787-06-07,991.0,990.7,991.3,1787_June_7
1787-06-08,991.5,991.5,993.6,1787_June_8
1787-06-09,996.6,996.0,998.0,1787_June_9
1787-06-10,1000.1,999.5,1000.0,1787_June_10
1787-06-11,1001.5,1000.5,1001.3,1787_June_11
1787-06-12,1002.1,1004.2,1008.1,1787_June_12
1787-06-13,1013.0,1011.2,1008.4,1787_June_13
1787-06-14,1003.9,1000.1,997.9,1787_June_14
1787-06-15,997.1,997.2,997.4,1787_June_15
1787-06-16,1000.3,1000.1,1000.2,1787_June_16
1787-06-17,1001.8,1000.8,997.7,1787_June_17
1787-06-18,992.4,992.0,993.2,1787_June_18
1787-06-19,997.5,999.2,1003.3,1787_June_19
1787-06-20,1007.5,1007.3,1008.1,1787_June_20
1787-06-21,1008.4,1005.8,1003.2,1787_June_21
1787-06-22,999.1,1000.3,1002.8,1787_June_22
1787-06-23,1004.9,1003.6,1004.0,1787_June_23
1787-06-24,1003.6,1000.4,999.2,1787_June_24
1787-06-25,991.4,983.8,995.1,1787_June_25
1787-06-26,1003.3,1002.6,1001.3,1787_June_26
1787-06-27,998.0,997.1,998.9,1787_June_27
1787-06-28,1002.5,1002.6,1006.3,1787_June_28
1787-06-29,1010.7,1009.7,1008.6,1787_June_29
1787-06-30,1007.2,1004.9,1003.9,1787_June_30
,100.0,100.0,100.0,1787_June_31
1787-07-01,1008.1,1009.4,1008.6,1787_July_1
1787-07-02,1006.9,1006.1,1006.0,1787_July_2
1787-07-03,1004.5,996.4,996.1,1787_July_3
1787-07-04,1002.1,1001.3,1002.0,1787_July_4
1787-07-05,1003.3,1002.3,1003.6,1787_July_5
1787-07-06,1003.2,1003.3,1004.9,1787_July_6
1787-07-07,1007.0,1005.1,1004.8,1787_July_7
1787-07-08,1005.0,1004.1,1004.8,1787_July_8
1787-07-09,1006.9,1007.4,1008.5,1787_July_9
1787-07-10,1008.3,1008.3,1008.9,1787_July_10
1787-07-11,1008.7,1007.7,1005.5,1787_July_11
1787-07-12,1003.1,1002.2,1002.2,1787_July_12
1787-07-13,1002.5,1001.0,1004.3,1787_July_13
1787-07-14,1005.2,1004.1,1006.6,1787_July_14
1787-07-15,1008.0,1007.4,1005.9,1787_July_15
1787-07-16,1001.5,997.3,996.0,1787_July_16
1787-07-17,997.8,998.9,1003.1,1787_July_17
1787-07-18,1003.2,1003.7,1005.1,1787_July_18
1787-07-19,1007.3,1007.1,1007.9,1787_July_19
1787-07-20,1011.6,1010.9,1011.4,1787_July_20
1787-07-21,1010.1,1008.7,1007.4,1787_July_21
1787-07-22,1005.8,1004.6,1005.3,1787_July_22
1787-07-23,1005.5,1004.8,1005.2,1787_July_23
1787-07-24,1004.2,1003.7,1003.1,1787_July_24
1787-07-25,1002.0,999.8,995.9,1787_July_25
1787-07-26,992.3,991.7,993.6,1787_July_26
1787-07-27,994.0,994.0,997.9,1787_July_27
1787-07-28,1001.7,1002.5,1005.6,1787_July_28
1787-07-29,1006.2,1007.3,1009.8,1787_July_29
1787-07-30,1013.9,1016.5,1016.9,1787_July_30
1787-07-31,1016.7,1016.5,1015.0,1787_July_31
1787-08-01,1012.8,1012.4,1011.2,1787_August_1
1787-08-02,1009.5,1008.5,1008.1,1787_August_2
1787-08-03,1007.9,1007.4,1007.0,1787_August_3
1787-08-04,1008.6,1007.9,1008.0,1787_August_4
1787-08-05,1008.4,1007.6,1006.6,1787_August_5
1787-08-06,1006.5,1007.2,1006.7,1787_August_6
1787-08-07,1006.7,1006.4,1007.1,1787_August_7
1787-08-08,1008.1,1007.8,1005.9,1787_August_8
1787-08-09,1004.7,1001.7,999.1,1787_August_9
1787-08-10,993.9,991.0,994.4,1787_August_10
1787-08-11,997.6,998.7,1000.2,1787_August_11
1787-08-12,1001.5,1000.9,1002.2,1787_August_12
1787-08-13,1005.1,1006.4,1008.0,1787_August_13
1787-08-14,1010.6,1010.0,1008.7,1787_August_14
1787-08-15,1007.4,1010.0,997.4,1787_August_15
1787-08-16,1006.9,1008.9,1014.5,1787_August_16
1787-08-17,1016.7,1013.8,1009.3,1787_August_17
1787-08-18,998.5,997.6,1000.8,1787_August_18
1787-08-19,1002.5,1003.3,1003.6,1787_August_19
1787-08-20,1003.6,1003.0,1001.6,1787_August_20
1787-08-21,995.0,993.9,994.6,1787_August_21
1787-08-22,993.9,994.5,995.7,1787_August_22
1787-08-23,999.6,999.1,1002.8,1787_August_23
1787-08-24,1006.7,1006.6,1005.7,1787_August_24
1787-08-25,1003.5,1000.9,1000.2,1787_August_25
1787-08-26,1002.8,1004.7,1008.6,1787_August_26
1787-08-27,1013.0,1012.8,1013.0,1787_August_27
1787-08-28,1016.7,1016.2,1014.9,1787_August_28
1787-08-29,1010.0,1009.7,1007.1,1787_August_29
1787-08-30,1005.6,1005.5,1008.6,1787_August_30
1787-08-31,1012.1,1012.6,1012.9,1787_August_31
1787-09-01,1013.1,1010.6,1007.4,1787_September_1
1787-09-02,1002.0,999.7,1000.1,1787_September_2
1787-09-03,1003.6,1004.4,1007.5,1787_September_3
1787-09-04,1012.2,1012.6,1013.7,1787_September_4
1787-09-05,1012.9,1009.2,1005.8,1787_September_5
1787-09-06,1000.8,1000.6,1007.8,1787_September_6
1787-09-07,1014.3,1015.4,1019.1,1787_September_7
1787-09-08,1022.6,1021.8,1019.4,1787_September_8
1787-09-09,1016.5,1014.3,1010.2,1787_September_9
1787-09-10,1007.5,1005.5,1003.0,1787_September_10
1787-09-11,1000.0,1003.9,1008.4,1787_September_11
1787-09-12,1007.2,1006.5,1009.0,1787_September_12
1787-09-13,1009.9,1010.8,1010.8,1787_September_13
1787-09-14,1011.1,1006.4,997.6,1787_September_14
1787-09-15,999.1,1001.2,1007.1,1787_September_15
1787-09-16,1011.6,1012.6,1015.9,1787_September_16
1787-09-17,1017.9,1017.4,1016.6,1787_September_17
1787-09-18,1014.2,1012.8,1010.4,1787_September_18
1787-09-19,1003.4,1000.1,991.1,1787_September_19
1787-09-20,989.2,992.3,996.5,1787_September_20
1787-09-21,998.5,1000.0,1003.2,1787_September_21
1787-09-22,1006.2,1007.2,1008.5,1787_September_22
1787-09-23,1009.2,1009.3,1007.6,1787_September_23
1787-09-24,1005.9,1003.1,1003.0,1787_September_24
1787-09-25,1004.2,1003.0,1002.1,1787_September_25
1787-09-26,999.5,999.4,1003.8,1787_September_26
1787-09-27,1004.4,1000.1,998.7,1787_September_27
1787-09-28,1006.8,1007.0,1007.3,1787_September_28
1787-09-29,1002.6,1001.0,1002.4,1787_September_29
1787-09-30,1013.1,1015.5,1018.3,1787_September_30
,100.0,100.0,100.0,1787_September_31
1787-10-01,1021.7,1020.4,1019.8,1787_October_1
1787-10-02,1019.3,1015.6,1012.2,1787_October_2
1787-10-03,1005.5,1002.0,1004.0,1787_October_3
1787-10-04,1008.4,1008.2,1010.5,1787_October_4
1787-10-05,1012.8,1013.6,1013.3,1787_October_5
1787-10-06,1012.2,1011.7,1012.7,1787_October_6
1787-10-07,1019.0,1019.9,1020.7,1787_October_7
1787-10-08,1023.1,1022.6,1021.0,1787_October_8
1787-10-09,1017.7,1014.1,1011.8,1787_October_9
1787-10-10,1013.7,1013.5,1015.4,1787_October_10
1787-10-11,1022.6,1022.9,1024.1,1787_October_11
1787-10-12,1024.9,1022.7,1020.6,1787_October_12
1787-10-13,1009.5,1008.0,1009.0,1787_October_13
1787-10-14,1014.5,1013.6,1012.8,1787_October_14
1787-10-15,1009.9,1003.8,1003.1,1787_October_15
1787-10-16,1001.3,1000.5,1001.6,1787_October_16
1787-10-17,1006.5,1006.4,1006.6,1787_October_17
1787-10-18,1011.7,1011.7,1014.5,1787_October_18
1787-10-19,1017.2,1016.4,1015.9,1787_October_19
1787-10-20,1016.0,1015.6,1015.8,1787_October_20
1787-10-21,1015.9,1016.2,1016.0,1787_October_21
1787-10-22,1014.6,1013.9,1014.2,1787_October_22
1787-10-23,1015.4,1015.3,1015.0,1787_October_23
1787-10-24,1017.0,1015.7,1014.7,1787_October_24
1787-10-25,1014.6,1013.5,1013.1,1787_October_25
1787-10-26,1012.2,1011.7,1009.0,1787_October_26
1787-10-27,1003.9,1003.2,1004.3,1787_October_27
1787-10-28,1006.1,1005.1,1006.7,1787_October_28
1787-10-29,1007.1,1004.8,1003.0,1787_October_29
1787-10-30,1001.3,998.2,998.2,1787_October_30
1787-10-31,999.1,998.9,999.6,1787_October_31
1787-11-01,1002.4,1007.4,1007.2,1787_November_1
1787-11-02,1018.9,1019.6,1023.9,1787_November_2
1787-11-03,1027.3,1025.7,1024.6,1787_November_3
1787-11-04,1023.3,1019.6,1018.1,1787_November_4
1787-11-05,1016.1,1015.4,1015.2,1787_November_5
1787-11-06,1017.4,1018.5,1015.0,1787_November_6
1787-11-07,1017.8,1015.6,1013.2,1787_November_7
1787-11-08,1008.6,1005.3,1003.4,1787_November_8
1787-11-09,995.1,999.8,1000.9,1787_November_9
1787-11-10,1002.1,1001.1,999.5,1787_November_10
1787-11-11,1002.5,1003.1,1008.9,1787_November_11
1787-11-12,1015.5,1014.2,1009.8,1787_November_12
1787-11-13,1011.5,1011.2,1009.9,1787_November_13
1787-11-14,1008.1,1006.4,1006.4,1787_November_14
1787-11-15,1003.7,1001.1,1004.7,1787_November_15
1787-11-16,1004.3,1003.2,1000.7,1787_November_16
1787-11-17,1005.5,1007.6,1014.9,1787_November_17
1787-11-18,1020.9,1021.2,1022.1,1787_November_18
1787-11-19,1023.6,1023.4,1022.8,1787_November_19
1787-11-20,1018.8,1016.3,1011.0,1787_November_20
1787-11-21,1003.4,998.5,995.8,1787_November_21
1787-11-22,998.7,999.4,1004.8,1787_November_22
1787-11-23,1010.8,1012.1,1014.6,1787_November_23
1787-11-24,1017.5,1018.5,1019.1,1787_November_24
1787-11-25,1019.2,1017.8,1016.8,1787_November_25
1787-11-26,1015.4,1015.2,1015.1,1787_November_26
1787-11-27,1011.8,1010.4,1008.4,1787_November_27
1787-11-28,1004.8,1002.2,1001.6,1787_November_28
1787-11-29,999.6,997.0,995.5,1787_November_29
1787-11-30,995.5,990.6,994.8,1787_November_30
,100.0,100.0,100.0,1787_November_31
1787-12-01,994.9,993.8,993.8,1787_December_1
1787-12-02,990.5,988.2,989.7,1787_December_2
1787-12-03,999.0,999.3,1003.1,1787_December_3
1787-12-04,1003.6,1001.0,996.5,1787_December_4
1787-12-05,998.2,998.2,1001.5,1787_December_5
1787-12-06,1004.4,1004.0,1004.6,1787_December_6
1787-12-07,1003.8,1002.8,1002.8,1787_December_7
1787-12-08,1005.1,1004.9,1004.0,1787_December_8
1787-12-09,1004.1,1003.7,1004.2,1787_December_9
1787-12-10,1002.3,998.8,998.7,1787_December_10
1787-12-11,995.1,995.2,995.3,1787_December_11
1787-12-12,998.5,995.9,1000.5,1787_December_12
1787-12-13,1005.0,1004.9,1005.1,1787_December_13
1787-12-14,1005.7,1003.1,1003.1,1787_December_14
1787-12-15,1004.5,1005.9,1007.8,1787_December_15
1787-12-16,1011.2,1010.5,1011.4,1787_December_16
1787-12-17,1012.4,1011.5,1012.4,1787_December_17
1787-12-18,1013.3,1013.5,1014.4,1787_December_18
1787-12-19,1012.0,1009.1,1005.4,1787_December_19
1787-12-20,1001.8,999.5,999.5,1787_December_20
1787-12-21,995.8,994.1,998.9,1787_December_21
1787-12-22,1003.0,1007.1,1008.8,1787_December_22
1787-12-23,1003.5,999.0,992.6,1787_December_23
1787-12-24,991.5,991.3,991.6,1787_December_24
1787-12-25,990.9,988.3,989.7,1787_December_25
1787-12-26,991.9,992.2,995.8,1787_December_26
1787-12-27,998.4,997.7,997.3,1787_December_27
1787-12-28,995.3,995.1,996.8,1787_December_28
1787-12-29,995.8,991.3,993.5,1787_December_29
1787-12-30,997.7,995.8,994.0,1787_December_30
1787-12-31,994.9,995.6,1002.2,1787_December_31
1788-01-01,1008.3,1006.3,1003.5,1788_January_1
1788-01-02,1002.5,997.8,995.1,1788_January_2
1788-01-03,1000.4,1001.6,1004.0,1788_January_3
1788-01-04,993.5,993.8,1003.4,1788_January_4
1788-01-05,1005.1,1003.7,1004.8,1788_January_5
1788-01-06,1006.4,1003.8,1011.4,1788_January_6
1788-01-07,1020.0,1018.6,1021.5,1788_January_7
1788-01-08,1016.2,1006.2,990.9,1788_January_8
1788-01-09,993.2,993.7,1001.5,1788_January_9
1788-01-10,1013.0,1011.2,1012.5,1788_January_10
1788-01-11,1014.9,1011.6,1015.7,1788_January_11
1788-01-12,1018.4,1014.8,1010.3,1788_January_12
1788-01-13,1002.0,1001.2,1006.1,1788_January_13
1788-01-14,1015.3,1014.8,1019.7,1788_January_14
1788-01-15,1021.4,1017.4,1012.8,1788_January_15
1788-01-16,1009.0,999.2,983.9,1788_January_16
1788-01-17,991.3,997.7,1008.8,1788_January_17
1788-01-18,1018.7,1018.1,1019.0,1788_January_18
1788-01-19,1019.5,1016.4,1010.2,1788_January_19
1788-01-20,988.8,987.2,994.5,1788_January_20
1788-01-21,1006.0,1006.9,1008.6,1788_January_21
1788-01-22,1006.8,1004.4,1001.0,1788_January_22
1788-01-23,995.8,998.0,1011.1,1788_January_23
1788-01-24,1019.6,1018.3,1012.7,1788_January_24
1788-01-25,983.8,980.6,988.5,1788_January_25
1788-01-26,1008.6,1009.1,1009.7,1788_January_26
1788-01-27,1008.0,1003.7,1002.0,1788_January_27
1788-01-28,1007.7,1008.0,1007.3,1788_January_28
1788-01-29,991.0,972.5,989.6,1788_January_29
1788-01-30,995.4,995.4,996.0,1788_January_30
1788-01-31,1004.6,1005.5,1009.1,1788_January_31
1788-02-01,1010.3,1008.5,1011.7,1788_February_1
1788-02-02,1016.3,1013.9,1011.9,1788_February_2
1788-02-03,1006.9,1002.9,991.2,1788_February_3
1788-02-04,979.9,981.5,985.8,1788_February_4
1788-02-05,997.6,1000.6,1009.9,1788_February_5
1788-02-06,1022.0,1021.3,1018.6,1788_February_6
1788-02-07,1013.1,1012.2,1015.5,1788_February_7
1788-02-08,1017.9,1016.3,1011.3,1788_February_8
1788-02-09,1009.5,1009.6,1012.7,1788_February_9
1788-02-10,1018.0,1015.4,1009.4,1788_February_10
1788-02-11,995.4,990.6,983.8,1788_February_11
1788-02-12,1000.7,997.1,996.2,1788_February_12
1788-02-13,1012.0,1010.1,1008.5,1788_February_13
1788-02-14,994.3,995.5,1008.8,1788_February_14
1788-02-15,1016.1,1015.5,1014.2,1788_February_15
1788-02-16,995.1,980.5,968.6,1788_February_16
1788-02-17,985.0,986.6,989.5,1788_February_17
1788-02-18,993.6,993.5,995.9,1788_February_18
1788-02-19,998.8,997.5,1000.0,1788_February_19
1788-02-20,1000.1,999.8,1001.1,1788_February_20
1788-02-21,1003.6,1002.5,1003.9,1788_February_21
1788-02-22,1003.0,1001.1,999.2,1788_February_22
1788-02-23,1000.4,1001.5,1006.2,1788_February_23
1788-02-24,1008.6,1008.3,1008.4,1788_February_24
1788-02-25,1008.7,1006.0,1003.8,1788_February_25
1788-02-26,998.2,997.8,998.0,1788_February_26
1788-02-27,995.9,994.1,996.3,1788_February_27
1788-02-28,997.0,996.2,999.2,1788_February_28
1788-02-29,1001.0,1000.1,998.9,1788_February_29
,100.0,100.0,100.0,1788_February_30
,100.0,100.0,100.0,1788_February_31
1788-03-01,998.0,994.0,994.7,1788_March_1
1788-03-02,994.3,992.2,995.2,1788_March_2
1788-03-03,1001.5,1001.5,1000.3,1788_March_3
1788-03-04,990.3,987.5,985.9,1788_March_4
1788-03-05,985.4,983.0,985.2,1788_March_5
1788-03-06,986.8,985.3,985.8,1788_March_6
1788-03-07,984.5,982.0,983.6,1788_March_7
1788-03-08,986.7,987.9,989.7,1788_March_8
1788-03-09,989.6,991.0,997.1,1788_March_9
1788-03-10,997.5,1002.7,1004.9,1788_March_10
1788-03-11,1006.9,1008.7,1012.2,1788_March_11
1788-03-12,1015.3,1012.4,1010.0,1788_March_12
1788-03-13,1010.0,1009.3,1008.1,1788_March_13
1788-03-14,1004.5,1000.6,997.8,1788_March_14
1788-03-15,1002.3,1001.3,1004.6,1788_March_15
1788-03-16,1005.7,1005.0,1011.3,1788_March_16
1788-03-17,1016.4,1015.2,1015.9,1788_March_17
1788-03-18,1015.7,1013.7,1011.1,1788_March_18
1788-03-19,996.1,987.3,985.9,1788_March_19
1788-03-20,986.4,986.4,990.1,1788_March_20
1788-03-21,1002.3,1005.6,1012.9,1788_March_21
1788-03-22,1015.5,1013.1,1011.9,1788_March_22
1788-03-23,1006.3,1001.4,988.8,1788_March_23
1788-03-24,985.0,985.1,988.5,1788_March_24
1788-03-25,994.9,995.7,1000.1,1788_March_25
1788-03-26,999.8,999.1,1003.0,1788_March_26
1788-03-27,1010.4,1010.9,1012.4,1788_March_27
1788-03-28,1012.8,1005.9,994.2,1788_March_28
1788-03-29,998.7,1001.4,1008.1,1788_March_29
1788-03-30,1013.6,1013.1,1015.5,1788_March_30
1788-03-31,1019.6,1016.5,1012.9,1788_March_31
1788-04-01,1005.9,1004.4,1004.4,1788_April_1
1788-04-02,1010.3,1012.1,1016.2,1788_April_2
1788-04-03,1019.6,1019.7,1019.4,1788_April_3
1788-04-04,1015.2,1014.0,1014.5,1788_April_4
1788-04-05,1018.7,1018.4,1016.7,1788_April_5
1788-04-06,1011.6,1009.8,1011.9,1788_April_6
1788-04-07,1020.8,1020.3,1019.9,1788_April_7
1788-04-08,1018.8,1017.0,1008.7,1788_April_8
1788-04-09,1000.6,998.0,1003.0,1788_April_9
1788-04-10,1006.0,1003.3,1003.4,1788_April_10
1788-04-11,1010.3,1013.1,1018.1,1788_April_11
1788-04-12,1019.2,1016.6,1011.9,1788_April_12
1788-04-13,1006.0,1004.5,1006.2,1788_April_13
1788-04-14,1010.8,1009.7,1003.8,1788_April_14
1788-04-15,1000.4,999.4,1002.5,1788_April_15
1788-04-16,1008.0,1012.3,1021.1,1788_April_16
1788-04-17,1025.2,1024.5,1022.3,1788_April_17
1788-04-18,1010.2,1003.4,1000.7,1788_April_18
1788-04-19,995.0,995.3,989.1,1788_April_19
1788-04-20,984.1,985.5,995.5,1788_April_20
1788-04-21,1003.7,1006.5,1012.0,1788_April_21
1788-04-22,1016.2,1013.8,1011.9,1788_April_22
1788-04-23,1014.6,1013.3,1015.2,1788_April_23
1788-04-24,1015.0,1013.7,1012.3,1788_April_24
1788-04-25,1011.6,1010.1,1011.9,1788_April_25
1788-04-26,1017.8,1019.3,1020.7,1788_April_26
1788-04-27,1022.6,1023.3,1023.9,1788_April_27
1788-04-28,1022.4,1019.6,1011.8,1788_April_28
1788-04-29,1007.3,1008.1,1014.0,1788_April_29
1788-04-30,1017.0,1015.7,1013.1,1788_April_30
,100.0,100.0,100.0,1788_April_31
1788-05-01,1011.4,1007.6,1004.2,1788_May_1
1788-05-02,999.6,999.5,1000.6,1788_May_2
1788-05-03,1001.4,1001.7,1002.5,1788_May_3
1788-05-04,994.9,989.8,990.0,1788_May_4
1788-05-05,990.9,989.1,992.7,1788_May_5
1788-05-06,998.7,996.2,995.1,1788_May_6
1788-05-07,997.9,1000.2,1004.2,1788_May_7
1788-05-08,1009.5,1008.7,1008.8,1788_May_8
1788-05-09,1009.1,1008.3,1007.5,1788_May_9
1788-05-10,1009.1,1010.1,1010.5,1788_May_10
1788-05-11,1008.6,1006.6,1006.7,1788_May_11
1788-05-12,1006.0,1005.1,1005.3,1788_May_12
1788-05-13,1006.6,1006.4,1009.3,1788_May_13
1788-05-14,1014.4,1016.0,1016.6,1788_May_14
1788-05-15,1017.0,1015.5,1014.7,1788_May_15
1788-05-16,1013.0,1009.9,1008.3,1788_May_16
1788-05-17,1006.0,1004.3,1003.7,1788_May_17
1788-05-18,1005.4,1006.7,1009.4,1788_May_18
1788-05-19,1008.5,1008.4,1008.4,1788_May_19
1788-05-20,1008.7,1007.0,1005.3,1788_May_20
1788-05-21,998.8,996.6,995.3,1788_May_21
1788-05-22,998.5,999.6,1000.7,1788_May_22
1788-05-23,1000.8,1000.6,999.2,1788_May_23
1788-05-24,998.0,997.0,993.8,1788_May_24
1788-05-25,990.9,990.1,995.0,1788_May_25
1788-05-26,999.3,999.3,1002.4,1788_May_26
1788-05-27,1005.7,1004.9,1002.6,1788_May_27
1788-05-28,995.7,989.7,991.4,1788_May_28
1788-05-29,995.8,997.4,1002.1,1788_May_29
1788-05-30,1003.6,1002.9,1004.8,1788_May_30
1788-05-31,1005.4,1002.8,1000.3,1788_May_31
1788-06-01,997.4,997.4,1003.0,1788_June_1
1788-06-02,1006.2,1006.0,1010.1,1788_June_2
1788-06-03,1015.1,1015.5,1016.9,1788_June_3
1788-06-04,1019.5,1018.9,1015.5,1788_June_4
1788-06-05,1010.0,1007.9,1007.3,1788_June_5
1788-06-06,1009.4,1008.2,1002.7,1788_June_6
1788-06-07,1000.1,998.1,1003.3,1788_June_7
1788-06-08,1012.4,1013.6,1013.4,1788_June_8
1788-06-09,1007.8,1000.9,1003.2,1788_June_9
1788-06-10,1001.7,1001.2,1001.8,1788_June_10
1788-06-11,1004.7,1005.7,1008.2,1788_June_11
1788-06-12,1009.3,1008.2,1007.7,1788_June_12
1788-06-13,1005.8,1003.9,1004.3,1788_June_13
1788-06-14,1004.5,1008.0,1009.2,1788_June_14
1788-06-15,1011.3,1011.6,1010.6,1788_June_15
1788-06-16,1011.9,1011.4,1010.4,1788_June_16
1788-06-17,1009.2,1007.7,1006.4,1788_June_17
1788-06-18,1001.7,996.8,994.0,1788_June_18
1788-06-19,991.2,991.5,990.9,1788_June_19
1788-06-20,992.1,991.7,993.7,1788_June_20
1788-06-21,998.1,998.4,1002.5,1788_June_21
1788-06-22,1007.3,1006.9,1006.2,1788_June_22
1788-06-23,1002.4,1000.3,997.9,1788_June_23
1788-06-24,997.3,998.0,999.5,1788_June_24
1788-06-25,1000.2,1001.5,1002.1,1788_June_25
1788-06-26,1003.1,1004.1,1006.3,1788_June_26
1788-06-27,1007.3,1006.4,1006.5,1788_June_27
1788-06-28,1005.4,1003.3,1003.8,1788_June_28
1788-06-29,1000.2,1000.5,998.6,1788_June_29
1788-06-30,999.4,999.6,1002.3,1788_June_30
,100.0,100.0,100.0,1788_June_31
1788-07-01,1004.7,1005.4,1005.5,1788_July_1
1788-07-02,1004.8,1003.0,1003.3,1788_July_2
1788-07-03,1002.7,1001.8,1002.2,1788_July_3
1788-07-04,1001.7,1001.3,999.1,1788_July_4
1788-07-05,996.5,994.9,996.4,1788_July_5
1788-07-06,998.4,1001.2,1000.6,1788_July_6
1788-07-07,1001.6,1003.0,1004.8,1788_July_7
1788-07-08,1004.8,1004.2,1004.0,1788_July_8
1788-07-09,1002.2,999.5,996.3,1788_July_9
1788-07-10,994.9,992.5,997.3,1788_July_10
1788-07-11,1004.5,1004.0,1002.9,1788_July_11
1788-07-12,1001.7,1001.4,1003.8,1788_July_12
1788-07-13,1004.6,1004.8,1005.1,1788_July_13
1788-07-14,1007.0,1007.8,1007.1,1788_July_14
1788-07-15,1007.9,1007.3,1008.7,1788_July_15
1788-07-16,1011.4,1009.8,1009.2,1788_July_16
1788-07-17,1006.4,1004.5,1000.9,1788_July_17
1788-07-18,996.8,993.4,994.9,1788_July_18
1788-07-19,1003.7,1007.8,1012.4,1788_July_19
1788-07-20,1016.6,1018.4,1019.1,1788_July_20
1788-07-21,1020.2,1020.3,1018.7,1788_July_21
1788-07-22,1016.7,1015.8,1014.1,1788_July_22
1788-07-23,1014.7,1014.7,1015.2,1788_July_23
1788-07-24,1015.0,1014.7,1014.7,1788_July_24
1788-07-25,1011.8,1011.0,1011.7,1788_July_25
1788-07-26,1011.7,1007.8,1005.0,1788_July_26
1788-07-27,1007.4,1005.3,1005.2,1788_July_27
1788-07-28,1005.2,1004.2,1003.1,1788_July_28
1788-07-29,1003.3,1005.4,1011.3,1788_July_29
1788-07-30,1017.2,1019.3,1019.0,1788_July_30
1788-07-31,1019.2,1017.9,1015.9,1788_July_31
1788-08-01,1014.9,1011.4,1009.5,1788_August_1
1788-08-02,1008.8,1008.1,1008.6,1788_August_2
1788-08-03,1008.5,1008.3,1007.8,1788_August_3
1788-08-04,1007.4,1005.9,1004.7,1788_August_4
1788-08-05,1003.0,1001.4,1002.5,1788_August_5
1788-08-06,1004.2,1003.7,1003.7,1788_August_6
1788-08-07,1004.6,1004.3,1004.1,1788_August_7
1788-08-08,1005.8,1005.2,1005.0,1788_August_8
1788-08-09,1002.9,1001.3,1002.1,1788_August_9
1788-08-10,1003.9,1004.1,1005.8,1788_August_10
1788-08-11,1006.9,1006.2,1006.5,1788_August_11
1788-08-12,1007.3,1007.3,1009.0,1788_August_12
1788-08-13,1011.6,1009.9,1010.7,1788_August_13
1788-08-14,1014.1,1014.3,1014.6,1788_August_14
1788-08-15,1014.9,1013.4,1012.7,1788_August_15
1788-08-16,1012.8,1012.4,1011.7,1788_August_16
1788-08-17,1006.3,1006.8,1010.9,1788_August_17
1788-08-18,1012.9,1013.2,1012.2,1788_August_18
1788-08-19,1006.7,1002.6,1002.0,1788_August_19
1788-08-20,1001.9,1001.4,1001.9,1788_August_20
1788-08-21,1006.4,1007.3,1010.2,1788_August_21
1788-08-22,1012.0,1010.6,1009.8,1788_August_22
1788-08-23,1002.5,999.7,998.4,1788_August_23
1788-08-24,1004.1,1005.5,1007.4,1788_August_24
1788-08-25,1009.8,1009.0,1008.3,1788_August_25
1788-08-26,1001.7,1001.0,1000.9,1788_August_26
1788-08-27,1003.5,1004.9,1007.5,1788_August_27
1788-08-28,1010.1,1009.2,1006.5,1788_August_28
1788-08-29,1005.2,1003.7,1002.1,1788_August_29
1788-08-30,1003.7,1006.6,1006.1,1788_August_30
1788-08-31,1007.2,1009.1,1010.7,1788_August_31
1788-09-01,1011.6,1009.5,1002.6,1788_September_1
1788-09-02,996.5,996.5,998.5,1788_September_2
1788-09-03,1000.1,1001.8,1005.7,1788_September_3
1788-09-04,1008.7,1008.0,1006.3,1788_September_4
1788-09-05,1004.9,1003.1,1002.0,1788_September_5
1788-09-06,1009.2,1010.0,1011.1,1788_September_6
1788-09-07,1013.4,1012.4,1011.0,1788_September_7
1788-09-08,1009.1,1009.4,1008.7,1788_September_8
1788-09-09,1007.7,1007.2,1010.7,1788_September_9
1788-09-10,1014.7,1015.3,1014.9,1788_September_10
1788-09-11,1014.1,1012.6,1010.8,1788_September_11
1788-09-12,1009.5,1008.0,1007.6,1788_September_12
1788-09-13,1008.3,1005.6,1011.6,1788_September_13
1788-09-14,1014.3,1015.7,1015.4,1788_September_14
1788-09-15,1013.4,1009.2,1005.7,1788_September_15
1788-09-16,1001.8,1001.0,997.9,1788_September_16
1788-09-17,1001.2,1004.1,1008.9,1788_September_17
1788-09-18,1012.9,1013.1,1011.2,1788_September_18
1788-09-19,1008.2,1005.4,1006.0,1788_September_19
1788-09-20,1012.9,1012.9,1013.1,1788_September_20
1788-09-21,1013.3,1013.0,1013.4,1788_September_21
1788-09-22,1011.0,1007.2,1003.2,1788_September_22
1788-09-23,1004.3,1005.3,1010.5,1788_September_23
1788-09-24,1014.6,1015.0,1015.2,1788_September_24
1788-09-25,1013.8,1010.4,1006.6,1788_September_25
1788-09-26,1001.4,996.9,1000.9,1788_September_26
1788-09-27,1009.5,1010.1,1011.2,1788_September_27
1788-09-28,1011.6,1009.3,1008.1,1788_September_28
1788-09-29,1005.1,1003.6,1003.4,1788_September_29
1788-09-30,1004.0,1006.0,1011.8,1788_September_30
,100.0,100.0,100.0,1788_September_31
1788-10-01,1017.3,1014.6,1017.7,1788_October_1
1788-10-02,1016.3,1016.0,1016.0,1788_October_2
1788-10-03,1018.0,1017.6,1017.1,1788_October_3
1788-10-04,1011.4,1005.0,1000.4,1788_October_4
1788-10-05,1010.4,1010.8,1014.4,1788_October_5
1788-10-06,1016.8,1014.7,1014.2,1788_October_6
1788-10-07,1014.3,1013.2,1008.4,1788_October_7
1788-10-08,1003.2,1002.4,1004.3,1788_October_8
1788-10-09,1007.4,1006.3,1005.6,1788_October_9
1788-10-10,1004.7,1004.4,1004.3,1788_October_10
1788-10-11,1001.3,998.2,993.2,1788_October_11
1788-10-12,999.5,999.4,1008.0,1788_October_12
1788-10-13,1012.5,1011.3,1008.9,1788_October_13
1788-10-14,1002.6,999.9,999.5,1788_October_14
1788-10-15,995.1,992.9,999.7,1788_October_15
1788-10-16,1001.4,1001.5,1003.7,1788_October_16
1788-10-17,1004.1,1000.9,996.6,1788_October_17
1788-10-18,997.2,998.5,997.4,1788_October_18
1788-10-19,1002.2,1004.7,1010.4,1788_October_19
1788-10-20,1014.0,1011.6,1005.4,1788_October_20
1788-10-21,979.7,971.6,973.9,1788_October_21
1788-10-22,985.0,987.0,993.5,1788_October_22
1788-10-23,997.2,997.4,997.8,1788_October_23
1788-10-24,994.8,992.3,992.9,1788_October_24
1788-10-25,1003.2,1003.5,1004.0,1788_October_25
1788-10-26,1002.0,1001.1,1002.3,1788_October_26
1788-10-27,1005.7,1003.4,1000.6,1788_October_27
1788-10-28,1010.3,1010.9,1010.7,1788_October_28
1788-10-29,1012.2,1011.0,1011.9,1788_October_29
1788-10-30,1014.5,1013.3,1013.6,1788_October_30
1788-10-31,1017.5,1017.5,1020.2,1788_October_31
1788-11-01,1021.4,1019.8,1016.2,1788_November_1
1788-11-02,1018.6,1017.8,1016.8,1788_November_2
1788-11-03,1010.5,1006.8,1007.4,1788_November_3
1788-11-04,1011.0,1009.8,1008.0,1788_November_4
1788-11-05,1004.5,1002.3,1002.1,1788_November_5
1788-11-06,1003.2,1003.3,1006.9,1788_November_6
1788-11-07,1004.1,996.5,991.4,1788_November_7
1788-11-08,992.8,993.0,1000.6,1788_November_8
1788-11-09,1009.6,1011.8,1018.8,1788_November_9
1788-11-10,1022.8,1023.0,1021.0,1788_November_10
1788-11-11,1007.9,999.5,996.7,1788_November_11
1788-11-12,1005.5,1006.9,1010.2,1788_November_12
1788-11-13,1012.7,1013.1,1012.0,1788_November_13
1788-11-14,1005.5,1005.8,1010.2,1788_November_14
1788-11-15,1017.1,1017.4,1019.0,1788_November_15
1788-11-16,1017.8,1011.9,1008.2,1788_November_16
1788-11-17,1013.4,1013.9,1014.2,1788_November_17
1788-11-18,1013.4,1012.2,1009.7,1788_November_18
1788-11-19,1011.4,1014.5,1017.3,1788_November_19
1788-11-20,1017.1,1013.4,1009.3,1788_November_20
1788-11-21,1013.5,1013.4,1012.3,1788_November_21
1788-11-22,1007.6,1009.6,1018.7,1788_November_22
1788-11-23,1022.6,1021.6,1014.9,1788_November_23
1788-11-24,1002.9,997.3,999.5,1788_November_24
1788-11-25,1018.4,1020.7,1024.9,1788_November_25
1788-11-26,1023.3,1021.4,1014.1,1788_November_26
1788-11-27,1007.5,1003.5,1000.1,1788_November_27
1788-11-28,1004.7,1003.8,1001.6,1788_November_28
1788-11-29,986.4,982.3,992.8,1788_November_29
1788-11-30,1005.4,1006.7,1007.1,1788_November_30
,100.0,100.0,100.0,1788_November_31
1788-12-01,997.6,988.9,983.3,1788_December_1
1788-12-02,991.3,993.7,996.4,1788_December_2
1788-12-03,994.1,993.5,993.4,1788_December_3
1788-12-04,995.3,995.2,998.9,1788_December_4
1788-12-05,1000.1,998.9,1001.2,1788_December_5
1788-12-06,1007.7,1008.2,1008.6,1788_December_6
1788-12-07,1007.0,1003.9,1002.9,1788_December_7
1788-12-08,1006.1,1008.9,1013.5,1788_December_8
1788-12-09,1004.0,993.5,989.7,1788_December_9
1788-12-10,988.9,988.9,999.9,1788_December_10
1788-12-11,1009.5,1009.9,1013.7,1788_December_11
1788-12-12,1014.1,1009.8,1004.3,1788_December_12
1788-12-13,1008.4,1010.1,1011.0,1788_December_13
1788-12-14,1009.6,1007.0,1003.4,1788_December_14
1788-12-15,995.9,994.1,998.6,1788_December_15
1788-12-16,999.7,997.6,997.6,1788_December_16
1788-12-17,1000.8,1001.3,1001.0,1788_December_17
1788-12-18,1000.4,1001.4,1002.1,1788_December_18
1788-12-19,998.1,994.7,993.1,1788_December_19
1788-12-20,990.5,990.7,991.9,1788_December_20
1788-12-21,992.6,992.5,1002.4,1788_December_21
1788-12-22,1015.6,1015.5,1014.4,1788_December_22
1788-12-23,1008.3,1006.3,1005.2,1788_December_23
1788-12-24,1006.9,1007.9,1013.6,1788_December_24
1788-12-25,1019.4,1018.5,1018.8,1788_December_25
1788-12-26,1020.5,1021.3,1021.0,1788_December_26
1788-12-27,1023.2,1024.0,1024.4,1788_December_27
1788-12-28,1019.6,1012.4,1000.8,1788_December_28
1788-12-29,991.8,992.7,996.9,1788_December_29
1788-12-30,998.4,995.3,999.0,1788_December_30
1788-12-31,994.3,992.9,1001.4,1788_December_31
1789-01-01,1014.2,1017.9,1023.3,1789_January_1
1789-01-02,1026.6,1026.7,1027.0,1789_January_2
1789-01-03,1024.9,1019.9,1013.5,1789_January_3
1789-01-04,990.4,988.3,993.7,1789_January_4
1789-01-05,996.4,996.7,1001.2,1789_January_5
1789-01-06,1001.6,1001.7,1008.1,1789_January_6
1789-01-07,1012.7,1013.1,1007.9,1789_January_7
1789-01-08,1000.6,999.5,1001.8,1789_January_8
1789-01-09,1010.2,1010.6,1014.8,1789_January_9
1789-01-10,1016.7,1014.2,1011.7,1789_January_10
1789-01-11,1008.4,1007.2,1010.6,1789_January_11
1789-01-12,1007.8,1004.8,1000.8,1789_January_12
1789-01-13,1002.5,1000.5,996.8,1789_January_13
1789-01-14,982.3,982.1,987.8,1789_January_14
1789-01-15,996.8,995.9,997.2,1789_January_15
1789-01-16,1007.0,1007.3,1009.5,1789_January_16
1789-01-17,1003.4,999.1,997.8,1789_January_17
1789-01-18,1003.8,1003.1,1002.6,1789_January_18
1789-01-19,999.7,998.8,997.6,1789_January_19
1789-01-20,990.0,986.7,982.6,1789_January_20
1789-01-21,997.6,999.2,1009.1,1789_January_21
1789-01-22,1011.9,1009.5,1010.6,1789_January_22
1789-01-23,1018.7,1016.9,1018.2,1789_January_23
1789-01-24,1014.6,1009.4,1007.4,1789_January_24
1789-01-25,1004.2,1000.7,996.0,1789_January_25
1789-01-26,998.8,1000.4,1005.2,1789_January_26
1789-01-27,1004.2,1005.2,1010.8,1789_January_27
1789-01-28,1016.6,1017.1,1014.6,1789_January_28
1789-01-29,994.5,992.5,990.5,1789_January_29
1789-01-30,1006.1,1008.4,1011.8,1789_January_30
1789-01-31,996.8,997.0,1004.9,1789_January_31
1789-02-01,1012.0,1014.4,1020.9,1789_February_1
1789-02-02,1024.0,1022.5,1020.9,1789_February_2
1789-02-03,1012.2,1010.7,1014.5,1789_February_3
1789-02-04,1017.4,1016.7,1016.8,1789_February_4
1789-02-05,1023.1,1023.0,1023.8,1789_February_5
1789-02-06,1018.8,1013.7,1010.8,1789_February_6
1789-02-07,1011.4,1011.8,1013.6,1789_February_7
1789-02-08,1013.4,1010.5,1003.4,1789_February_8
1789-02-09,988.1,989.3,1000.0,1789_February_9
1789-02-10,1006.4,1006.6,1005.1,1789_February_10
1789-02-11,1003.3,1002.7,1002.3,1789_February_11
1789-02-12,999.1,997.3,997.0,1789_February_12
1789-02-13,998.6,998.1,1000.6,1789_February_13
1789-02-14,1002.7,1002.6,1006.2,1789_February_14
1789-02-15,1008.5,1007.8,1006.9,1789_February_15
1789-02-16,1003.7,999.1,997.8,1789_February_16
1789-02-17,996.7,996.6,1004.2,1789_February_17
1789-02-18,1009.9,1010.0,1012.7,1789_February_18
1789-02-19,1011.4,1010.3,1009.3,1789_February_19
1789-02-20,1007.2,1006.9,1007.4,1789_February_20
1789-02-21,1014.6,1016.5,1017.1,1789_February_21
1789-02-22,1009.3,1002.9,1003.1,1789_February_22
1789-02-23,1009.3,1007.0,1006.0,1789_February_23
1789-02-24,1007.9,1007.7,1011.2,1789_February_24
1789-02-25,1013.3,1012.6,1014.9,1789_February_25
1789-02-26,1019.4,1017.7,1016.3,1789_February_26
1789-02-27,1009.3,1007.1,1009.1,1789_February_27
1789-02-28,1020.9,1021.7,1020.0,1789_February_28
,100.0,100.0,100.0,1789_February_29
,100.0,100.0,100.0,1789_February_30
,100.0,100.0,100.0,1789_February_31
1789-03-01,999.2,997.0,1007.4,1789_March_1
1789-03-02,1019.1,1019.4,1020.0,1789_March_2
1789-03-03,1018.7,1013.2,994.0,1789_March_3
1789-03-04,1002.3,1007.8,1016.1,1789_March_4
1789-03-05,1022.3,1020.1,1015.5,1789_March_5
1789-03-06,1013.3,1012.3,1008.5,1789_March_6
1789-03-07,989.6,985.8,990.1,1789_March_7
1789-03-08,1008.1,1009.0,1010.8,1789_March_8
1789-03-09,1013.7,1013.3,1017.2,1789_March_9
1789-03-10,1022.0,1021.7,1021.4,1789_March_10
1789-03-11,1022.1,1021.0,1018.8,1789_March_11
1789-03-12,1013.1,1008.5,1004.5,1789_March_12
1789-03-13,1004.7,1003.5,1004.0,1789_March_13
1789-03-14,1008.4,1010.9,1019.1,1789_March_14
1789-03-15,1024.4,1022.7,1020.3,1789_March_15
1789-03-16,1011.2,1006.0,1006.2,1789_March_16
1789-03-17,1010.7,1011.4,1015.1,1789_March_17
1789-03-18,1019.5,1018.1,1015.0,1789_March_18
1789-03-19,998.1,996.7,1000.8,1789_March_19
1789-03-20,1005.6,1005.8,1009.9,1789_March_20
1789-03-21,1012.6,1011.2,1012.2,1789_March_21
1789-03-22,1002.8,995.9,997.1,1789_March_22
1789-03-23,1004.9,1005.1,1009.8,1789_March_23
1789-03-24,1012.8,1012.1,1012.1,1789_March_24
1789-03-25,1012.1,1010.1,1010.9,1789_March_25
1789-03-26,1013.4,1014.2,1015.3,1789_March_26
1789-03-27,1017.7,1016.3,1014.8,1789_March_27
1789-03-28,1012.6,1008.9,998.1,1789_March_28
1789-03-29,991.7,994.1,1001.6,1789_March_29
1789-03-30,1003.6,1001.3,995.6,1789_March_30
1789-03-31,997.2,998.6,1000.7,1789_March_31
1789-04-01,999.4,997.7,997.2,1789_April_1
1789-04-02,999.0,1000.0,1004.1,1789_April_2
1789-04-03,1005.4,1002.6,998.7,1789_April_3
1789-04-04,998.8,998.4,1002.2,1789_April_4
1789-04-05,1004.8,1005.8,1008.8,1789_April_5
1789-04-06,1007.6,1006.1,998.9,1789_April_6
1789-04-07,973.1,969.1,980.0,1789_April_7
1789-04-08,988.2,989.9,997.3,1789_April_8
1789-04-09,1003.4,1003.2,1005.9,1789_April_9
1789-04-10,1001.5,994.2,983.3,1789_April_10
1789-04-11,988.5,990.3,995.3,1789_April_11
1789-04-12,996.7,996.1,1000.0,1789_April_12
1789-04-13,1005.6,1004.3,1006.6,1789_April_13
1789-04-14,1010.1,1006.6,1002.1,1789_April_14
1789-04-15,993.1,992.8,1003.6,1789_April_15
1789-04-16,1010.7,1008.9,1006.7,1789_April_16
1789-04-17,1008.2,1007.6,1010.2,1789_April_17
1789-04-18,1014.5,1011.9,1011.9,1789_April_18
1789-04-19,1008.2,1001.8,996.5,1789_April_19
1789-04-20,999.9,999.2,998.2,1789_April_20
1789-04-21,998.5,998.3,1000.3,1789_April_21
1789-04-22,1003.9,1002.6,1003.3,1789_April_22
1789-04-23,1003.9,1003.2,1001.9,1789_April_23
1789-04-24,989.0,985.9,985.9,1789_April_24
1789-04-25,988.6,988.9,992.2,1789_April_25
1789-04-26,993.0,992.0,994.1,1789_April_26
1789-04-27,993.4,991.3,992.5,1789_April_27
1789-04-28,993.2,992.9,995.2,1789_April_28
1789-04-29,995.2,995.9,998.4,1789_April_29
1789-04-30,997.8,998.4,1002.0,1789_April_30
,100.0,100.0,100.0,1789_April_31
1789-05-01,1003.1,1002.7,1002.1,1789_May_1
1789-05-02,1000.5,998.8,998.5,1789_May_2
1789-05-03,1000.5,999.3,1004.1,1789_May_3
1789-05-04,1008.9,1007.4,1006.2,1789_May_4
1789-05-05,1001.2,999.3,999.1,1789_May_5
1789-05-06,999.4,999.3,1004.3,1789_May_6
1789-05-07,1006.0,1003.4,1005.7,1789_May_7
1789-05-08,1002.7,999.4,1000.9,1789_May_8
1789-05-09,1007.8,1008.9,1012.0,1789_May_9
1789-05-10,1011.8,1009.8,1006.8,1789_May_10
1789-05-11,1006.3,1006.2,1005.9,1789_May_11
1789-05-12,1006.0,1005.6,1009.9,1789_May_12
1789-05-13,1017.5,1017.0,1015.2,1789_May_13
1789-05-14,1009.9,1011.2,1010.3,1789_May_14
1789-05-15,1013.7,1013.7,1011.4,1789_May_15
1789-05-16,1006.2,1000.1,997.3,1789_May_16
1789-05-17,1001.1,999.7,1000.6,1789_May_17
1789-05-18,1002.0,1001.5,1002.4,1789_May_18
1789-05-19,1005.1,1006.0,1005.7,1789_May_19
1789-05-20,1004.2,1003.5,1004.7,1789_May_20
1789-05-21,1006.2,1004.2,1001.2,1789_May_21
1789-05-22,1002.5,1002.1,1003.8,1789_May_22
1789-05-23,1005.4,1004.8,1006.6,1789_May_23
1789-05-24,1008.1,1006.6,1004.1,1789_May_24
1789-05-25,1005.8,1006.6,1009.1,1789_May_25
1789-05-26,1012.7,1013.0,1012.3,1789_May_26
1789-05-27,1009.9,1007.9,1006.9,1789_May_27
1789-05-28,1007.7,1008.8,1009.3,1789_May_28
1789-05-29,1007.6,1006.2,1002.3,1789_May_29
1789-05-30,995.5,991.6,996.8,1789_May_30
1789-05-31,1002.9,1002.9,1003.0,1789_May_31
1789-06-01,1006.5,1005.1,1004.8,1789_June_1
1789-06-02,1006.0,1004.3,1002.9,1789_June_2
1789-06-03,1004.0,1005.8,1011.6,1789_June_3
1789-06-04,1016.9,1016.5,1016.0,1789_June_4
1789-06-05,1015.4,1011.7,1006.2,1789_June_5
1789-06-06,1003.4,1001.4,1001.8,1789_June_6
1789-06-07,1003.8,1003.2,1004.9,1789_June_7
1789-06-08,1006.0,1005.6,1005.4,1789_June_8
1789-06-09,1006.6,1006.2,1006.7,1789_June_9
1789-06-10,1006.9,1007.9,1007.0,1789_June_10
1789-06-11,1003.3,1003.1,1003.5,1789_June_11
1789-06-12,1005.1,1004.6,1004.1,1789_June_12
1789-06-13,1004.5,1004.4,1005.1,1789_June_13
1789-06-14,1004.4,1002.0,998.8,1789_June_14
1789-06-15,992.3,994.4,998.3,1789_June_15
1789-06-16,999.8,998.7,1001.8,1789_June_16
1789-06-17,1005.6,1004.6,1005.0,1789_June_17
1789-06-18,1006.9,1005.7,1003.8,1789_June_18
1789-06-19,1002.2,1000.0,998.8,1789_June_19
1789-06-20,1000.0,1000.0,1001.0,1789_June_20
1789-06-21,1001.9,1001.0,1001.1,1789_June_21
1789-06-22,1002.1,999.7,995.4,1789_June_22
1789-06-23,988.2,987.6,993.8,1789_June_23
1789-06-24,1000.5,999.1,1000.5,1789_June_24
1789-06-25,1001.7,1001.2,1002.3,1789_June_25
1789-06-26,1003.4,1002.5,1006.9,1789_June_26
1789-06-27,1010.6,1010.7,1010.7,1789_June_27
1789-06-28,1010.9,1009.1,1008.4,1789_June_28
1789-06-29,1007.4,1004.7,1003.2,1789_June_29
1789-06-30,1003.5,1002.8,1003.6,1789_June_30
,100.0,100.0,100.0,1789_June_31
1789-07-01,1004.5,1003.1,1004.9,1789_July_1
1789-07-02,1007.2,1006.2,1006.9,1789_July_2
1789-07-03,1007.6,1008.9,1009.5,1789_July_3
1789-07-04,1010.0,1011.3,1012.0,1789_July_4
1789-07-05,1009.8,1009.2,1008.9,1789_July_5
1789-07-06,1008.4,1008.7,1008.9,1789_July_6
1789-07-07,1009.4,1009.1,1007.8,1789_July_7
1789-07-08,1006.6,1004.6,1003.0,1789_July_8
1789-07-09,1002.0,1000.1,999.3,1789_July_9
1789-07-10,999.1,998.7,1003.3,1789_July_10
1789-07-11,1005.5,1005.8,1005.4,1789_July_11
1789-07-12,1003.5,999.8,995.3,1789_July_12
1789-07-13,992.4,990.2,991.7,1789_July_13
1789-07-14,992.8,995.5,1000.6,1789_July_14
1789-07-15,1003.6,1005.0,1005.1,1789_July_15
1789-07-16,1010.0,1010.0,1010.6,1789_July_16
1789-07-17,1010.0,1009.9,1010.5,1789_July_17
1789-07-18,1010.4,1009.0,1006.9,1789_July_18
1789-07-19,1005.7,1003.1,1002.2,1789_July_19
1789-07-20,1002.1,1003.4,1003.6,1789_July_20
1789-07-21,1008.5,1009.1,1010.2,1789_July_21
1789-07-22,1012.4,1012.9,1013.7,1789_July_22
1789-07-23,1013.6,1012.5,1010.5,1789_July_23
1789-07-24,1007.2,1003.7,1003.4,1789_July_24
1789-07-25,1008.1,1010.3,1009.0,1789_July_25
1789-07-26,1009.3,1008.3,1007.7,1789_July_26
1789-07-27,1008.1,1008.2,1007.7,1789_July_27
1789-07-28,1008.2,1008.3,1008.8,1789_July_28
1789-07-29,1010.1,1008.2,1009.6,1789_July_29
1789-07-30,1010.9,1011.2,1014.5,1789_July_30
1789-07-31,1009.7,1006.2,1003.5,1789_July_31
1789-08-01,1003.5,1003.2,1004.1,1789_August_1
1789-08-02,1004.9,1005.9,1007.4,1789_August_2
1789-08-03,1009.2,1009.7,1008.4,1789_August_3
1789-08-04,1006.5,1006.2,1006.2,1789_August_4
1789-08-05,1003.8,1004.8,1006.5,1789_August_5
1789-08-06,1005.4,1005.6,1006.8,1789_August_6
1789-08-07,1008.8,1008.8,1008.7,1789_August_7
1789-08-08,1009.0,1008.1,1007.1,1789_August_8
1789-08-09,1006.9,1005.2,1003.8,1789_August_9
1789-08-10,1003.7,1002.9,1001.6,1789_August_10
1789-08-11,1001.9,999.4,999.9,1789_August_11
1789-08-12,999.3,999.7,998.8,1789_August_12
1789-08-13,999.6,1000.3,1001.5,1789_August_13
1789-08-14,1005.5,1005.5,1003.2,1789_August_14
1789-08-15,1001.3,1001.0,1000.6,1789_August_15
1789-08-16,999.4,996.2,991.5,1789_August_16
1789-08-17,993.8,996.3,1002.2,1789_August_17
1789-08-18,1006.2,1006.8,1009.2,1789_August_18
1789-08-19,1013.3,1013.3,1012.9,1789_August_19
1789-08-20,1013.2,1012.9,1013.4,1789_August_20
1789-08-21,1017.5,1018.4,1018.8,1789_August_21
1789-08-22,1019.7,1019.0,1018.4,1789_August_22
1789-08-23,1018.1,1017.6,1016.9,1789_August_23
1789-08-24,1015.9,1014.0,1012.9,1789_August_24
1789-08-25,1010.1,1008.4,1006.2,1789_August_25
1789-08-26,1004.9,1004.5,1003.6,1789_August_26
1789-08-27,1003.2,1001.0,999.7,1789_August_27
1789-08-28,1001.8,1002.3,1002.2,1789_August_28
1789-08-29,1000.5,996.4,994.5,1789_August_29
1789-08-30,994.6,994.2,1001.5,1789_August_30
1789-08-31,1004.7,1004.3,1006.2,1789_August_31
1789-09-01,1008.2,1006.8,1004.2,1789_September_1
1789-09-02,995.7,993.2,991.3,1789_September_2
1789-09-03,993.1,995.8,1000.2,1789_September_3
1789-09-04,1001.6,1001.4,1002.2,1789_September_4
1789-09-05,1002.2,1001.8,1004.1,1789_September_5
1789-09-06,1006.9,1008.5,1012.4,1789_September_6
1789-09-07,1016.5,1018.1,1018.7,1789_September_7
1789-09-08,1021.4,1022.1,1020.9,1789_September_8
1789-09-09,1020.1,1018.6,1016.7,1789_September_9
1789-09-10,1013.5,1009.9,1006.3,1789_September_10
1789-09-11,1005.2,1005.5,1006.0,1789_September_11
1789-09-12,1005.8,1004.1,1002.9,1789_September_12
1789-09-13,999.6,999.3,1003.1,1789_September_13
1789-09-14,1007.1,1007.5,1006.6,1789_September_14
1789-09-15,1003.7,1001.4,999.4,1789_September_15
1789-09-16,1005.7,1008.2,1009.4,1789_September_16
1789-09-17,1010.6,1013.5,1012.2,1789_September_17
1789-09-18,1011.5,1010.4,1009.4,1789_September_18
1789-09-19,1015.6,1017.4,1017.6,1789_September_19
1789-09-20,1017.7,1013.2,1009.2,1789_September_20
1789-09-21,1003.4,1003.2,1003.7,1789_September_21
1789-09-22,1008.2,1010.8,1012.1,1789_September_22
1789-09-23,1013.3,1011.9,1010.7,1789_September_23
1789-09-24,1010.2,1009.4,1010.1,1789_September_24
1789-09-25,1011.0,1010.5,1009.1,1789_September_25
1789-09-26,1005.9,1004.6,1004.9,1789_September_26
1789-09-27,1009.2,1011.3,1007.2,1789_September_27
1789-09-28,1001.8,1003.1,1004.9,1789_September_28
1789-09-29,1005.2,1002.5,1000.7,1789_September_29
1789-09-30,1000.1,1000.4,1001.1,1789_September_30
,100.0,100.0,100.0,1789_September_31
1789-10-01,1003.0,1002.6,1004.3,1789_October_1
1789-10-02,1005.5,1005.4,1011.1,1789_October_2
1789-10-03,1014.2,1013.5,1013.4,1789_October_3
1789-10-04,1010.8,1009.1,1005.4,1789_October_4
1789-10-05,999.7,999.6,998.9,1789_October_5
1789-10-06,995.4,993.7,994.3,1789_October_6
1789-10-07,995.3,996.4,1001.0,1789_October_7
1789-10-08,1002.9,1001.9,1002.0,1789_October_8
1789-10-09,1007.2,1008.1,1010.4,1789_October_9
1789-10-10,1009.7,1005.2,1003.9,1789_October_10
1789-10-11,998.0,997.2,999.1,1789_October_11
1789-10-12,999.7,999.9,1001.6,1789_October_12
1789-10-13,1002.2,1004.7,1004.1,1789_October_13
1789-10-14,1001.6,1002.8,1005.0,1789_October_14
1789-10-15,1000.5,996.8,993.2,1789_October_15
1789-10-16,993.2,994.3,999.4,1789_October_16
1789-10-17,1003.8,1003.7,1006.4,1789_October_17
1789-10-18,1008.5,1008.0,1006.8,1789_October_18
1789-10-19,1004.2,1004.7,1006.1,1789_October_19
1789-10-20,1007.5,1003.6,1003.2,1789_October_20
1789-10-21,1003.5,1002.4,1001.6,1789_October_21
1789-10-22,1002.9,1004.2,1013.3,1789_October_22
1789-10-23,1019.1,1019.7,1021.0,1789_October_23
1789-10-24,1022.7,1019.9,1012.7,1789_October_24
1789-10-25,1004.0,1004.3,1004.7,1789_October_25
1789-10-26,1003.5,1000.3,991.2,1789_October_26
1789-10-27,982.5,981.5,984.4,1789_October_27
1789-10-28,990.9,993.0,1000.2,1789_October_28
1789-10-29,1003.2,1001.9,1001.2,1789_October_29
1789-10-30,1001.1,1002.1,1003.2,1789_October_30
1789-10-31,1002.2,999.8,999.7,1789_October_31
1789-11-01,1008.5,1010.1,1011.7,1789_November_1
1789-11-02,1010.7,1007.8,1007.4,1789_November_2
1789-11-03,1002.6,998.7,987.7,1789_November_3
1789-11-04,989.8,992.5,999.8,1789_November_4
1789-11-05,1007.6,1008.8,1013.6,1789_November_5
1789-11-06,1017.9,1017.2,1017.8,1789_November_6
1789-11-07,1017.7,1015.3,1012.9,1789_November_7
1789-11-08,1014.0,1016.8,1019.3,1789_November_8
1789-11-09,1018.4,1014.9,1011.4,1789_November_9
1789-11-10,1004.1,1001.8,1002.0,1789_November_10
1789-11-11,1008.6,1010.7,1010.9,1789_November_11
1789-11-12,1010.8,1011.4,1012.5,1789_November_12
1789-11-13,1012.7,1009.9,1003.7,1789_November_13
1789-11-14,1002.2,1000.3,1007.4,1789_November_14
1789-11-15,1011.7,1011.1,1008.2,1789_November_15
1789-11-16,1004.1,1002.7,1002.7,1789_November_16
1789-11-17,1007.7,1010.2,1018.9,1789_November_17
1789-11-18,1027.2,1027.6,1029.0,1789_November_18
1789-11-19,1029.4,1021.4,985.6,1789_November_19
1789-11-20,1018.1,1017.0,1014.1,1789_November_20
1789-11-21,1007.0,1003.4,996.3,1789_November_21
1789-11-22,985.3,980.5,976.9,1789_November_22
1789-11-23,984.1,988.3,1002.1,1789_November_23
1789-11-24,1014.1,1015.2,1018.5,1789_November_24
1789-11-25,1019.1,1018.1,1015.0,1789_November_25
1789-11-26,1005.8,1001.3,998.9,1789_November_26
1789-11-27,1004.5,1005.3,1008.9,1789_November_27
1789-11-28,1014.3,1014.2,1014.5,1789_November_28
1789-11-29,1010.1,1008.0,1004.2,1789_November_29
1789-11-30,994.0,989.6,979.3,1789_November_30
,100.0,100.0,100.0,1789_November_31
1789-12-01,976.6,979.3,984.8,1789_December_1
1789-12-02,988.1,989.2,993.7,1789_December_2
1789-12-03,996.2,993.7,998.4,1789_December_3
1789-12-04,1005.8,1006.2,1011.6,1789_December_4
1789-12-05,1016.1,1014.6,1014.7,1789_December_5
1789-12-06,1008.9,1005.9,1006.4,1789_December_6
1789-12-07,997.1,995.4,995.6,1789_December_7
1789-12-08,1003.1,1004.0,1009.1,1789_December_8
1789-12-09,1011.8,1012.1,1017.0,1789_December_9
1789-12-10,1019.3,1015.8,1014.2,1789_December_10
1789-12-11,1012.1,1008.1,992.6,1789_December_11
1789-12-12,979.5,986.4,999.7,1789_December_12
1789-12-13,1005.8,1007.2,1013.2,1789_December_13
1789-12-14,1019.5,1018.6,1023.7,1789_December_14
1789-12-15,1021.0,1019.1,1016.0,1789_December_15
1789-12-16,1013.2,1011.5,1011.6,1789_December_16
1789-12-17,1008.9,1011.8,1011.9,1789_December_17
1789-12-18,1008.7,1005.1,1005.5,1789_December_18
1789-12-19,1004.7,1004.8,1006.5,1789_December_19
1789-12-20,1004.3,1003.7,1007.4,1789_December_20
1789-12-21,1012.7,1013.2,1017.6,1789_December_21
1789-12-22,1020.5,1020.0,1020.3,1789_December_22
1789-12-23,1020.1,1016.9,1014.8,1789_December_23
1789-12-24,1009.5,1005.8,1005.2,1789_December_24
1789-12-25,1009.7,1010.6,1014.3,1789_December_25
1789-12-26,1012.4,1009.4,1006.8,1789_December_26
1789-12-27,1004.8,1002.9,1002.2,1789_December_27
1789-12-28,998.8,999.2,1007.8,1789_December_28
1789-12-29,1005.1,999.4,1001.0,1789_December_29
1789-12-30,1014.6,1017.9,1018.6,1789_December_30
1789-12-31,1012.7,1008.1,998.6,1789_December_31
