date,it8,it13,it21,ot8,ot13,ot21,datestring
1786-01-01,-12.22,-10.56,-9.72,-15.56,-6.50,-13.06,1786_January_1
1786-01-02,-9.72,-6.67,-5.00,-9.72,-3.44,-5.39,1786_January_2
1786-01-03,-1.11,-1.11,-2.78,0.00,-5.28,-3.56,1786_January_3
1786-01-04,-1.94,0.00,-0.28,-3.61,0.44,-6.00,1786_January_4
1786-01-05,-2.22,-0.83,0.00,-3.33,-0.78,-0.11,1786_January_5
1786-01-06,-0.56,0.00,0.56,-4.44,0.11,-2.89,1786_January_6
1786-01-07,-2.78,-3.06,-5.28,-6.11,-6.11,-7.94,1786_January_7
1786-01-08,-8.33,-6.56,-5.56,-15.28,-5.56,-12.78,1786_January_8
1786-01-09,-7.78,-3.22,-1.94,-7.39,-0.56,-4.00,1786_January_9
1786-01-10,-4.72,-3.89,-2.50,-8.06,-2.22,-2.78,1786_January_10
1786-01-11,-3.89,-1.67,-0.28,-3.33,1.67,-2.22,1786_January_11
1786-01-12,-4.72,-2.78,-0.56,-10.00,1.61,-0.56,1786_January_12
1786-01-13,-8.06,-5.56,-6.11,-13.89,-7.39,-13.89,1786_January_13
1786-01-14,-11.94,-9.44,-6.67,-15.56,-3.89,-8.06,1786_January_14
1786-01-15,-5.56,-3.89,-3.61,-6.67,-0.56,-8.33,1786_January_15
1786-01-16,-5.56,-3.89,-5.28,-9.72,-3.22,-13.06,1786_January_16
1786-01-17,-10.56,-9.44,-10.56,-18.06,-13.00,-21.67,1786_January_17
1786-01-18,-16.67,-14.44,-12.50,-25.56,-15.00,-18.06,1786_January_18
1786-01-19,-16.39,23.89,-12.22,-22.22,-13.44,-18.89,1786_January_19
1786-01-20,-17.22,-14.44,-10.56,-22.78,-8.22,-9.78,1786_January_20
1786-01-21,-7.22,-4.44,-0.28,-2.22,0.56,5.00,1786_January_21
1786-01-22,5.83,7.78,7.22,8.06,9.00,6.39,1786_January_22
1786-01-23,7.50,7.22,3.06,7.11,5.11,-1.11,1786_January_23
1786-01-24,-2.22,0.00,1.11,-99.90,1.11,-0.72,1786_January_24
1786-01-25,1.67,3.33,4.33,1.67,5.56,2.56,1786_January_25
1786-01-26,1.11,1.67,1.67,-0.83,2.11,-2.11,1786_January_26
1786-01-27,-5.00,-3.33,-2.22,-9.44,-5.00,-8.44,1786_January_27
1786-01-28,-6.67,-0.56,1.67,-8.89,3.17,1.67,1786_January_28
1786-01-29,1.11,9.44,4.72,-1.11,7.78,0.22,1786_January_29
1786-01-30,2.78,3.33,9.56,1.94,4.28,11.11,1786_January_30
1786-01-31,7.50,7.78,0.83,6.39,5.00,-7.89,1786_January_31
1786-02-01,-6.39,-4.44,-3.61,-11.39,-6.11,-6.11,1786_February_1
1786-02-02,-5.00,-4.17,-4.72,-6.67,-4.61,-8.89,1786_February_2
1786-02-03,-4.89,-4.72,-0.56,-9.72,-0.78,1.67,1786_February_3
1786-02-04,-0.83,0.56,0.83,-1.28,2.00,-3.56,1786_February_4
1786-02-05,-0.28,1.11,0.56,0.28,1.39,-1.44,1786_February_5
1786-02-06,0.00,0.72,0.00,-1.11,1.00,-1.67,1786_February_6
1786-02-07,-1.67,0.28,1.39,-2.22,2.50,1.94,1786_February_7
1786-02-08,1.11,3.89,4.44,1.67,4.44,1.33,1786_February_8
1786-02-09,1.67,6.11,5.00,1.11,7.22,0.33,1786_February_9
1786-02-10,4.44,7.78,5.56,4.72,9.44,-0.56,1786_February_10
1786-02-11,-4.17,-4.44,-5.56,-11.11,-8.89,-10.56,1786_February_11
1786-02-12,-8.89,-6.11,-3.89,-13.44,-5.28,-8.33,1786_February_12
1786-02-13,-7.50,-3.61,-1.67,-12.78,-3.06,-5.00,1786_February_13
1786-02-14,-3.89,-3.06,-3.61,-6.22,-5.56,-5.83,1786_February_14
1786-02-15,-4.72,-0.56,2.50,-7.06,2.78,-1.67,1786_February_15
1786-02-16,1.11,3.61,3.61,-1.00,6.67,0.44,1786_February_16
1786-02-17,1.67,4.72,4.44,-1.39,6.67,0.56,1786_February_17
1786-02-18,3.89,6.67,6.67,2.78,7.78,6.11,1786_February_18
1786-02-19,-0.83,-0.56,-1.67,-5.83,-4.33,-5.56,1786_February_19
1786-02-20,-3.33,-1.67,-1.11,-3.89,-1.33,-8.67,1786_February_20
1786-02-21,-3.89,-0.83,0.00,-5.72,-0.44,-3.17,1786_February_21
1786-02-22,-4.44,0.00,1.11,-7.22,2.67,-0.06,1786_February_22
1786-02-23,-1.67,-1.67,-3.33,-7.11,-4.44,-10.89,1786_February_23
1786-02-24,-4.17,-3.89,-4.17,-4.61,-6.11,-8.78,1786_February_24
1786-02-25,-8.06,-3.89,-2.78,-14.44,-2.89,-10.00,1786_February_25
1786-02-26,-7.50,-1.67,0.56,-11.67,1.89,-4.17,1786_February_26
1786-02-27,-2.22,2.78,3.89,-7.22,8.22,1.33,1786_February_27
1786-02-28,1.11,3.33,3.33,-1.94,3.28,-2.78,1786_February_28
,-99.90,-99.90,-99.90,-99.90,-99.90,-99.90,1786_February_29
,-99.90,-99.90,-99.90,-99.90,-99.90,-99.90,1786_February_30
,-99.90,-99.90,-99.90,-99.90,-99.90,-99.90,1786_February_31
1786-03-01,0.00,2.22,2.22,-1.67,4.28,-1.39,1786_March_1
1786-03-02,1.67,-99.90,2.11,0.83,1.11,0.94,1786_March_2
1786-03-03,2.78,5.56,5.00,2.50,7.67,2.67,1786_March_3
1786-03-04,3.61,5.83,3.61,2.22,7.22,1.56,1786_March_4
1786-03-05,1.67,2.22,2.22,0.28,3.89,2.00,1786_March_5
1786-03-06,0.83,1.94,1.67,0.00,3.06,-2.78,1786_March_6
1786-03-07,-0.83,2.22,3.33,-2.78,6.39,-2.22,1786_March_7
1786-03-08,-1.11,2.78,3.78,-3.89,7.11,-1.11,1786_March_8
1786-03-09,1.56,4.44,5.00,-1.28,6.67,1.11,1786_March_9
1786-03-10,1.50,2.22,0.83,-2.22,1.11,-2.78,1786_March_10
1786-03-11,-3.89,-1.67,-0.56,-7.78,-0.56,-3.39,1786_March_11
1786-03-12,-1.67,2.22,4.44,-3.33,5.56,1.00,1786_March_12
1786-03-13,1.11,4.72,5.56,-0.67,12.33,-0.56,1786_March_13
1786-03-14,2.22,5.56,5.56,-1.67,6.39,-1.00,1786_March_14
1786-03-15,1.67,6.39,3.33,-1.67,5.00,0.28,1786_March_15
1786-03-16,2.78,3.89,4.44,1.67,3.89,1.89,1786_March_16
1786-03-17,3.89,6.94,7.22,1.67,9.72,5.83,1786_March_17
1786-03-18,5.00,8.06,8.17,1.39,9.56,2.33,1786_March_18
1786-03-19,4.72,8.89,7.50,1.50,10.00,1.28,1786_March_19
1786-03-20,3.89,4.44,14.72,-1.11,6.67,0.94,1786_March_20
1786-03-21,2.22,3.33,2.78,0.56,3.44,0.67,1786_March_21
1786-03-22,2.78,8.33,10.00,3.06,14.44,7.89,1786_March_22
1786-03-23,6.11,10.56,8.61,3.89,11.94,4.11,1786_March_23
1786-03-24,1.67,3.89,5.83,0.00,5.00,4.56,1786_March_24
1786-03-25,7.22,16.11,15.83,8.06,18.89,12.78,1786_March_25
1786-03-26,12.50,19.44,18.89,12.78,25.00,13.33,1786_March_26
1786-03-27,11.94,10.56,3.89,3.33,8.00,3.22,1786_March_27
1786-03-28,4.44,7.22,7.22,0.28,7.67,2.78,1786_March_28
1786-03-29,5.83,9.17,11.11,5.28,11.11,7.89,1786_March_29
1786-03-30,9.44,15.00,14.44,8.61,19.44,11.28,1786_March_30
1786-03-31,9.72,7.78,6.39,5.00,3.33,2.78,1786_March_31
1786-04-01,1.39,0.56,0.00,-3.17,-0.89,-3.33,1786_April_1
1786-04-02,-0.56,0.00,-0.56,-0.67,-2.28,-2.22,1786_April_2
1786-04-03,-1.11,3.22,3.33,-2.22,6.67,1.11,1786_April_3
1786-04-04,3.89,8.06,8.33,4.44,13.33,2.78,1786_April_4
1786-04-05,5.00,6.67,7.22,3.06,10.00,2.56,1786_April_5
1786-04-06,4.44,6.11,7.78,5.00,9.17,3.89,1786_April_6
1786-04-07,6.00,6.11,6.00,4.17,7.78,3.33,1786_April_7
1786-04-08,4.17,6.11,8.06,0.00,7.22,4.22,1786_April_8
1786-04-09,5.00,5.00,5.56,2.50,3.06,1.22,1786_April_9
1786-04-10,1.94,5.56,8.89,-1.67,8.78,6.28,1786_April_10
1786-04-11,7.22,11.11,9.44,4.44,12.22,4.33,1786_April_11
1786-04-12,6.11,11.67,11.67,0.56,16.11,6.22,1786_April_12
1786-04-13,8.33,9.44,7.78,5.00,9.44,0.56,1786_April_13
1786-04-14,4.44,11.00,13.06,0.28,17.67,15.11,1786_April_14
1786-04-15,7.78,9.44,8.89,3.89,9.44,4.17,1786_April_15
1786-04-16,6.22,14.44,12.22,6.28,18.33,8.61,1786_April_16
1786-04-17,11.11,14.17,13.06,9.44,16.11,8.33,1786_April_17
1786-04-18,8.89,8.33,7.22,6.11,6.89,4.56,1786_April_18
1786-04-19,6.11,6.67,7.22,4.44,6.11,6.11,1786_April_19
1786-04-20,6.56,6.67,6.39,5.44,6.11,4.89,1786_April_20
1786-04-21,6.67,7.22,6.39,7.22,6.11,4.61,1786_April_21
1786-04-22,6.11,7.22,8.06,4.61,7.78,7.22,1786_April_22
1786-04-23,7.22,8.89,9.06,5.83,10.00,6.67,1786_April_23
1786-04-24,8.06,8.89,8.06,7.22,8.00,5.83,1786_April_24
1786-04-25,7.78,9.72,11.67,6.67,11.94,12.11,1786_April_25
1786-04-26,10.56,11.11,11.11,11.67,15.00,7.78,1786_April_26
1786-04-27,8.89,11.11,11.11,9.44,12.78,8.61,1786_April_27
1786-04-28,9.44,15.56,13.89,12.22,20.28,7.78,1786_April_28
1786-04-29,10.00,11.67,10.56,9.17,13.44,6.39,1786_April_29
1786-04-30,8.06,10.83,11.11,5.28,12.50,10.67,1786_April_30
,-99.90,-99.90,-99.90,-99.90,-99.90,-99.90,1786_April_31
1786-05-01,11.11,12.78,12.22,11.11,14.17,9.17,1786_May_1
1786-05-02,11.67,14.44,12.78,11.39,15.44,11.11,1786_May_2
1786-05-03,11.67,15.56,15.00,0.28,16.67,11.67,1786_May_3
1786-05-04,12.78,14.44,14.17,11.22,16.00,10.00,1786_May_4
1786-05-05,11.67,14.44,13.06,12.22,16.67,7.44,1786_May_5
1786-05-06,10.56,11.11,9.44,9.78,9.89,6.67,1786_May_6
1786-05-07,10.00,11.11,11.11,9.44,11.67,8.44,1786_May_7
1786-05-08,10.83,13.33,12.22,12.50,17.78,8.89,1786_May_8
1786-05-09,11.94,13.89,11.67,11.67,13.89,8.89,1786_May_9
1786-05-10,11.11,12.22,11.67,11.39,13.33,8.78,1786_May_10
1786-05-11,11.11,14.44,12.22,12.22,16.39,6.94,1786_May_11
1786-05-12,9.44,12.22,11.67,7.78,12.56,9.89,1786_May_12
1786-05-13,12.22,15.83,14.72,12.89,20.56,12.78,1786_May_13
1786-05-14,14.44,18.89,24.44,13.61,22.89,17.22,1786_May_14
1786-05-15,16.67,17.22,14.44,14.17,16.28,11.11,1786_May_15
1786-05-16,11.67,12.22,11.39,8.89,13.61,7.78,1786_May_16
1786-05-17,10.00,10.28,10.28,9.33,10.83,6.94,1786_May_17
1786-05-18,10.56,15.00,15.56,10.00,21.94,12.50,1786_May_18
1786-05-19,13.33,16.11,14.44,13.33,15.83,8.89,1786_May_19
1786-05-20,11.67,15.00,13.61,8.33,18.11,12.67,1786_May_20
1786-05-21,13.06,15.56,14.44,13.33,17.11,12.22,1786_May_21
1786-05-22,13.61,17.22,16.67,14.17,20.00,13.89,1786_May_22
1786-05-23,15.00,17.78,16.67,13.89,21.67,13.33,1786_May_23
1786-05-24,16.11,19.17,18.61,15.00,23.61,16.50,1786_May_24
1786-05-25,17.50,19.72,17.67,17.78,23.61,11.67,1786_May_25
1786-05-26,15.00,16.39,15.00,13.89,18.06,11.11,1786_May_26
1786-05-27,14.33,16.67,16.89,15.22,17.61,15.56,1786_May_27
1786-05-28,16.67,18.61,17.22,17.78,19.56,13.06,1786_May_28
1786-05-29,16.39,18.89,19.17,16.78,20.78,16.67,1786_May_29
1786-05-30,16.67,18.33,17.22,13.89,22.78,14.17,1786_May_30
1786-05-31,16.39,18.61,18.89,15.28,22.44,14.44,1786_May_31
1786-06-01,18.33,21.11,19.44,19.44,23.89,15.83,1786_June_1
1786-06-02,18.89,25.00,22.11,17.22,26.67,23.22,1786_June_2
1786-06-03,21.67,27.22,26.67,22.22,31.11,25.56,1786_June_3
1786-06-04,25.00,29.44,23.06,26.00,33.61,19.17,1786_June_4
1786-06-05,21.11,19.44,19.44,17.78,22.56,16.11,1786_June_5
1786-06-06,20.56,26.67,24.44,21.39,30.56,23.89,1786_June_6
1786-06-07,23.33,26.11,23.33,23.33,30.00,22.22,1786_June_7
1786-06-08,23.89,28.61,25.56,22.78,30.56,25.28,1786_June_8
1786-06-09,23.33,21.67,19.72,16.67,21.22,14.44,1786_June_9
1786-06-10,15.56,18.33,17.50,14.56,20.11,15.56,1786_June_10
1786-06-11,17.22,21.11,21.11,18.06,24.44,19.44,1786_June_11
1786-06-12,21.11,23.89,21.67,20.89,26.39,18.44,1786_June_12
1786-06-13,18.61,21.67,20.28,17.61,24.89,15.00,1786_June_13
1786-06-14,18.33,21.11,21.39,18.22,24.17,19.56,1786_June_14
1786-06-15,17.78,20.00,19.72,15.28,22.78,16.50,1786_June_15
1786-06-16,18.33,20.56,19.44,15.56,23.89,17.78,1786_June_16
1786-06-17,18.89,23.33,24.72,20.00,26.33,23.33,1786_June_17
1786-06-18,24.44,26.44,24.44,24.22,27.22,23.89,1786_June_18
1786-06-19,23.61,26.67,25.00,22.89,29.89,21.11,1786_June_19
1786-06-20,21.94,23.61,22.22,18.61,24.44,17.78,1786_June_20
1786-06-21,19.44,21.11,21.00,16.67,22.50,18.33,1786_June_21
1786-06-22,20.56,21.67,20.56,18.89,23.61,17.78,1786_June_22
1786-06-23,19.44,24.17,21.39,16.67,27.78,18.89,1786_June_23
1786-06-24,20.28,21.67,21.94,18.33,24.56,20.00,1786_June_24
1786-06-25,22.22,26.67,26.67,22.67,29.44,25.00,1786_June_25
1786-06-26,25.00,25.56,22.22,25.00,26.94,16.94,1786_June_26
1786-06-27,19.44,21.39,22.22,16.39,23.56,19.17,1786_June_27
1786-06-28,20.00,22.78,22.50,18.22,26.11,19.00,1786_June_28
1786-06-29,20.83,24.72,22.78,19.56,26.67,20.67,1786_June_29
1786-06-30,20.00,22.78,20.83,17.22,25.28,15.67,1786_June_30
,-99.90,-99.90,-99.90,-99.90,-99.90,-99.90,1786_June_31
1786-07-01,18.33,20.83,22.22,14.44,23.11,22.33,1786_July_1
1786-07-02,20.56,28.33,28.06,20.56,30.83,25.33,1786_July_2
1786-07-03,24.44,23.33,22.78,22.78,24.06,22.50,1786_July_3
1786-07-04,19.06,21.11,20.83,16.78,25.83,15.00,1786_July_4
1786-07-05,18.89,20.83,21.11,15.39,22.78,18.22,1786_July_5
1786-07-06,18.89,21.11,20.00,21.00,23.61,15.00,1786_July_6
1786-07-07,18.89,21.11,23.17,20.83,22.78,21.11,1786_July_7
1786-07-08,22.22,28.06,24.44,21.94,30.83,22.78,1786_July_8
1786-07-09,23.89,25.28,23.61,23.06,26.94,18.33,1786_July_9
1786-07-10,20.00,25.00,24.72,18.56,27.22,19.44,1786_July_10
1786-07-11,22.50,29.00,24.44,22.22,30.28,22.33,1786_July_11
1786-07-12,23.33,26.11,23.33,24.17,27.78,16.94,1786_July_12
1786-07-13,21.67,22.78,20.56,19.44,25.00,15.11,1786_July_13
1786-07-14,18.89,22.22,23.33,18.61,27.22,22.17,1786_July_14
1786-07-15,24.44,26.67,26.22,23.06,28.89,22.33,1786_July_15
1786-07-16,23.61,29.44,26.22,24.17,31.11,24.94,1786_July_16
1786-07-17,23.89,23.33,21.56,21.39,23.22,15.67,1786_July_17
1786-07-18,17.22,18.06,17.67,15.00,15.56,15.67,1786_July_18
1786-07-19,17.22,21.67,20.83,16.78,21.67,19.17,1786_July_19
1786-07-20,20.00,22.22,20.78,19.72,26.22,17.78,1786_July_20
1786-07-21,20.00,22.50,20.72,18.44,25.00,16.56,1786_July_21
1786-07-22,22.78,25.56,23.33,24.44,27.89,21.56,1786_July_22
1786-07-23,23.33,27.22,24.44,23.33,32.22,21.00,1786_July_23
1786-07-24,22.50,23.89,21.39,20.28,25.00,17.06,1786_July_24
1786-07-25,20.00,22.78,21.94,19.44,25.00,18.89,1786_July_25
1786-07-26,20.00,22.78,23.33,19.17,26.67,21.11,1786_July_26
1786-07-27,21.11,26.67,23.06,23.89,29.22,19.44,1786_July_27
1786-07-28,19.89,21.11,19.72,17.78,22.78,13.89,1786_July_28
1786-07-29,18.06,20.56,19.44,16.67,24.17,13.89,1786_July_29
1786-07-30,18.33,22.78,21.11,20.00,24.22,17.22,1786_July_30
1786-07-31,19.44,21.11,20.56,19.17,24.11,17.78,1786_July_31
1786-08-01,18.89,20.00,20.00,19.44,18.89,15.56,1786_August_1
1786-08-02,18.33,18.89,19.06,15.72,18.22,19.00,1786_August_2
1786-08-03,18.89,21.11,22.22,19.17,24.78,20.56,1786_August_3
1786-08-04,21.11,26.11,23.89,21.39,28.33,22.22,1786_August_4
1786-08-05,23.33,27.33,24.44,23.22,29.22,23.33,1786_August_5
1786-08-06,23.89,28.89,25.28,23.89,32.22,22.72,1786_August_6
1786-08-07,21.67,23.33,22.22,19.33,26.94,16.67,1786_August_7
1786-08-08,19.72,23.06,22.78,16.94,25.56,16.67,1786_August_8
1786-08-09,20.56,22.22,21.94,17.78,27.78,18.61,1786_August_9
1786-08-10,20.00,20.56,20.00,18.89,21.56,15.33,1786_August_10
1786-08-11,16.39,23.06,23.33,15.28,27.78,21.67,1786_August_11
1786-08-12,21.11,22.78,21.67,19.44,23.06,18.06,1786_August_12
1786-08-13,18.89,21.11,20.56,17.22,24.17,16.94,1786_August_13
1786-08-14,18.33,18.33,17.33,15.44,19.89,15.00,1786_August_14
1786-08-15,16.67,20.00,20.83,15.00,25.56,17.22,1786_August_15
1786-08-16,18.89,23.06,21.11,18.33,26.11,17.22,1786_August_16
1786-08-17,19.44,22.22,21.67,18.89,28.61,18.61,1786_August_17
1786-08-18,20.00,21.67,21.11,17.22,26.56,17.94,1786_August_18
1786-08-19,19.44,21.11,20.56,18.78,24.44,18.33,1786_August_19
1786-08-20,19.17,25.00,25.56,18.89,28.33,23.06,1786_August_20
1786-08-21,23.06,28.17,26.11,20.56,31.11,25.22,1786_August_21
1786-08-22,25.00,28.33,23.61,23.33,29.44,17.22,1786_August_22
1786-08-23,19.72,21.94,23.61,16.28,23.06,23.61,1786_August_23
1786-08-24,20.83,21.67,20.00,16.39,23.89,15.44,1786_August_24
1786-08-25,15.56,19.44,18.89,13.89,21.78,14.56,1786_August_25
1786-08-26,17.50,19.17,20.00,17.11,19.17,18.61,1786_August_26
1786-08-27,20.56,20.00,18.61,19.17,20.00,12.78,1786_August_27
1786-08-28,14.72,20.00,17.22,9.89,19.44,15.56,1786_August_28
1786-08-29,16.56,19.17,21.11,16.39,21.39,21.11,1786_August_29
1786-08-30,16.78,16.67,16.00,13.06,18.89,10.39,1786_August_30
1786-08-31,13.06,15.00,15.00,9.44,16.94,12.67,1786_August_31
1786-09-01,13.33,16.67,17.78,7.50,21.11,13.06,1786_September_1
1786-09-02,15.56,21.11,20.83,14.44,23.33,19.89,1786_September_2
1786-09-03,20.56,23.89,23.61,20.28,25.83,23.33,1786_September_3
1786-09-04,21.67,21.11,18.33,19.17,23.89,16.11,1786_September_4
1786-09-05,17.50,18.33,20.00,15.56,20.44,21.00,1786_September_5
1786-09-06,20.56,21.11,20.00,20.78,24.44,16.67,1786_September_6
1786-09-07,16.67,21.11,17.78,15.00,23.89,12.56,1786_September_7
1786-09-08,13.33,16.11,16.11,8.22,18.89,12.44,1786_September_8
1786-09-09,13.33,17.78,18.89,13.33,21.39,15.28,1786_September_9
1786-09-10,16.11,21.11,19.89,13.06,25.44,16.89,1786_September_10
1786-09-11,18.33,22.78,20.00,18.22,27.22,17.22,1786_September_11
1786-09-12,17.22,16.39,15.56,14.11,14.44,10.22,1786_September_12
1786-09-13,12.22,15.00,15.56,8.33,17.78,9.72,1786_September_13
1786-09-14,10.56,13.89,15.00,6.94,16.67,10.00,1786_September_14
1786-09-15,12.78,19.44,20.00,12.22,22.78,16.11,1786_September_15
1786-09-16,16.11,18.33,17.50,14.89,20.28,12.39,1786_September_16
1786-09-17,14.44,18.33,17.78,11.11,22.22,15.00,1786_September_17
1786-09-18,15.00,17.78,17.78,16.67,22.50,16.22,1786_September_18
1786-09-19,17.78,18.61,18.61,16.67,19.56,17.22,1786_September_19
1786-09-20,18.33,20.56,21.11,17.44,23.33,18.89,1786_September_20
1786-09-21,18.89,22.22,21.11,16.67,26.78,18.44,1786_September_21
1786-09-22,17.22,17.78,16.67,13.89,16.00,13.33,1786_September_22
1786-09-23,15.56,16.67,16.39,14.44,16.11,13.33,1786_September_23
1786-09-24,12.22,12.78,13.33,7.50,15.00,6.89,1786_September_24
1786-09-25,9.44,14.44,15.56,1.94,17.78,10.83,1786_September_25
1786-09-26,13.89,20.56,18.61,10.56,24.44,15.28,1786_September_26
1786-09-27,20.56,19.44,20.56,13.33,23.00,18.50,1786_September_27
1786-09-28,20.00,25.00,23.89,19.17,28.33,23.61,1786_September_28
1786-09-29,18.61,21.67,18.89,15.56,24.44,14.17,1786_September_29
1786-09-30,16.67,23.06,22.50,14.17,26.00,19.11,1786_September_30
,-99.90,-99.90,-99.90,-99.90,-99.90,-99.90,1786_September_31
1786-10-01,20.56,35.83,23.89,18.89,27.11,20.56,1786_October_1
1786-10-02,21.94,25.83,21.78,21.67,26.78,18.61,1786_October_2
1786-10-03,19.44,19.44,17.50,14.17,19.94,14.67,1786_October_3
1786-10-04,17.22,19.17,20.56,16.39,22.50,20.28,1786_October_4
1786-10-05,20.56,23.61,22.22,21.00,26.39,21.67,1786_October_5
1786-10-06,21.67,20.83,18.89,21.94,18.22,15.56,1786_October_6
1786-10-07,12.78,15.28,13.61,9.72,16.56,10.28,1786_October_7
1786-10-08,9.44,15.00,13.89,6.11,16.33,11.67,1786_October_8
1786-10-09,13.33,18.06,16.94,11.67,20.56,10.00,1786_October_9
1786-10-10,10.83,13.33,15.00,5.00,15.56,7.89,1786_October_10
1786-10-11,11.11,18.33,18.33,4.72,21.11,16.11,1786_October_11
1786-10-12,16.11,21.11,22.22,15.56,26.11,19.72,1786_October_12
1786-10-13,16.67,18.33,17.50,10.00,19.56,12.22,1786_October_13
1786-10-14,11.67,13.89,19.44,6.11,15.83,11.67,1786_October_14
1786-10-15,15.56,21.11,20.56,15.00,23.33,17.78,1786_October_15
1786-10-16,18.89,23.89,21.11,16.39,25.89,18.61,1786_October_16
1786-10-17,18.89,20.83,16.11,18.33,17.67,8.89,1786_October_17
1786-10-18,10.28,10.56,10.00,2.22,9.06,2.72,1786_October_18
1786-10-19,5.28,8.33,10.00,-1.94,12.22,6.56,1786_October_19
1786-10-20,8.89,12.22,13.33,7.50,16.89,11.94,1786_October_20
1786-10-21,11.94,12.22,11.11,9.17,13.33,6.83,1786_October_21
1786-10-22,7.78,7.78,7.78,5.00,8.61,5.83,1786_October_22
1786-10-23,4.44,8.33,9.44,-1.94,12.11,8.33,1786_October_23
1786-10-24,10.00,12.06,11.11,7.22,15.83,5.67,1786_October_24
1786-10-25,6.67,11.83,13.89,1.11,15.11,12.78,1786_October_25
1786-10-26,13.33,17.78,17.22,12.78,22.22,16.22,1786_October_26
1786-10-27,15.00,13.89,12.22,10.28,12.22,6.67,1786_October_27
1786-10-28,8.33,12.78,12.50,3.89,14.44,9.44,1786_October_28
1786-10-29,9.44,12.22,11.67,6.94,13.61,5.22,1786_October_29
1786-10-30,7.22,5.00,4.06,1.94,3.61,-0.56,1786_October_30
1786-10-31,2.78,4.17,5.28,-2.22,5.17,-1.67,1786_October_31
1786-11-01,2.22,3.89,4.44,-1.39,5.00,-1.39,1786_November_1
1786-11-02,-0.56,2.50,5.00,-4.44,5.00,-0.33,1786_November_2
1786-11-03,4.17,6.67,9.72,3.06,10.83,9.17,1786_November_3
1786-11-04,5.56,8.61,7.78,3.33,10.00,3.89,1786_November_4
1786-11-05,5.00,8.33,10.00,3.33,12.89,7.22,1786_November_5
1786-11-06,6.11,8.33,9.44,0.00,9.17,5.72,1786_November_6
1786-11-07,7.78,13.61,13.89,6.11,16.11,9.83,1786_November_7
1786-11-08,11.39,12.22,10.28,5.56,10.83,5.56,1786_November_8
1786-11-09,8.33,8.33,8.22,5.28,7.50,6.39,1786_November_9
1786-11-10,9.44,13.33,12.22,7.22,16.50,6.39,1786_November_10
1786-11-11,8.33,9.17,8.06,1.94,8.22,-0.33,1786_November_11
1786-11-12,3.89,10.56,11.11,0.56,13.72,10.56,1786_November_12
1786-11-13,8.33,7.78,6.94,2.50,6.44,0.28,1786_November_13
1786-11-14,3.33,4.44,6.11,-0.83,8.89,5.00,1786_November_14
1786-11-15,5.00,7.78,6.67,2.61,10.83,5.00,1786_November_15
1786-11-16,3.33,5.00,6.67,1.94,5.83,-0.67,1786_November_16
1786-11-17,-0.28,0.56,2.22,-2.50,0.83,1.94,1786_November_17
1786-11-18,-0.56,-1.67,-1.22,-4.72,-3.33,-6.94,1786_November_18
1786-11-19,-6.39,-5.00,-3.61,-8.89,-3.89,-7.22,1786_November_19
1786-11-20,-3.33,0.56,2.22,-5.56,2.50,2.78,1786_November_20
1786-11-21,0.56,3.33,2.78,-1.39,4.44,-1.11,1786_November_21
1786-11-22,0.56,1.67,1.67,-1.94,3.33,-1.00,1786_November_22
1786-11-23,0.00,0.28,0.56,-3.33,-1.39,-2.22,1786_November_23
1786-11-24,-0.56,1.11,0.83,-2.78,0.56,-5.67,1786_November_24
1786-11-25,-3.78,0.56,1.11,-7.22,1.67,-4.56,1786_November_25
1786-11-26,-4.44,-5.00,-4.17,-7.50,-6.94,-12.78,1786_November_26
1786-11-27,-6.39,1.67,3.33,-3.33,5.56,4.72,1786_November_27
1786-11-28,-3.33,-6.67,-9.17,-14.44,-12.78,-14.56,1786_November_28
1786-11-29,-11.94,-10.00,-8.61,-15.39,-7.78,-9.33,1786_November_29
1786-11-30,-6.67,-3.61,-1.67,-6.67,-1.11,-1.56,1786_November_30
,-99.90,-99.90,-99.90,-99.90,-99.90,-99.90,1786_November_31
1786-12-01,-5.00,-1.39,0.39,-8.33,2.67,-1.56,1786_December_1
1786-12-02,-1.67,2.78,2.22,-3.89,3.89,-0.11,1786_December_2
1786-12-03,1.11,2.06,0.00,0.00,-1.78,-7.50,1786_December_3
1786-12-04,-6.67,-5.56,-4.72,-12.22,-6.22,-3.89,1786_December_4
1786-12-05,-5.00,-6.67,-6.67,-6.11,-8.89,-9.44,1786_December_5
1786-12-06,-10.00,-7.22,-5.56,-13.89,-3.89,-8.61,1786_December_6
1786-12-07,-6.11,-2.78,-0.83,-6.67,1.67,-1.22,1786_December_7
1786-12-08,-1.11,0.28,-0.56,-2.78,0.56,-4.56,1786_December_8
1786-12-09,-5.00,-4.44,-6.11,-8.06,-7.50,-12.50,1786_December_9
1786-12-10,-10.00,-8.61,-10.00,-11.67,-10.56,-10.83,1786_December_10
1786-12-11,-10.83,-10.00,-10.83,-13.61,-11.11,-15.56,1786_December_11
1786-12-12,-15.56,-12.78,-8.89,-23.33,-2.78,-7.33,1786_December_12
1786-12-13,-5.56,-3.06,-1.11,-4.44,1.67,2.50,1786_December_13
1786-12-14,3.33,4.44,3.89,4.17,6.39,1.11,1786_December_14
1786-12-15,-0.28,2.22,2.50,-3.06,3.89,-5.00,1786_December_15
1786-12-16,-4.72,-2.78,0.00,-10.00,0.00,0.00,1786_December_16
1786-12-17,0.94,2.78,2.78,1.11,3.56,1.11,1786_December_17
1786-12-18,1.67,3.33,1.94,1.67,2.78,-4.17,1786_December_18
1786-12-19,-3.33,-1.94,-0.83,-9.72,0.44,-3.33,1786_December_19
1786-12-20,-2.22,-1.11,-0.44,-4.17,-0.44,-4.72,1786_December_20
1786-12-21,-2.78,1.67,2.22,-2.50,3.89,-0.28,1786_December_21
1786-12-22,0.00,2.78,3.89,-2.22,5.83,3.33,1786_December_22
1786-12-23,4.17,4.72,3.06,0.56,3.44,-0.56,1786_December_23
1786-12-24,-1.83,-3.06,-6.94,-6.44,-6.56,-13.33,1786_December_24
1786-12-25,-10.00,-7.50,-5.83,-14.44,-5.39,-7.78,1786_December_25
1786-12-26,-5.00,-0.83,-1.11,-2.50,1.67,-2.11,1786_December_26
1786-12-27,-2.78,1.67,0.83,-2.78,3.89,-1.67,1786_December_27
1786-12-28,-1.67,1.67,1.39,-0.83,4.72,-3.06,1786_December_28
1786-12-29,-6.39,-5.00,-3.61,-11.67,-5.56,-6.56,1786_December_29
1786-12-30,-3.61,-1.11,1.67,-5.56,2.78,2.44,1786_December_30
1786-12-31,4.28,5.28,5.56,5.11,9.17,4.22,1786_December_31
1787-01-01,4.17,7.22,7.78,2.78,9.11,8.22,1787_January_1
1787-01-02,7.22,7.78,6.39,5.56,7.22,2.50,1787_January_2
1787-01-03,5.56,7.22,7.33,4.44,7.33,7.78,1787_January_3
1787-01-04,7.50,6.67,4.72,5.83,5.28,1.00,1787_January_4
1787-01-05,3.33,2.50,-1.67,0.00,-1.00,-7.78,1787_January_5
1787-01-06,-6.67,-5.56,-14.72,-15.56,-5.56,1.39,1787_January_6
1787-01-07,-11.94,-7.78,-3.89,-15.56,-5.56,1.39,1787_January_7
1787-01-08,0.00,0.56,0.56,1.67,-1.11,-3.44,1787_January_8
1787-01-09,-3.89,-3.06,-2.50,-6.67,-3.44,-8.06,1787_January_9
1787-01-10,-7.78,-7.78,-7.78,-10.00,-9.56,-9.67,1787_January_10
1787-01-11,-8.33,-6.11,-5.56,-9.17,-6.11,-6.67,1787_January_11
1787-01-12,-5.00,-2.78,-4.44,-5.56,-2.11,-9.44,1787_January_12
1787-01-13,-10.56,-8.33,-7.22,-13.89,-8.00,-13.33,1787_January_13
1787-01-14,-7.78,-4.00,-2.22,-7.22,-0.56,-3.11,1787_January_14
1787-01-15,-0.83,3.33,5.00,1.94,8.06,6.11,1787_January_15
1787-01-16,-0.56,1.94,2.22,-6.22,3.33,-0.28,1787_January_16
1787-01-17,-2.22,-0.28,-0.83,-5.39,1.11,-3.06,1787_January_17
1787-01-18,-5.00,-1.11,-3.33,-8.33,0.00,-11.11,1787_January_18
1787-01-19,-12.50,-10.83,-10.56,-20.00,-15.28,-15.00,1787_January_19
1787-01-20,-11.11,-9.44,-7.78,-13.06,-8.89,-7.78,1787_January_20
1787-01-21,-6.00,-3.33,-1.67,-6.11,-1.67,-1.94,1787_January_21
1787-01-22,-1.11,0.00,-0.56,-1.67,-0.56,-4.17,1787_January_22
1787-01-23,-7.78,-7.22,-8.06,-12.78,-10.00,-11.39,1787_January_23
1787-01-24,-6.67,0.00,-3.89,-1.67,6.11,3.33,1787_January_24
1787-01-25,-4.44,-2.50,-2.22,-10.56,-3.50,-8.61,1787_January_25
1787-01-26,-2.22,0.00,2.50,-0.56,1.67,4.17,1787_January_26
1787-01-27,1.67,1.94,-0.56,0.56,1.67,-4.44,1787_January_27
1787-01-28,-7.50,-5.28,-6.39,-10.56,-6.39,-10.83,1787_January_28
1787-01-29,-9.17,-3.61,-1.67,-10.56,0.00,-1.94,1787_January_29
1787-01-30,-2.22,1.67,1.67,-3.89,4.11,-2.22,1787_January_30
1787-01-31,-2.78,1.11,0.28,-5.56,2.22,-5.83,1787_January_31
1787-02-01,-5.00,-3.89,-4.72,-10.56,-6.94,-8.89,1787_February_1
1787-02-02,-9.44,-6.11,-6.11,-16.11,-4.44,-7.78,1787_February_2
1787-02-03,-7.22,-4.44,-3.89,-8.89,-0.44,-8.78,1787_February_3
1787-02-04,-6.67,-6.67,-9.44,-10.83,-9.44,-16.11,1787_February_4
1787-02-05,-15.56,-11.67,-5.56,-19.17,-9.72,-2.78,1787_February_5
1787-02-06,-6.67,-5.00,-4.44,-10.39,-6.11,-10.56,1787_February_6
1787-02-07,-8.06,-3.89,-4.44,-10.56,-3.89,-7.78,1787_February_7
1787-02-08,-4.28,-1.11,-1.11,-1.94,0.56,-5.83,1787_February_8
1787-02-09,-4.17,-0.28,-1.67,-6.11,1.39,-5.56,1787_February_9
1787-02-10,-11.11,-8.33,-7.50,-18.33,-9.33,-19.72,1787_February_10
1787-02-11,-14.17,-10.56,-5.56,-17.50,-7.50,-1.67,1787_February_11
1787-02-12,2.78,5.00,3.33,4.72,5.56,-1.11,1787_February_12
1787-02-13,-0.11,0.83,0.56,-4.44,-0.56,-8.61,1787_February_13
1787-02-14,-6.67,-3.33,-0.56,-14.44,-2.67,0.00,1787_February_14
1787-02-15,4.44,7.22,5.00,5.00,7.50,1.44,1787_February_15
1787-02-16,-3.33,-3.33,-2.22,-9.44,-3.89,-4.11,1787_February_16
1787-02-17,0.28,4.72,6.11,1.39,7.22,2.78,1787_February_17
1787-02-18,-1.11,0.56,1.11,-6.94,-1.11,-3.89,1787_February_18
1787-02-19,0.00,3.33,4.17,-1.39,5.72,1.33,1787_February_19
1787-02-20,3.89,5.00,0.83,2.50,4.33,-7.50,1787_February_20
1787-02-21,-7.22,-5.56,-7.22,-12.78,-7.22,-10.56,1787_February_21
1787-02-22,-10.00,-7.22,-6.11,-15.00,-8.61,-10.00,1787_February_22
1787-02-23,-8.89,-5.56,-3.89,-13.06,-3.44,-6.67,1787_February_23
1787-02-24,-3.33,0.00,1.39,-5.00,3.33,-1.11,1787_February_24
1787-02-25,0.00,3.33,3.06,-1.39,4.33,-0.56,1787_February_25
1787-02-26,1.11,3.89,3.33,-4.06,5.00,0.56,1787_February_26
1787-02-27,2.22,2.78,1.67,0.56,1.67,-1.11,1787_February_27
1787-02-28,0.56,5.00,5.00,-0.56,7.22,1.67,1787_February_28
,-99.90,-99.90,-99.90,-99.90,-99.90,-99.90,1787_February_29
,-99.90,-99.90,-99.90,-99.90,-99.90,-99.90,1787_February_30
,-99.90,-99.90,-99.90,-99.90,-99.90,-99.90,1787_February_31
1787-03-01,2.78,5.00,4.44,1.67,6.11,1.11,1787_March_1
1787-03-02,1.11,2.78,3.89,0.00,2.78,0.00,1787_March_2
1787-03-03,-1.11,1.11,0.56,-3.89,1.94,-2.22,1787_March_3
1787-03-04,-2.22,-1.67,-3.33,-3.33,-3.89,-7.22,1787_March_4
1787-03-05,-3.89,-0.28,0.00,-7.94,1.11,-4.44,1787_March_5
1787-03-06,-2.78,1.11,2.22,-6.56,3.89,-0.83,1787_March_6
1787-03-07,-3.89,-1.11,-0.56,-12.22,-0.56,-4.44,1787_March_7
1787-03-08,-3.89,-0.56,0.56,-9.44,0.56,-7.22,1787_March_8
1787-03-09,-4.44,-1.11,1.39,-7.22,0.00,1.11,1787_March_9
1787-03-10,2.22,7.22,6.67,2.22,8.33,4.17,1787_March_10
1787-03-11,2.22,5.00,5.56,-1.67,5.78,1.67,1787_March_11
1787-03-12,2.78,7.78,7.22,1.67,7.22,6.11,1787_March_12
1787-03-13,9.44,11.11,9.44,8.89,11.11,9.56,1787_March_13
1787-03-14,3.89,6.11,6.39,0.83,6.39,3.22,1787_March_14
1787-03-15,3.33,6.39,6.11,-2.22,7.78,2.78,1787_March_15
1787-03-16,5.28,9.44,4.72,5.56,11.11,0.83,1787_March_16
1787-03-17,1.67,3.89,3.33,-2.22,8.33,0.78,1787_March_17
1787-03-18,2.78,3.89,9.44,1.11,6.56,10.28,1787_March_18
1787-03-19,12.22,13.89,13.89,12.78,16.94,11.39,1787_March_19
1787-03-20,9.72,10.56,8.89,6.67,13.33,2.78,1787_March_20
1787-03-21,5.00,7.78,7.50,1.11,10.00,2.22,1787_March_21
1787-03-22,3.89,8.06,9.72,0.00,13.06,8.33,1787_March_22
1787-03-23,7.78,8.89,5.83,5.00,7.22,0.56,1787_March_23
1787-03-24,-0.56,-0.56,-2.22,-5.56,-2.78,-5.00,1787_March_24
1787-03-25,-3.33,0.56,2.50,-5.00,2.22,0.00,1787_March_25
1787-03-26,0.00,9.17,3.89,-2.61,7.78,0.44,1787_March_26
1787-03-27,1.67,5.89,5.00,-3.33,8.44,1.11,1787_March_27
1787-03-28,2.22,7.22,7.78,-2.22,9.17,5.28,1787_March_28
1787-03-29,6.11,4.44,2.78,4.44,2.50,0.00,1787_March_29
1787-03-30,-0.28,4.17,2.78,-1.67,3.89,-0.17,1787_March_30
1787-03-31,0.56,5.00,5.00,-0.56,8.33,1.11,1787_March_31
1787-04-01,0.56,5.28,5.56,-3.00,6.78,1.39,1787_April_1
1787-04-02,1.94,5.56,1.67,0.56,6.67,-3.33,1787_April_2
1787-04-03,-1.67,2.22,6.11,-4.11,6.11,5.00,1787_April_3
1787-04-04,6.39,18.33,20.56,8.89,25.00,19.17,1787_April_4
1787-04-05,17.22,17.22,10.56,14.72,15.00,2.78,1787_April_5
1787-04-06,5.00,8.33,8.33,-1.67,8.61,3.89,1787_April_6
1787-04-07,5.56,11.67,11.39,1.67,16.94,9.17,1787_April_7
1787-04-08,8.06,14.44,16.11,5.56,19.44,11.11,1787_April_8
1787-04-09,13.89,17.78,14.44,11.11,19.44,8.33,1787_April_9
1787-04-10,8.33,11.11,12.22,5.00,15.00,10.00,1787_April_10
1787-04-11,10.56,12.50,12.78,9.72,15.28,7.50,1787_April_11
1787-04-12,6.94,8.06,6.11,8.61,5.00,3.33,1787_April_12
1787-04-13,6.11,9.44,13.33,3.89,15.28,15.28,1787_April_13
1787-04-14,14.72,16.39,16.11,14.17,18.89,9.72,1787_April_14
1787-04-15,8.89,10.56,10.00,3.89,10.28,3.89,1787_April_15
1787-04-16,5.56,9.72,12.50,0.28,15.00,9.44,1787_April_16
1787-04-17,9.44,13.89,15.56,6.94,18.33,12.50,1787_April_17
1787-04-18,11.11,10.00,8.61,5.00,8.33,2.78,1787_April_18
1787-04-19,2.50,5.00,5.83,-1.11,6.39,0.56,1787_April_19
1787-04-20,2.22,4.44,4.72,-2.22,5.56,-0.83,1787_April_20
1787-04-21,0.00,1.39,1.11,-3.89,2.50,-3.33,1787_April_21
1787-04-22,1.67,5.83,6.11,1.94,7.50,4.17,1787_April_22
1787-04-23,6.67,10.00,11.11,6.67,13.89,10.83,1787_April_23
1787-04-24,8.89,15.00,15.00,6.94,21.67,11.11,1787_April_24
1787-04-25,11.11,13.89,13.89,7.78,16.67,11.11,1787_April_25
1787-04-26,10.00,12.22,8.89,11.11,9.44,5.39,1787_April_26
1787-04-27,5.00,8.33,8.61,2.78,11.67,4.72,1787_April_27
1787-04-28,6.67,10.00,9.44,1.67,13.33,7.22,1787_April_28
1787-04-29,7.78,10.00,12.22,7.22,12.22,9.44,1787_April_29
1787-04-30,11.11,14.44,20.00,8.89,21.67,18.06,1787_April_30
,-99.90,-99.90,-99.90,-99.90,-99.90,-99.90,1787_April_31
1787-05-01,16.67,20.56,11.67,14.44,25.56,6.67,1787_May_1
1787-05-02,7.78,10.00,13.89,4.72,14.44,7.22,1787_May_2
1787-05-03,8.33,11.67,13.61,7.50,16.67,10.56,1787_May_3
1787-05-04,10.56,16.67,16.11,8.06,21.67,14.17,1787_May_4
1787-05-05,15.56,20.56,18.33,16.39,22.22,15.00,1787_May_5
1787-05-06,16.94,22.50,19.44,14.72,25.83,15.56,1787_May_6
1787-05-07,19.89,18.61,18.33,13.89,18.89,15.28,1787_May_7
1787-05-08,15.56,19.72,18.89,15.00,22.78,13.33,1787_May_8
1787-05-09,13.89,16.00,13.89,9.17,17.11,8.67,1787_May_9
1787-05-10,12.22,13.33,11.67,10.56,8.89,9.44,1787_May_10
1787-05-11,10.00,10.00,9.44,8.33,9.72,8.33,1787_May_11
1787-05-12,8.89,9.44,8.89,8.06,9.33,8.33,1787_May_12
1787-05-13,8.33,8.89,8.33,8.06,8.06,7.78,1787_May_13
1787-05-14,8.33,8.89,8.89,7.50,9.72,8.33,1787_May_14
1787-05-15,11.11,12.78,11.39,10.00,14.44,6.11,1787_May_15
1787-05-16,8.61,11.11,11.39,5.28,16.11,7.22,1787_May_16
1787-05-17,9.17,13.33,13.33,6.11,15.56,12.22,1787_May_17
1787-05-18,12.78,17.22,19.44,12.78,23.78,16.94,1787_May_18
1787-05-19,16.94,18.89,18.33,14.44,21.67,16.67,1787_May_19
1787-05-20,17.22,19.44,19.44,19.17,23.89,13.61,1787_May_20
1787-05-21,13.89,16.39,16.11,10.00,18.61,12.78,1787_May_21
1787-05-22,13.33,15.28,13.33,14.44,16.67,11.11,1787_May_22
1787-05-23,12.78,16.11,16.11,11.11,18.89,14.06,1787_May_23
1787-05-24,15.00,20.00,18.33,16.67,23.89,16.39,1787_May_24
1787-05-25,15.56,15.00,11.94,15.83,14.56,6.67,1787_May_25
1787-05-26,10.56,13.33,13.33,5.83,18.00,5.44,1787_May_26
1787-05-27,11.11,13.33,12.78,9.72,14.61,8.33,1787_May_27
1787-05-28,11.94,14.44,13.89,9.72,22.22,9.72,1787_May_28
1787-05-29,12.78,17.78,17.78,15.00,21.67,15.56,1787_May_29
1787-05-30,15.56,19.44,15.56,13.61,20.83,12.78,1787_May_30
1787-05-31,15.28,19.44,16.94,15.28,23.33,13.06,1787_May_31
1787-06-01,15.00,20.28,16.94,15.00,18.89,11.39,1787_June_1
1787-06-02,12.22,13.89,15.00,6.67,15.56,11.67,1787_June_2
1787-06-03,13.33,13.33,11.11,13.06,11.11,7.22,1787_June_3
1787-06-04,10.56,12.22,13.33,9.28,14.17,2.11,1787_June_4
1787-06-05,13.33,16.11,15.83,16.11,20.44,11.67,1787_June_5
1787-06-06,13.33,14.72,12.78,12.78,13.33,10.22,1787_June_6
1787-06-07,12.22,13.61,14.17,11.11,19.17,11.11,1787_June_7
1787-06-08,13.33,16.67,17.78,14.44,23.06,17.78,1787_June_8
1787-06-09,16.67,19.72,19.72,15.56,26.56,18.06,1787_June_9
1787-06-10,19.44,25.00,23.61,20.00,1.56,20.00,1787_June_10
1787-06-11,21.11,24.72,22.22,20.28,29.67,20.56,1787_June_11
1787-06-12,20.00,21.11,20.00,17.94,20.22,16.94,1787_June_12
1787-06-13,20.83,27.22,25.56,21.00,4.17,21.78,1787_June_13
1787-06-14,20.83,27.22,25.56,20.72,4.17,21.78,1787_June_14
1787-06-15,24.72,26.39,22.78,22.78,28.22,19.44,1787_June_15
1787-06-16,20.28,21.39,20.56,16.94,23.89,20.83,1787_June_16
1787-06-17,19.44,19.44,15.83,16.67,20.56,13.61,1787_June_17
1787-06-18,15.56,17.50,16.67,13.61,21.67,12.22,1787_June_18
1787-06-19,15.56,20.56,22.22,15.11,25.72,19.44,1787_June_19
1787-06-20,20.00,26.11,23.33,18.89,29.17,19.61,1787_June_20
1787-06-21,20.56,23.33,24.44,19.72,26.89,22.78,1787_June_21
1787-06-22,23.06,23.89,22.78,22.78,26.11,21.39,1787_June_22
1787-06-23,19.44,24.17,23.61,17.22,27.22,20.56,1787_June_23
1787-06-24,22.78,27.22,24.44,23.33,28.33,22.11,1787_June_24
1787-06-25,23.06,25.56,21.11,21.00,27.67,17.50,1787_June_25
1787-06-26,18.89,24.44,21.94,18.06,26.56,19.17,1787_June_26
1787-06-27,20.28,26.94,23.89,20.56,29.72,20.56,1787_June_27
1787-06-28,21.11,22.78,22.50,18.33,23.61,18.89,1787_June_28
1787-06-29,19.17,24.17,21.11,16.67,24.44,18.61,1787_June_29
1787-06-30,19.72,21.11,20.83,16.11,24.17,17.78,1787_June_30
,-99.90,-99.90,-99.90,-99.90,-99.90,-99.90,1787_June_31
1787-07-01,20.28,20.56,19.17,16.94,21.67,17.78,1787_July_1
1787-07-02,15.56,20.00,22.22,16.11,23.61,21.67,1787_July_2
1787-07-03,21.11,26.67,24.44,21.11,30.56,23.33,1787_July_3
1787-07-04,21.67,26.00,23.89,20.56,27.50,22.22,1787_July_4
1787-07-05,22.50,27.61,22.50,20.83,31.11,21.67,1787_July_5
1787-07-06,22.78,26.11,24.44,22.50,28.89,19.89,1787_July_6
1787-07-07,22.22,27.22,23.33,20.28,28.89,21.22,1787_July_7
1787-07-08,22.22,26.94,25.00,22.44,30.00,23.17,1787_July_8
1787-07-09,22.78,25.56,21.67,21.39,27.78,16.67,1787_July_9
1787-07-10,21.11,22.78,21.11,20.56,23.33,23.33,1787_July_10
1787-07-11,20.56,23.89,23.06,19.17,27.22,21.67,1787_July_11
1787-07-12,21.67,24.44,22.78,20.83,26.39,19.33,1787_July_12
1787-07-13,21.11,23.61,20.56,19.89,25.28,15.28,1787_July_13
1787-07-14,15.56,19.72,20.56,15.00,20.72,16.67,1787_July_14
1787-07-15,20.56,23.89,22.78,21.67,28.33,19.44,1787_July_15
1787-07-16,21.11,21.94,21.67,19.72,23.33,20.28,1787_July_16
1787-07-17,19.17,20.83,19.44,17.22,21.67,14.44,1787_July_17
1787-07-18,15.56,18.33,19.72,15.44,20.00,15.56,1787_July_18
1787-07-19,17.22,21.67,20.83,16.11,25.83,18.33,1787_July_19
1787-07-20,19.72,21.39,20.56,18.61,23.89,17.22,1787_July_20
1787-07-21,18.33,20.56,20.00,19.44,24.06,16.11,1787_July_21
1787-07-22,19.72,26.11,23.89,21.11,29.44,20.83,1787_July_22
1787-07-23,23.06,25.00,24.44,21.67,28.78,23.89,1787_July_23
1787-07-24,22.78,23.89,21.67,21.56,28.33,18.06,1787_July_24
1787-07-25,20.44,21.11,20.00,18.61,20.28,17.22,1787_July_25
1787-07-26,20.00,23.33,21.67,18.89,25.83,18.33,1787_July_26
1787-07-27,20.00,21.39,20.28,18.61,23.89,16.39,1787_July_27
1787-07-28,18.33,19.61,18.89,15.83,22.39,15.83,1787_July_28
1787-07-29,17.78,18.89,18.33,16.11,20.00,14.72,1787_July_29
1787-07-30,17.78,18.33,17.78,17.22,19.00,14.44,1787_July_30
1787-07-31,15.83,16.67,15.67,15.56,15.56,14.00,1787_July_31
1787-08-01,15.00,17.22,17.78,15.56,20.00,13.06,1787_August_1
1787-08-02,16.11,21.39,20.00,17.50,23.17,15.56,1787_August_2
1787-08-03,19.17,23.89,22.22,20.56,26.00,19.44,1787_August_3
1787-08-04,21.11,26.67,25.83,20.44,31.83,23.06,1787_August_4
1787-08-05,23.89,28.11,26.11,24.33,30.56,24.33,1787_August_5
1787-08-06,23.61,25.00,23.89,21.39,25.89,23.11,1787_August_6
1787-08-07,22.22,25.56,23.33,20.00,26.39,21.39,1787_August_7
1787-08-08,21.94,23.61,22.78,20.83,28.61,20.56,1787_August_8
1787-08-09,21.94,27.50,25.00,22.22,30.56,23.89,1787_August_9
1787-08-10,24.17,25.00,22.78,23.61,23.78,19.72,1787_August_10
1787-08-11,22.22,23.61,22.22,20.83,25.28,20.00,1787_August_11
1787-08-12,21.39,24.17,22.78,18.61,30.28,21.67,1787_August_12
1787-08-13,21.67,25.56,23.89,19.17,28.89,20.28,1787_August_13
1787-08-14,21.39,27.78,24.17,19.89,31.11,21.56,1787_August_14
1787-08-15,23.89,26.11,24.72,23.33,26.39,24.72,1787_August_15
1787-08-16,21.39,21.11,20.00,18.11,21.11,15.00,1787_August_16
1787-08-17,17.78,20.56,20.56,12.78,23.89,19.33,1787_August_17
1787-08-18,21.11,22.22,21.11,22.22,23.33,17.11,1787_August_18
1787-08-19,19.44,22.22,22.50,18.33,25.28,19.44,1787_August_19
1787-08-20,20.56,23.89,22.22,18.06,26.94,19.44,1787_August_20
1787-08-21,21.67,23.89,23.61,21.39,26.11,22.22,1787_August_21
1787-08-22,22.22,22.78,21.11,18.89,24.61,17.78,1787_August_22
1787-08-23,20.56,25.00,25.00,20.56,27.22,20.28,1787_August_23
1787-08-24,20.56,24.44,23.89,18.17,26.67,23.06,1787_August_24
1787-08-25,23.06,28.06,26.11,23.89,32.22,25.28,1787_August_25
1787-08-26,21.67,22.22,19.17,18.89,21.94,13.61,1787_August_26
1787-08-27,17.50,18.33,18.89,13.33,21.11,15.00,1787_August_27
1787-08-28,15.83,18.33,15.83,11.11,21.11,11.22,1787_August_28
1787-08-29,15.56,17.22,17.78,14.44,17.78,16.94,1787_August_29
1787-08-30,17.22,19.44,18.89,16.94,21.56,15.56,1787_August_30
1787-08-31,16.67,19.44,19.44,14.72,23.61,15.94,1787_August_31
1787-09-01,16.94,22.78,20.00,15.28,22.78,16.94,1787_September_1
1787-09-02,18.33,20.00,19.44,16.39,24.44,14.56,1787_September_2
1787-09-03,17.22,20.28,19.44,17.50,22.78,15.00,1787_September_3
1787-09-04,16.11,19.44,15.00,11.00,21.94,13.89,1787_September_4
1787-09-05,17.78,19.44,19.72,17.22,20.83,17.22,1787_September_5
1787-09-06,19.44,22.22,20.00,20.44,23.61,13.89,1787_September_6
1787-09-07,13.89,15.56,15.44,10.28,16.67,11.94,1787_September_7
1787-09-08,13.33,17.22,17.22,9.17,20.00,15.83,1787_September_8
1787-09-09,18.61,25.00,23.06,20.56,27.78,21.39,1787_September_9
1787-09-10,21.39,25.00,23.89,21.39,28.89,22.78,1787_September_10
1787-09-11,22.22,21.11,20.28,22.22,21.94,15.56,1787_September_11
1787-09-12,17.78,17.78,16.67,15.00,16.67,13.22,1787_September_12
1787-09-13,16.11,18.33,20.00,13.89,22.22,18.61,1787_September_13
1787-09-14,16.67,16.67,16.67,15.28,17.50,15.28,1787_September_14
1787-09-15,16.11,15.56,14.44,12.78,16.11,8.33,1787_September_15
1787-09-16,10.56,12.22,12.78,5.56,14.17,7.22,1787_September_16
1787-09-17,9.44,11.67,12.22,4.72,15.83,8.33,1787_September_17
1787-09-18,9.44,12.78,12.78,4.72,15.83,11.11,1787_September_18
1787-09-19,14.44,16.11,15.00,13.33,18.33,14.44,1787_September_19
1787-09-20,14.44,16.11,15.00,13.33,18.33,14.44,1787_September_20
1787-09-21,13.89,16.67,17.22,11.94,19.44,14.17,1787_September_21
1787-09-22,13.89,16.11,15.83,11.67,17.78,13.33,1787_September_22
1787-09-23,14.17,15.56,15.00,12.22,16.39,10.78,1787_September_23
1787-09-24,12.22,16.39,16.67,13.33,20.00,14.44,1787_September_24
1787-09-25,13.89,18.33,17.50,12.78,21.67,14.17,1787_September_25
1787-09-26,13.89,18.06,17.78,11.39,20.00,13.33,1787_September_26
1787-09-27,12.78,17.78,19.44,9.89,23.89,17.50,1787_September_27
1787-09-28,14.44,15.00,15.00,10.00,16.67,9.72,1787_September_28
1787-09-29,13.33,13.06,12.50,11.39,11.39,8.89,1787_September_29
1787-09-30,9.44,12.78,14.44,6.67,17.50,9.17,1787_September_30
,-99.90,-99.90,-99.90,-99.90,-99.90,-99.90,1787_September_31
1787-10-01,10.56,15.56,15.28,5.00,18.89,12.22,1787_October_1
1787-10-02,11.11,18.06,17.78,8.61,20.00,14.17,1787_October_2
1787-10-03,16.11,18.33,16.39,13.61,21.39,10.56,1787_October_3
1787-10-04,9.44,10.56,10.56,4.44,10.56,4.44,1787_October_4
1787-10-05,7.78,14.44,12.22,3.33,14.72,10.56,1787_October_5
1787-10-06,12.78,15.56,15.00,10.56,19.72,11.11,1787_October_6
1787-10-07,8.89,9.44,8.89,3.89,9.44,2.22,1787_October_7
1787-10-08,5.28,7.78,8.89,-1.94,11.67,3.61,1787_October_8
1787-10-09,6.67,11.67,12.78,3.72,15.00,12.22,1787_October_9
1787-10-10,11.67,14.44,15.00,9.72,18.06,10.00,1787_October_10
1787-10-11,11.39,13.33,13.89,6.39,16.94,6.67,1787_October_11
1787-10-12,8.33,12.78,12.78,2.50,15.00,8.61,1787_October_12
1787-10-13,11.11,13.33,13.06,8.89,14.72,7.39,1787_October_13
1787-10-14,7.78,10.56,11.11,1.50,12.78,7.22,1787_October_14
1787-10-15,8.89,14.17,12.22,3.89,16.39,7.22,1787_October_15
1787-10-16,7.50,6.67,5.56,0.00,6.67,3.06,1787_October_16
1787-10-17,5.00,7.22,8.06,1.67,9.44,4.44,1787_October_17
1787-10-18,4.44,6.11,7.22,2.22,6.94,1.83,1787_October_18
1787-10-19,2.22,6.39,7.22,-3.89,10.00,1.94,1787_October_19
1787-10-20,5.00,7.22,7.78,1.11,10.17,3.61,1787_October_20
1787-10-21,7.22,7.78,6.67,4.72,7.50,4.44,1787_October_21
1787-10-22,5.28,8.89,8.89,1.11,13.61,4.56,1787_October_22
1787-10-23,6.67,12.22,13.89,4.44,18.89,12.78,1787_October_23
1787-10-24,10.56,15.56,15.56,6.11,21.11,11.11,1787_October_24
1787-10-25,10.83,14.72,13.06,5.00,18.61,5.56,1787_October_25
1787-10-26,10.83,13.61,13.33,9.44,17.50,7.78,1787_October_26
1787-10-27,11.94,15.56,15.00,12.22,17.50,9.17,1787_October_27
1787-10-28,11.11,12.78,11.39,8.06,13.61,4.44,1787_October_28
1787-10-29,7.22,8.89,9.44,2.22,11.00,5.00,1787_October_29
1787-10-30,7.50,13.78,7.78,3.33,8.28,3.89,1787_October_30
1787-10-31,6.67,8.06,7.22,3.06,9.11,2.22,1787_October_31
1787-11-01,3.33,5.56,5.00,-0.56,5.56,0.00,1787_November_1
1787-11-02,0.28,2.22,2.22,-6.11,3.89,-3.50,1787_November_2
1787-11-03,-1.11,3.61,7.50,-7.78,10.28,3.06,1787_November_3
1787-11-04,3.89,11.11,11.39,0.00,13.61,8.06,1787_November_4
1787-11-05,10.00,11.67,11.11,7.22,14.67,4.44,1787_November_5
1787-11-06,6.39,7.78,6.67,2.22,3.06,-0.28,1787_November_6
1787-11-07,2.78,5.56,7.22,-3.89,8.89,0.83,1787_November_7
1787-11-08,1.39,5.83,8.61,-4.17,11.94,5.28,1787_November_8
1787-11-09,6.67,10.00,9.72,3.61,14.72,5.00,1787_November_9
1787-11-10,5.00,8.89,10.00,1.94,12.50,9.17,1787_November_10
1787-11-11,6.94,7.22,6.39,1.94,7.78,0.83,1787_November_11
1787-11-12,0.56,2.22,3.33,-2.50,2.78,3.33,1787_November_12
1787-11-13,3.89,5.56,6.67,0.56,7.22,5.17,1787_November_13
1787-11-14,7.22,12.78,12.78,6.39,18.33,12.89,1787_November_14
1787-11-15,14.72,19.44,18.33,14.44,22.50,16.11,1787_November_15
1787-11-16,15.00,13.89,12.22,10.28,10.28,8.33,1787_November_16
1787-11-17,10.56,10.28,8.89,5.56,10.00,4.78,1787_November_17
1787-11-18,4.17,6.11,6.39,-2.22,7.22,-0.44,1787_November_18
1787-11-19,2.22,5.28,6.39,-2.22,8.89,2.50,1787_November_19
1787-11-20,6.11,8.89,9.72,6.11,13.33,9.17,1787_November_20
1787-11-21,11.11,13.89,13.61,11.11,15.44,12.11,1787_November_21
1787-11-22,8.89,8.89,8.33,2.50,9.17,6.67,1787_November_22
1787-11-23,7.78,7.78,6.94,5.56,6.67,6.67,1787_November_23
1787-11-24,6.11,6.11,4.44,5.56,5.72,0.83,1787_November_24
1787-11-25,2.22,4.17,5.83,-0.56,10.56,3.06,1787_November_25
1787-11-26,4.44,5.83,5.83,4.17,6.94,5.00,1787_November_26
1787-11-27,5.56,6.11,5.83,3.33,5.83,3.06,1787_November_27
1787-11-28,3.33,4.44,5.56,-1.94,6.94,2.78,1787_November_28
1787-11-29,2.11,3.33,4.17,-1.39,5.11,0.56,1787_November_29
1787-11-30,0.56,1.67,0.28,-1.39,-3.33,-3.33,1787_November_30
,-99.90,-99.90,-99.90,-99.90,-99.90,-99.90,1787_November_31
1787-12-01,-1.67,2.22,3.89,-1.94,6.67,-0.56,1787_December_1
1787-12-02,2.22,5.00,5.83,-0.56,9.72,6.39,1787_December_2
1787-12-03,3.89,5.56,5.00,1.39,7.22,1.11,1787_December_3
1787-12-04,0.83,1.67,2.22,-1.11,2.22,-0.56,1787_December_4
1787-12-05,2.22,5.83,6.11,1.39,9.17,1.67,1787_December_5
1787-12-06,1.67,4.06,4.44,-1.11,6.11,-0.56,1787_December_6
1787-12-07,3.06,3.06,2.78,3.33,0.56,-0.67,1787_December_7
1787-12-08,1.67,4.44,3.89,-1.94,4.44,1.67,1787_December_8
1787-12-09,0.00,1.94,1.11,-3.89,2.22,-2.50,1787_December_9
1787-12-10,-3.06,1.11,1.11,-5.56,2.11,-3.50,1787_December_10
1787-12-11,1.11,0.56,1.11,-4.17,1.56,-1.11,1787_December_11
1787-12-12,-2.78,11.11,0.56,-4.72,0.28,-3.89,1787_December_12
1787-12-13,-3.33,-1.11,-0.56,-6.39,-0.28,-5.83,1787_December_13
1787-12-14,-5.00,-1.94,-0.56,-8.89,0.83,-2.78,1787_December_14
1787-12-15,-3.89,-2.78,-4.17,-6.67,-4.44,2.78,1787_December_15
1787-12-16,-7.22,-5.56,-3.33,-11.11,-2.78,-5.56,1787_December_16
1787-12-17,-4.44,-1.94,-1.39,-6.11,0.00,-4.44,1787_December_17
1787-12-18,-2.22,-3.61,-2.78,-8.33,-0.83,-7.78,1787_December_18
1787-12-19,-2.78,-1.67,-0.28,-4.44,-0.56,-1.11,1787_December_19
1787-12-20,-0.28,1.11,0.83,-2.22,1.67,-1.67,1787_December_20
1787-12-21,-3.06,-1.11,-3.33,-6.11,-0.83,-5.22,1787_December_21
1787-12-22,-3.33,-1.67,0.00,-4.72,1.83,-1.67,1787_December_22
1787-12-23,1.11,1.67,1.39,0.83,1.67,0.83,1787_December_23
1787-12-24,2.22,3.33,2.78,0.28,2.22,1.39,1787_December_24
1787-12-25,1.67,3.06,2.22,-0.28,4.17,0.28,1787_December_25
1787-12-26,0.00,1.94,2.22,-1.94,2.50,-1.11,1787_December_26
1787-12-27,-0.28,1.67,1.67,-4.44,1.39,-3.89,1787_December_27
1787-12-28,-2.22,-1.11,-1.00,-6.11,-1.11,-4.06,1787_December_28
1787-12-29,-2.78,1.39,1.67,-3.61,6.94,0.28,1787_December_29
1787-12-30,-0.28,0.56,-0.56,-2.22,-0.06,-3.33,1787_December_30
1787-12-31,-3.61,-3.89,-5.00,-9.44,-6.11,-8.89,1787_December_31
1788-01-01,-8.33,-5.00,-2.78,-11.83,-2.22,-3.89,1788_January_1
1788-01-02,-4.44,-2.78,-3.06,-11.28,-3.33,-6.67,1788_January_2
1788-01-03,-7.78,-4.72,-5.33,-10.83,-6.39,-8.89,1788_January_3
1788-01-04,-5.00,-3.06,-4.17,-8.89,-3.06,-10.00,1788_January_4
1788-01-05,-11.11,-11.11,-9.44,-18.61,-9.00,-15.56,1788_January_5
1788-01-06,-14.17,-11.67,-8.89,-20.83,-8.89,-10.00,1788_January_6
1788-01-07,-10.83,-6.94,-4.44,-14.06,-2.50,-9.28,1788_January_7
1788-01-08,-8.61,-6.11,5.00,-12.50,0.83,7.22,1788_January_8
1788-01-09,2.22,1.11,-3.06,-1.11,-1.67,-6.67,1788_January_9
1788-01-10,-9.72,-5.56,-5.56,-13.89,-5.56,-8.89,1788_January_10
1788-01-11,-9.17,-7.78,-8.06,-14.72,-9.72,-13.89,1788_January_11
1788-01-12,-13.06,-10.56,-10.11,-16.94,-10.56,-13.33,1788_January_12
1788-01-13,-10.83,-6.67,-7.50,-9.44,-3.89,-11.11,1788_January_13
1788-01-14,-14.72,-12.22,-11.11,-19.17,-12.78,-14.72,1788_January_14
1788-01-15,-12.78,-9.72,-5.28,-15.83,-6.67,-3.06,1788_January_15
1788-01-16,-3.06,-1.11,8.06,-2.78,2.22,11.11,1788_January_16
1788-01-17,6.67,5.28,1.67,3.33,1.33,-4.17,1788_January_17
1788-01-18,-3.89,-0.56,-0.56,-6.67,-1.11,-1.67,1788_January_18
1788-01-19,-2.78,-0.56,1.11,-5.00,0.00,1.56,1788_January_19
1788-01-20,2.22,3.33,0.00,1.94,2.78,-6.39,1788_January_20
1788-01-21,-5.00,-2.78,-0.83,-6.11,0.28,-4.72,1788_January_21
1788-01-22,-3.89,-1.94,1.67,-6.11,0.56,0.00,1788_January_22
1788-01-23,0.56,1.67,0.00,-0.56,2.78,-6.11,1788_January_23
1788-01-24,-5.00,-3.61,-2.78,-11.39,-2.50,-5.56,1788_January_24
1788-01-25,-0.56,0.56,-2.22,0.56,-1.11,-8.33,1788_January_25
1788-01-26,-6.11,-5.00,-5.28,-9.44,-5.00,-8.89,1788_January_26
1788-01-27,-8.33,-5.56,-3.89,-10.00,-1.67,-4.17,1788_January_27
1788-01-28,-5.00,-2.78,-1.11,-8.33,0.00,-4.44,1788_January_28
1788-01-29,-0.56,2.22,3.06,0.56,6.67,2.78,1788_January_29
1788-01-30,1.11,3.06,1.11,0.28,2.22,-5.00,1788_January_30
1788-01-31,-6.39,-3.89,-5.28,-10.28,-6.11,-10.56,1788_January_31
1788-02-01,-7.78,-2.22,-2.78,-12.78,-0.56,-7.22,1788_February_1
1788-02-02,-7.22,-3.89,-0.56,-10.00,0.28,-1.11,1788_February_2
1788-02-03,-0.56,4.44,7.22,0.28,8.06,7.78,1788_February_3
1788-02-04,6.11,5.00,1.67,2.22,1.94,-1.11,1788_February_4
1788-02-05,-8.89,-10.28,-15.00,-17.50,-17.22,-18.89,1788_February_5
1788-02-06,-16.11,-12.22,-11.11,-20.28,-12.33,-12.22,1788_February_6
1788-02-07,-10.28,-7.22,-5.28,-12.94,-6.11,-10.00,1788_February_7
1788-02-08,-8.89,-5.56,-4.44,-14.44,-5.28,-7.78,1788_February_8
1788-02-09,-5.56,-4.44,-2.78,-8.33,-4.44,-6.94,1788_February_9
1788-02-10,-5.56,-2.78,-1.67,-12.22,-1.67,-1.67,1788_February_10
1788-02-11,2.78,5.00,6.83,3.89,6.11,7.22,1788_February_11
1788-02-12,0.00,6.67,5.83,2.78,6.11,3.33,1788_February_12
1788-02-13,-0.56,0.56,-0.56,-6.67,-3.89,-4.17,1788_February_13
1788-02-14,0.00,2.22,-0.28,-3.61,3.06,-7.50,1788_February_14
1788-02-15,-4.44,-5.00,-3.61,-12.78,-4.17,-6.67,1788_February_15
1788-02-16,-3.06,-0.83,-1.11,-5.83,-0.28,-5.83,1788_February_16
1788-02-17,-3.33,-0.83,0.00,-4.72,2.22,-3.89,1788_February_17
1788-02-18,-5.56,-5.28,-7.22,-13.33,-8.89,-10.56,1788_February_18
1788-02-19,-10.00,-4.72,-3.89,-11.39,-3.33,-6.67,1788_February_19
1788-02-20,-6.11,-2.50,-2.78,-6.67,-2.22,-6.67,1788_February_20
1788-02-21,-6.39,-2.78,-1.11,-9.17,0.56,-5.28,1788_February_21
1788-02-22,-5.28,-3.89,-3.33,-7.22,-4.17,-1.94,1788_February_22
1788-02-23,-0.28,1.11,1.11,1.11,3.22,0.28,1788_February_23
1788-02-24,-0.56,1.11,2.22,-5.56,1.67,-5.56,1788_February_24
1788-02-25,-3.06,0.56,3.06,-10.56,5.00,-0.83,1788_February_25
1788-02-26,11.94,2.78,1.67,-3.61,3.61,-3.89,1788_February_26
1788-02-27,-3.61,-2.78,-5.83,-9.44,-5.28,-12.50,1788_February_27
1788-02-28,-9.44,-7.22,-5.28,-13.06,-6.39,-11.11,1788_February_28
1788-02-29,-11.11,-11.39,-7.22,-16.11,-8.61,-11.39,1788_February_29
,-99.90,-99.90,-99.90,-99.90,-99.90,-99.90,1788_February_30
,-99.90,-99.90,-99.90,-99.90,-99.90,-99.90,1788_February_31
1788-03-01,-11.11,-8.06,-6.39,-15.00,-7.50,-11.39,1788_March_1
1788-03-02,-9.44,-7.50,-7.22,-13.33,-9.06,-9.72,1788_March_2
1788-03-03,-8.06,-4.44,-1.67,-10.56,-1.67,-5.00,1788_March_3
1788-03-04,-6.11,-3.89,-2.50,-10.28,-2.89,-11.11,1788_March_4
1788-03-05,-5.56,-3.61,-2.78,-9.44,-2.78,-5.00,1788_March_5
1788-03-06,-5.56,0.56,1.67,-8.06,2.22,-1.39,1788_March_6
1788-03-07,-0.56,2.22,2.22,-1.67,-1.78,-1.11,1788_March_7
1788-03-08,0.56,3.33,4.44,-3.33,4.44,1.11,1788_March_8
1788-03-09,3.06,5.00,4.44,0.28,4.44,0.28,1788_March_9
1788-03-10,2.78,3.89,4.17,0.56,2.78,2.50,1788_March_10
1788-03-11,2.78,4.44,5.00,0.56,5.56,-0.56,1788_March_11
1788-03-12,1.39,6.11,8.06,-3.33,10.00,7.22,1788_March_12
1788-03-13,6.11,10.00,11.11,3.89,14.44,5.83,1788_March_13
1788-03-14,8.61,11.67,10.00,4.44,13.61,6.11,1788_March_14
1788-03-15,6.11,7.78,6.11,1.11,7.22,0.83,1788_March_15
1788-03-16,2.22,4.17,2.78,-0.56,3.72,-2.22,1788_March_16
1788-03-17,-0.56,1.94,3.33,-3.89,3.33,-1.11,1788_March_17
1788-03-18,1.11,8.33,7.50,-0.56,11.94,3.33,1788_March_18
1788-03-19,6.67,10.28,10.00,4.44,11.39,6.39,1788_March_19
1788-03-20,5.83,9.72,7.78,2.22,10.44,1.11,1788_March_20
1788-03-21,2.22,4.44,5.00,-3.06,4.17,0.28,1788_March_21
1788-03-22,2.50,7.78,8.61,2.78,8.89,5.56,1788_March_22
1788-03-23,8.06,10.56,11.11,7.78,13.33,9.28,1788_March_23
1788-03-24,4.44,3.89,-0.56,1.94,1.67,-5.00,1788_March_24
1788-03-25,-3.33,1.11,2.78,-5.28,3.89,-0.56,1788_March_25
1788-03-26,1.11,5.00,3.89,-1.11,5.83,-1.11,1788_March_26
1788-03-27,0.56,1.67,3.89,-2.78,1.67,-1.11,1788_March_27
1788-03-28,0.56,4.72,7.50,-4.72,10.28,6.11,1788_March_28
1788-03-29,5.00,5.28,3.61,1.67,3.61,-0.83,1788_March_29
1788-03-30,0.00,2.22,3.89,-3.61,2.50,0.83,1788_March_30
1788-03-31,2.22,11.11,10.28,-1.11,15.00,7.67,1788_March_31
1788-04-01,10.00,14.72,14.17,9.44,16.83,10.72,1788_April_1
1788-04-02,10.00,7.78,7.22,3.06,6.11,-0.28,1788_April_2
1788-04-03,4.17,8.61,6.39,-0.56,10.56,2.22,1788_April_3
1788-04-04,5.56,6.67,5.56,3.89,6.11,3.33,1788_April_4
1788-04-05,5.00,6.67,6.67,3.89,6.94,4.44,1788_April_5
1788-04-06,6.94,12.78,13.89,6.11,17.50,13.89,1788_April_6
1788-04-07,8.33,9.17,7.22,2.78,8.78,2.50,1788_April_7
1788-04-08,6.11,6.94,5.56,4.44,6.67,3.33,1788_April_8
1788-04-09,6.11,12.78,12.78,5.56,17.78,10.56,1788_April_9
1788-04-10,8.06,11.67,12.50,3.33,14.06,8.89,1788_April_10
1788-04-11,8.33,9.44,10.00,6.11,10.00,5.28,1788_April_11
1788-04-12,6.11,10.56,8.61,2.50,11.94,6.11,1788_April_12
1788-04-13,9.44,14.17,15.56,9.44,19.44,12.78,1788_April_13
1788-04-14,11.11,13.33,10.28,6.11,12.78,5.83,1788_April_14
1788-04-15,8.61,8.89,8.33,6.39,6.78,5.56,1788_April_15
1788-04-16,7.78,10.56,8.33,5.00,11.67,3.22,1788_April_16
1788-04-17,6.67,8.33,8.89,5.00,10.28,5.00,1788_April_17
1788-04-18,8.89,12.78,14.44,8.89,15.28,14.72,1788_April_18
1788-04-19,14.17,20.00,16.94,14.44,23.33,16.11,1788_April_19
1788-04-20,15.00,14.44,9.44,11.11,14.72,4.17,1788_April_20
1788-04-21,3.61,5.00,6.11,-0.28,5.56,1.67,1788_April_21
1788-04-22,3.89,7.50,6.94,0.28,10.39,5.28,1788_April_22
1788-04-23,7.22,8.33,7.22,5.28,7.78,4.44,1788_April_23
1788-04-24,6.67,10.00,11.67,4.44,15.56,10.00,1788_April_24
1788-04-25,10.28,15.00,13.89,9.44,18.78,11.67,1788_April_25
1788-04-26,10.00,8.89,6.67,6.67,10.00,4.72,1788_April_26
1788-04-27,6.11,7.50,6.11,5.00,9.72,3.89,1788_April_27
1788-04-28,5.28,5.83,5.56,4.17,6.67,4.17,1788_April_28
1788-04-29,6.11,9.44,10.00,3.89,12.78,7.22,1788_April_29
1788-04-30,8.61,13.89,14.72,4.44,18.89,12.50,1788_April_30
,-99.90,-99.90,-99.90,-99.90,-99.90,-99.90,1788_April_31
1788-05-01,11.67,19.17,15.56,8.61,23.89,14.17,1788_May_1
1788-05-02,15.00,15.56,13.06,14.17,16.94,7.78,1788_May_2
1788-05-03,10.56,12.78,11.67,7.78,16.67,9.17,1788_May_3
1788-05-04,9.44,11.11,11.94,6.67,13.06,8.89,1788_May_4
1788-05-05,12.78,20.56,19.17,14.17,26.67,13.33,1788_May_5
1788-05-06,14.72,18.89,17.22,10.00,20.28,15.00,1788_May_6
1788-05-07,15.00,17.22,17.22,9.72,18.89,13.61,1788_May_7
1788-05-08,12.50,15.00,16.11,9.17,18.33,13.06,1788_May_8
1788-05-09,12.78,11.67,8.89,9.72,8.89,6.11,1788_May_9
1788-05-10,7.50,7.78,7.22,5.83,6.39,7.22,1788_May_10
1788-05-11,6.39,6.67,7.22,5.56,7.22,6.39,1788_May_11
1788-05-12,9.44,14.44,14.72,9.17,20.00,13.61,1788_May_12
1788-05-13,13.89,16.67,15.56,10.28,18.89,1.11,1788_May_13
1788-05-14,13.33,15.56,14.17,9.44,16.67,11.67,1788_May_14
1788-05-15,12.22,16.67,15.56,10.56,21.39,13.89,1788_May_15
1788-05-16,13.61,19.44,18.89,11.67,23.33,17.22,1788_May_16
1788-05-17,16.94,18.89,18.33,18.89,19.44,15.00,1788_May_17
1788-05-18,14.72,13.33,11.39,9.44,10.28,7.50,1788_May_18
1788-05-19,10.56,11.11,11.11,8.33,10.83,10.00,1788_May_19
1788-05-20,11.67,13.33,13.33,14.17,14.44,13.33,1788_May_20
1788-05-21,15.56,22.22,21.67,16.94,28.78,20.00,1788_May_21
1788-05-22,17.22,16.67,16.11,11.67,16.94,12.78,1788_May_22
1788-05-23,16.11,16.94,16.94,14.72,17.78,14.17,1788_May_23
1788-05-24,16.11,18.33,16.67,18.89,21.94,12.67,1788_May_24
1788-05-25,14.72,18.89,19.44,13.61,22.22,18.06,1788_May_25
1788-05-26,16.67,18.33,16.11,15.00,18.33,12.50,1788_May_26
1788-05-27,13.33,15.56,16.67,12.50,18.33,16.67,1788_May_27
1788-05-28,15.83,21.11,13.33,17.22,23.33,15.83,1788_May_28
1788-05-29,13.89,16.11,16.11,10.83,17.78,10.28,1788_May_29
1788-05-30,13.33,18.89,19.44,16.39,22.78,17.50,1788_May_30
1788-05-31,16.67,17.78,16.67,13.89,17.50,13.89,1788_May_31
1788-06-01,16.11,17.78,16.67,15.83,19.33,12.78,1788_June_1
1788-06-02,13.89,16.94,16.67,13.06,19.44,12.22,1788_June_2
1788-06-03,15.00,18.33,16.11,13.89,20.83,13.89,1788_June_3
1788-06-04,15.00,20.00,18.33,15.00,21.67,15.00,1788_June_4
1788-06-05,18.89,22.78,24.17,18.61,27.22,21.11,1788_June_5
1788-06-06,22.22,25.00,25.56,21.83,28.06,25.00,1788_June_6
1788-06-07,25.00,28.89,23.89,23.61,30.28,21.11,1788_June_7
1788-06-08,20.56,19.44,16.67,15.00,16.94,10.56,1788_June_8
1788-06-09,14.44,20.56,22.78,13.33,20.00,18.61,1788_June_9
1788-06-10,21.67,24.44,22.78,21.11,28.06,15.56,1788_June_10
1788-06-11,20.56,21.94,21.11,17.22,21.94,18.06,1788_June_11
1788-06-12,19.17,23.06,22.22,18.06,26.67,18.33,1788_June_12
1788-06-13,20.00,21.11,20.56,15.56,25.28,17.22,1788_June_13
1788-06-14,17.78,17.22,16.11,12.50,13.89,11.11,1788_June_14
1788-06-15,15.56,17.78,17.22,11.94,19.44,12.78,1788_June_15
1788-06-16,14.44,16.67,16.39,13.06,19.44,14.17,1788_June_16
1788-06-17,16.11,18.61,18.33,16.11,19.17,15.56,1788_June_17
1788-06-18,16.39,17.50,19.44,15.28,19.44,18.89,1788_June_18
1788-06-19,18.33,18.89,17.78,16.11,16.11,15.56,1788_June_19
1788-06-20,17.22,21.11,21.11,17.78,27.22,19.17,1788_June_20
1788-06-21,19.44,23.06,23.06,17.78,25.56,19.72,1788_June_21
1788-06-22,21.11,25.00,22.78,18.61,28.89,19.44,1788_June_22
1788-06-23,21.67,25.56,23.89,21.67,29.44,20.28,1788_June_23
1788-06-24,22.22,23.89,22.78,18.61,27.22,18.61,1788_June_24
1788-06-25,18.89,17.78,16.11,13.33,14.44,11.67,1788_June_25
1788-06-26,12.78,18.06,18.89,10.56,21.39,17.78,1788_June_26
1788-06-27,17.22,21.94,19.72,16.94,25.00,17.22,1788_June_27
1788-06-28,18.33,18.89,17.78,17.78,21.11,15.00,1788_June_28
1788-06-29,15.56,15.56,16.39,13.06,15.83,15.00,1788_June_29
1788-06-30,16.11,18.89,18.61,17.78,22.22,16.67,1788_June_30
,-99.90,-99.90,-99.90,-99.90,-99.90,-99.90,1788_June_31
1788-07-01,16.67,18.33,17.78,15.00,21.94,13.89,1788_July_1
1788-07-02,16.11,20.56,20.28,16.39,25.00,17.78,1788_July_2
1788-07-03,20.00,25.00,22.78,23.33,30.56,21.67,1788_July_3
1788-07-04,21.67,23.89,22.78,21.67,26.11,20.28,1788_July_4
1788-07-05,21.11,23.89,23.06,19.44,27.22,20.83,1788_July_5
1788-07-06,21.67,24.44,23.89,21.11,27.78,22.50,1788_July_6
1788-07-07,24.17,27.78,23.33,23.89,30.28,22.50,1788_July_7
1788-07-08,23.33,28.33,23.89,24.44,32.22,22.78,1788_July_8
1788-07-09,22.78,26.39,23.33,22.22,25.83,21.39,1788_July_9
1788-07-10,22.22,25.83,23.33,21.94,28.89,19.44,1788_July_10
1788-07-11,19.72,22.22,22.50,16.11,26.11,20.00,1788_July_11
1788-07-12,23.89,30.56,26.94,25.00,35.00,25.83,1788_July_12
1788-07-13,26.11,27.22,25.28,25.00,30.00,22.78,1788_July_13
1788-07-14,22.50,23.33,23.61,17.78,25.00,20.56,1788_July_14
1788-07-15,21.11,24.44,23.89,18.61,27.22,19.72,1788_July_15
1788-07-16,20.56,23.89,21.11,16.11,26.11,22.22,1788_July_16
1788-07-17,20.00,25.00,23.89,18.33,27.78,23.61,1788_July_17
1788-07-18,24.72,28.61,25.83,25.28,32.78,23.33,1788_July_18
1788-07-19,22.22,23.33,22.22,15.56,25.00,17.78,1788_July_19
1788-07-20,20.00,22.78,20.83,18.33,23.89,16.11,1788_July_20
1788-07-21,18.89,21.67,20.83,15.56,23.89,17.50,1788_July_21
1788-07-22,19.44,20.56,20.28,15.56,23.33,16.94,1788_July_22
1788-07-23,19.44,22.78,21.67,17.78,23.33,18.89,1788_July_23
1788-07-24,21.11,22.78,24.17,20.00,23.89,23.06,1788_July_24
1788-07-25,23.89,26.11,23.89,25.00,29.72,23.33,1788_July_25
1788-07-26,24.44,26.94,25.56,25.28,26.94,25.00,1788_July_26
1788-07-27,23.89,27.78,24.72,25.44,31.67,22.50,1788_July_27
1788-07-28,23.06,24.72,23.33,23.89,27.22,26.39,1788_July_28
1788-07-29,22.50,23.89,21.11,23.06,26.11,17.22,1788_July_29
1788-07-30,18.33,20.00,19.44,16.39,22.22,15.00,1788_July_30
1788-07-31,16.67,20.28,20.00,14.44,23.89,17.78,1788_July_31
1788-08-01,18.33,23.89,23.06,18.61,28.89,20.56,1788_August_1
1788-08-02,21.67,25.56,22.78,20.56,30.00,21.67,1788_August_2
1788-08-03,21.67,24.44,23.33,20.83,31.11,21.39,1788_August_3
1788-08-04,23.89,25.00,23.89,23.06,25.00,21.67,1788_August_4
1788-08-05,22.22,27.22,23.06,21.39,30.28,18.33,1788_August_5
1788-08-06,21.11,23.89,21.94,20.56,27.78,18.33,1788_August_6
1788-08-07,18.89,22.22,21.39,16.11,25.28,18.89,1788_August_7
1788-08-08,20.00,21.39,20.00,16.94,23.06,18.33,1788_August_8
1788-08-09,17.22,20.56,19.44,15.00,21.67,16.94,1788_August_9
1788-08-10,17.22,19.72,19.72,15.56,23.06,17.78,1788_August_10
1788-08-11,17.78,21.11,19.72,15.56,25.00,16.11,1788_August_11
1788-08-12,17.22,20.56,20.56,20.56,23.33,18.33,1788_August_12
1788-08-13,17.78,21.11,20.28,14.44,25.83,20.28,1788_August_13
1788-08-14,17.22,21.11,21.11,14.44,25.00,18.33,1788_August_14
1788-08-15,18.33,26.11,26.11,18.89,23.89,16.67,1788_August_15
1788-08-16,18.61,20.56,20.56,16.67,23.33,18.33,1788_August_16
1788-08-17,17.22,18.33,17.78,15.56,16.39,15.56,1788_August_17
1788-08-18,17.78,20.00,19.72,19.44,22.78,18.89,1788_August_18
1788-08-19,22.22,26.39,23.89,24.44,29.44,21.67,1788_August_19
1788-08-20,22.78,27.22,24.44,21.94,27.22,21.67,1788_August_20
1788-08-21,20.28,20.56,21.11,16.11,23.33,17.22,1788_August_21
1788-08-22,17.22,21.11,21.67,18.33,24.44,19.17,1788_August_22
1788-08-23,21.11,27.50,25.00,21.39,31.11,23.33,1788_August_23
1788-08-24,21.67,21.67,20.00,19.44,22.22,15.00,1788_August_24
1788-08-25,16.39,19.17,18.89,12.50,17.22,15.56,1788_August_25
1788-08-26,20.00,23.89,22.50,22.50,28.06,18.89,1788_August_26
1788-08-27,19.44,21.11,21.11,17.22,23.33,19.72,1788_August_27
1788-08-28,16.94,23.33,23.33,16.67,26.39,22.22,1788_August_28
1788-08-29,21.11,27.22,26.67,21.39,32.22,25.00,1788_August_29
1788-08-30,24.17,23.06,21.67,21.11,21.39,16.94,1788_August_30
1788-08-31,19.44,20.00,18.89,15.28,20.56,12.22,1788_August_31
1788-09-01,15.83,18.33,18.61,10.28,20.00,16.11,1788_September_1
1788-09-02,19.17,20.83,20.83,17.22,23.61,18.33,1788_September_2
1788-09-03,17.78,19.72,20.00,15.56,21.67,15.56,1788_September_3
1788-09-04,16.94,20.83,20.56,12.22,24.44,19.44,1788_September_4
1788-09-05,19.44,25.00,23.89,17.78,28.33,22.22,1788_September_5
1788-09-06,20.00,18.89,18.33,14.72,18.89,12.22,1788_September_6
1788-09-07,15.56,20.56,15.28,12.78,13.06,11.67,1788_September_7
1788-09-08,15.00,16.67,16.67,14.72,15.56,15.28,1788_September_8
1788-09-09,16.94,19.44,18.89,17.50,23.61,13.33,1788_September_9
1788-09-10,15.56,17.78,17.78,12.22,20.00,11.94,1788_September_10
1788-09-11,15.00,19.44,18.33,10.28,23.61,15.00,1788_September_11
1788-09-12,16.11,20.56,20.56,14.17,23.06,18.06,1788_September_12
1788-09-13,19.17,21.11,19.17,18.06,21.94,16.11,1788_September_13
1788-09-14,17.78,19.17,18.61,15.83,20.28,11.39,1788_September_14
1788-09-15,15.56,19.72,20.00,10.00,23.33,17.22,1788_September_15
1788-09-16,19.44,22.22,22.22,20.00,24.17,18.61,1788_September_16
1788-09-17,19.17,20.00,19.17,16.11,20.83,14.72,1788_September_17
1788-09-18,16.11,18.89,19.44,11.67,22.22,16.94,1788_September_18
1788-09-19,19.72,23.89,22.22,17.78,25.56,17.78,1788_September_19
1788-09-20,16.39,16.11,15.00,13.06,15.00,6.67,1788_September_20
1788-09-21,8.89,13.61,13.33,3.33,16.67,7.78,1788_September_21
1788-09-22,10.00,12.50,13.33,6.67,14.72,10.56,1788_September_22
1788-09-23,11.67,15.00,16.11,8.89,18.89,11.39,1788_September_23
1788-09-24,12.50,15.56,16.11,6.11,20.28,11.67,1788_September_24
1788-09-25,13.33,18.61,18.89,8.33,21.11,16.67,1788_September_25
1788-09-26,18.33,24.17,22.22,14.44,26.11,18.89,1788_September_26
1788-09-27,16.11,18.33,17.78,8.61,20.56,12.22,1788_September_27
1788-09-28,13.89,18.89,18.33,12.78,21.11,13.06,1788_September_28
1788-09-29,16.11,20.56,19.72,14.44,24.44,16.67,1788_September_29
1788-09-30,15.28,13.33,12.78,9.44,12.22,10.00,1788_September_30
,-99.90,-99.90,-99.90,-99.90,-99.90,-99.90,1788_September_31
1788-10-01,8.89,8.89,8.33,4.44,10.00,5.56,1788_October_1
1788-10-02,7.22,10.28,10.00,5.00,13.89,5.56,1788_October_2
1788-10-03,7.22,11.11,11.67,1.11,16.39,10.56,1788_October_3
1788-10-04,11.67,15.00,16.11,12.22,19.17,13.61,1788_October_4
1788-10-05,9.72,11.11,11.39,6.39,11.67,6.94,1788_October_5
1788-10-06,7.78,13.61,12.78,2.22,17.50,9.44,1788_October_6
1788-10-07,10.28,12.78,13.06,7.78,15.56,10.28,1788_October_7
1788-10-08,12.22,12.78,13.06,10.56,12.22,12.22,1788_October_8
1788-10-09,11.11,15.28,15.28,7.78,19.72,12.22,1788_October_9
1788-10-10,12.78,14.72,14.72,10.56,18.61,11.39,1788_October_10
1788-10-11,13.33,13.33,12.78,11.67,12.11,12.78,1788_October_11
1788-10-12,11.94,16.11,13.33,12.22,21.39,10.00,1788_October_12
1788-10-13,7.50,8.33,8.33,2.78,9.44,6.11,1788_October_13
1788-10-14,8.06,9.44,10.00,5.00,12.22,5.28,1788_October_14
1788-10-15,8.06,12.78,10.56,7.78,13.33,5.83,1788_October_15
1788-10-16,7.22,10.28,11.11,5.00,11.67,7.50,1788_October_16
1788-10-17,8.89,13.33,16.39,5.00,20.56,16.67,1788_October_17
1788-10-18,20.56,15.56,13.89,13.61,15.83,9.72,1788_October_18
1788-10-19,8.33,7.78,7.78,1.67,7.50,2.78,1788_October_19
1788-10-20,3.06,6.67,9.17,-3.33,11.11,9.44,1788_October_20
1788-10-21,15.00,16.67,11.11,16.11,17.78,7.50,1788_October_21
1788-10-22,7.78,9.72,9.44,6.67,11.11,6.67,1788_October_22
1788-10-23,7.78,12.50,13.33,5.56,16.67,8.33,1788_October_23
1788-10-24,13.33,20.00,20.00,12.78,22.50,19.33,1788_October_24
1788-10-25,15.83,15.83,14.72,10.56,16.67,8.33,1788_October_25
1788-10-26,13.06,16.11,16.67,11.11,20.00,14.17,1788_October_26
1788-10-27,14.72,16.11,15.00,10.56,17.22,12.22,1788_October_27
1788-10-28,10.00,8.89,7.78,4.44,7.22,2.22,1788_October_28
1788-10-29,3.89,4.44,3.33,-1.11,3.33,-3.61,1788_October_29
1788-10-30,-3.06,-2.22,-0.56,-7.78,-2.22,-4.17,1788_October_30
1788-10-31,-2.78,0.56,2.22,-7.22,4.17,-3.33,1788_October_31
1788-11-01,-2.22,1.11,5.28,-7.22,8.06,7.22,1788_November_1
1788-11-02,5.83,10.00,11.11,5.56,15.44,7.50,1788_November_2
1788-11-03,11.11,18.06,18.06,11.11,22.50,16.11,1788_November_3
1788-11-04,13.89,14.44,13.33,8.89,14.72,10.00,1788_November_4
1788-11-05,13.89,20.56,19.72,14.44,23.89,17.78,1788_November_5
1788-11-06,15.56,18.89,17.22,11.67,21.11,11.11,1788_November_6
1788-11-07,11.11,18.89,18.89,3.33,22.22,15.00,1788_November_7
1788-11-08,11.67,12.22,9.44,7.22,11.11,2.22,1788_November_8
1788-11-09,3.06,3.89,4.44,-1.67,4.44,-1.94,1788_November_9
1788-11-10,1.11,3.89,5.28,-6.11,8.06,5.00,1788_November_10
1788-11-11,8.33,11.67,10.56,10.00,12.22,8.06,1788_November_11
1788-11-12,5.00,8.33,6.67,3.89,8.33,2.78,1788_November_12
1788-11-13,2.78,9.44,9.72,2.22,11.67,7.50,1788_November_13
1788-11-14,10.56,10.56,8.89,11.11,9.44,4.17,1788_November_14
1788-11-15,4.44,5.00,5.00,-2.78,5.56,-0.83,1788_November_15
1788-11-16,1.11,5.00,6.39,-3.89,7.22,6.11,1788_November_16
1788-11-17,4.44,3.33,3.61,1.67,2.78,0.56,1788_November_17
1788-11-18,2.78,3.61,4.17,0.56,3.33,2.78,1788_November_18
1788-11-19,4.44,5.56,5.00,3.33,5.28,0.56,1788_November_19
1788-11-20,4.44,6.11,10.00,3.89,8.89,12.50,1788_November_20
1788-11-21,9.44,9.72,8.33,8.33,10.28,6.67,1788_November_21
1788-11-22,8.33,12.22,10.00,10.83,15.83,5.28,1788_November_22
1788-11-23,6.11,7.78,8.61,5.56,10.00,8.06,1788_November_23
1788-11-24,13.33,18.33,15.56,16.11,20.56,11.67,1788_November_24
1788-11-25,1.11,0.00,0.56,-3.89,-3.89,-6.11,1788_November_25
1788-11-26,-3.06,-0.28,2.22,-3.89,-0.56,3.89,1788_November_26
1788-11-27,5.28,5.00,4.44,6.11,4.44,3.06,1788_November_27
1788-11-28,3.89,5.28,5.56,1.11,6.39,3.89,1788_November_28
1788-11-29,6.11,7.78,3.89,6.11,10.00,0.00,1788_November_29
1788-11-30,0.00,0.56,1.67,-4.44,0.56,-1.39,1788_November_30
,-99.90,-99.90,-99.90,-99.90,-99.90,-99.90,1788_November_31
1788-12-01,2.22,3.06,5.56,1.67,4.44,7.78,1788_December_1
1788-12-02,1.11,1.39,-0.83,-1.11,-1.67,-5.56,1788_December_2
1788-12-03,-4.44,-5.00,-6.67,-11.11,-10.00,-11.22,1788_December_3
1788-12-04,-5.56,-1.67,0.00,-3.61,1.11,-1.11,1788_December_4
1788-12-05,-0.56,0.56,0.83,-1.11,1.11,-0.56,1788_December_5
1788-12-06,-1.11,1.67,2.50,-3.89,4.44,0.00,1788_December_6
1788-12-07,2.50,6.11,7.78,2.78,10.00,8.33,1788_December_7
1788-12-08,-99.90,6.94,5.56,6.11,5.00,3.89,1788_December_8
1788-12-09,-99.90,6.11,6.11,5.00,6.11,3.61,1788_December_9
1788-12-10,5.28,5.28,2.22,5.00,5.00,-0.56,1788_December_10
1788-12-11,-1.94,-0.28,-0.83,-5.00,-0.83,-5.28,1788_December_11
1788-12-12,-4.44,1.67,4.17,-7.78,5.83,6.11,1788_December_12
1788-12-13,2.50,4.17,4.44,-0.56,7.22,-0.28,1788_December_13
1788-12-14,1.11,6.11,7.22,-1.67,7.78,6.94,1788_December_14
1788-12-15,7.78,10.00,7.22,7.78,11.67,1.39,1788_December_15
1788-12-16,1.94,2.22,3.61,-3.89,3.61,0.00,1788_December_16
1788-12-17,-2.22,-3.33,-5.56,-5.56,-8.33,-9.44,1788_December_17
1788-12-18,-11.11,-11.11,-7.78,-15.83,-9.72,-15.00,1788_December_18
1788-12-19,-11.94,-10.00,-8.89,-15.83,-8.33,-10.56,1788_December_19
1788-12-20,-11.11,-8.61,-7.78,-15.00,-6.11,-12.78,1788_December_20
1788-12-21,-11.11,-8.89,-9.44,-14.44,-10.28,-13.33,1788_December_21
1788-12-22,-12.78,-10.56,-8.61,-17.22,-9.72,-10.83,1788_December_22
1788-12-23,-8.33,-8.33,-8.33,-14.72,-7.50,-13.33,1788_December_23
1788-12-24,-10.00,-9.44,-9.44,-14.44,-10.00,-16.39,1788_December_24
1788-12-25,-14.72,-10.00,-8.33,-21.11,-8.33,-11.67,1788_December_25
1788-12-26,-8.33,-6.94,-5.56,-9.72,-5.00,-6.11,1788_December_26
1788-12-27,-6.11,-5.00,-5.56,-9.72,-5.00,-6.67,1788_December_27
1788-12-28,-3.61,-1.11,1.11,-1.39,-0.56,1.94,1788_December_28
1788-12-29,0.28,1.11,1.67,-2.22,1.67,0.83,1788_December_29
1788-12-30,1.11,1.67,3.33,-0.56,3.61,3.06,1788_December_30
1788-12-31,3.33,3.89,3.06,3.06,3.33,3.06,1788_December_31
1789-01-01,0.00,0.56,0.00,-1.11,0.56,-3.89,1789_January_1
1789-01-02,-2.78,-1.67,-1.67,-5.28,-2.50,-4.17,1789_January_2
1789-01-03,-4.44,-3.33,-1.67,-1.67,-2.22,-0.28,1789_January_3
1789-01-04,0.83,2.78,1.11,1.67,5.00,-1.11,1789_January_4
1789-01-05,-2.78,-0.56,-1.11,-4.44,-0.56,-4.72,1789_January_5
1789-01-06,-4.72,-1.67,-1.67,-6.11,0.56,-6.11,1789_January_6
1789-01-07,-8.33,-6.39,-6.11,-13.61,-8.33,-7.78,1789_January_7
1789-01-08,-5.00,-1.11,1.11,-6.67,2.78,-0.56,1789_January_8
1789-01-09,-3.61,-3.89,-5.00,-7.78,-6.67,-10.56,1789_January_9
1789-01-10,-9.72,-7.22,-6.67,-14.44,-5.56,-8.33,1789_January_10
1789-01-11,-8.89,-7.78,-7.78,-11.94,-7.78,-11.67,1789_January_11
1789-01-12,-12.78,-7.78,-6.67,-13.89,-6.39,-10.00,1789_January_12
1789-01-13,-10.00,-6.67,-5.00,-13.06,-6.11,-3.06,1789_January_13
1789-01-14,0.56,3.33,1.67,1.67,3.89,-1.67,1789_January_14
1789-01-15,-4.44,-1.67,-1.67,-8.61,-1.83,-5.00,1789_January_15
1789-01-16,-5.00,-2.78,-1.94,-8.89,-1.11,-6.39,1789_January_16
1789-01-17,-3.89,-2.50,-2.78,-5.56,-2.06,-7.22,1789_January_17
1789-01-18,-5.83,-2.22,-3.33,-8.33,-2.78,-6.67,1789_January_18
1789-01-19,-5.56,-2.78,-1.67,-9.17,-1.67,-4.72,1789_January_19
1789-01-20,-1.11,0.56,5.83,-2.50,2.78,8.33,1789_January_20
1789-01-21,5.83,6.11,3.89,4.72,5.00,-1.11,1789_January_21
1789-01-22,-0.28,0.00,-2.78,-2.50,-1.94,-5.00,1789_January_22
1789-01-23,-5.83,-3.61,-1.67,-9.72,-1.67,-7.22,1789_January_23
1789-01-24,-5.56,-1.67,0.00,-6.67,2.50,-1.11,1789_January_24
1789-01-25,-0.56,1.67,1.11,-2.22,2.78,-1.11,1789_January_25
1789-01-26,-0.83,-0.56,-0.83,-4.17,-2.78,-3.89,1789_January_26
1789-01-27,-0.83,-0.83,-1.67,-3.61,-2.78,-5.00,1789_January_27
1789-01-28,-1.67,-0.83,-0.56,-3.89,-1.56,-3.33,1789_January_28
1789-01-29,0.56,2.22,3.33,0.56,3.89,5.00,1789_January_29
1789-01-30,0.00,0.56,0.28,-2.78,1.11,-2.50,1789_January_30
1789-01-31,-4.44,-3.89,-4.72,-7.78,-6.67,-11.11,1789_January_31
1789-02-01,-9.72,-8.33,-10.28,-13.89,-10.56,-17.22,1789_February_1
1789-02-02,-13.89,-13.33,-12.22,-23.61,-12.94,-20.28,1789_February_2
1789-02-03,-14.44,-10.28,-7.22,-16.39,-3.89,-14.44,1789_February_3
1789-02-04,-11.39,-9.44,-8.33,-19.17,-6.67,-15.56,1789_February_4
1789-02-05,-13.06,-10.83,-9.44,-16.67,-10.83,-20.00,1789_February_5
1789-02-06,-17.22,-10.00,-5.28,-24.17,-3.33,-5.00,1789_February_6
1789-02-07,-6.39,-3.33,-2.22,-7.50,-0.56,-11.67,1789_February_7
1789-02-08,-8.06,-5.56,-1.94,-17.22,0.00,-2.22,1789_February_8
1789-02-09,0.00,3.06,1.67,0.28,3.33,-1.67,1789_February_9
1789-02-10,-1.67,1.11,1.67,-7.78,3.33,-3.06,1789_February_10
1789-02-11,-1.11,1.67,2.22,-6.94,6.11,-4.17,1789_February_11
1789-02-12,-0.83,3.33,5.00,-2.78,6.67,2.22,1789_February_12
1789-02-13,1.94,2.78,2.22,-1.39,1.11,-2.22,1789_February_13
1789-02-14,-3.33,-2.78,-4.44,-6.67,-4.72,-8.89,1789_February_14
1789-02-15,-7.22,-5.56,-2.78,-11.11,-3.89,-7.50,1789_February_15
1789-02-16,-5.28,-2.50,-1.11,-8.06,-0.56,-3.89,1789_February_16
1789-02-17,-2.50,0.00,-2.78,-5.28,-1.11,-8.61,1789_February_17
1789-02-18,-7.78,-4.44,-2.78,-12.50,-3.89,-10.00,1789_February_18
1789-02-19,-8.61,-6.39,-6.39,-13.06,-5.56,-7.78,1789_February_19
1789-02-20,-6.11,-6.11,-5.56,-6.94,-9.44,-5.00,1789_February_20
1789-02-21,-3.89,-1.11,0.56,-5.56,1.11,-1.11,1789_February_21
1789-02-22,0.83,2.50,3.33,1.11,3.06,1.11,1789_February_22
1789-02-23,1.11,0.56,-1.67,-1.67,-3.33,-6.67,1789_February_23
1789-02-24,-4.44,-3.33,-3.89,-8.33,-5.56,-12.78,1789_February_24
1789-02-25,-11.11,-9.44,-9.44,-17.22,-11.94,-15.28,1789_February_25
1789-02-26,-15.00,-9.44,-9.44,-21.67,-10.00,-14.44,1789_February_26
1789-02-27,-8.33,-3.89,-1.67,-7.78,1.67,-3.33,1789_February_27
1789-02-28,-5.00,-3.89,-2.22,-9.44,-2.22,-4.44,1789_February_28
,-99.90,-99.90,-99.90,-99.90,-99.90,-99.90,1789_February_29
,-99.90,-99.90,-99.90,-99.90,-99.90,-99.90,1789_February_30
,-99.90,-99.90,-99.90,-99.90,-99.90,-99.90,1789_February_31
1789-03-01,2.22,6.94,5.56,3.89,9.72,2.22,1789_March_1
1789-03-02,1.11,3.33,3.33,-3.06,3.89,-0.28,1789_March_2
1789-03-03,1.67,3.89,4.44,-2.50,6.67,6.11,1789_March_3
1789-03-04,3.89,1.67,-3.06,1.94,-4.61,-11.11,1789_March_4
1789-03-05,-10.56,-5.83,-5.28,-15.00,-7.22,-6.11,1789_March_5
1789-03-06,-2.50,3.06,5.00,-4.17,5.56,3.33,1789_March_6
1789-03-07,5.00,7.50,2.22,4.44,8.33,-4.72,1789_March_7
1789-03-08,-5.00,-3.06,-1.94,-10.56,-4.72,-5.56,1789_March_8
1789-03-09,-4.44,1.11,2.22,-6.67,3.33,-1.11,1789_March_9
1789-03-10,0.00,3.33,5.00,-3.61,1.67,0.00,1789_March_10
1789-03-11,1.67,7.22,7.78,-1.67,10.00,3.06,1789_March_11
1789-03-12,5.83,10.83,10.00,4.17,13.61,7.50,1789_March_12
1789-03-13,7.50,8.33,7.22,4.44,8.06,3.33,1789_March_13
1789-03-14,2.22,1.67,1.11,0.28,-0.28,-3.78,1789_March_14
1789-03-15,-3.33,1.94,1.67,-8.06,2.22,-1.94,1789_March_15
1789-03-16,3.33,6.11,8.33,4.72,8.33,7.22,1789_March_16
1789-03-17,6.11,7.78,7.78,4.17,9.44,1.39,1789_March_17
1789-03-18,2.50,4.44,3.06,-2.78,5.00,0.56,1789_March_18
1789-03-19,2.78,3.33,4.44,1.39,3.06,3.33,1789_March_19
1789-03-20,2.78,5.28,5.00,1.39,7.22,1.39,1789_March_20
1789-03-21,1.67,3.33,3.33,-1.39,3.33,-2.22,1789_March_21
1789-03-22,1.11,2.22,2.78,-1.11,3.33,0.56,1789_March_22
1789-03-23,-2.78,-1.67,0.00,-5.56,-2.22,-4.17,1789_March_23
1789-03-24,-3.06,0.28,2.22,-6.11,1.11,-2.22,1789_March_24
1789-03-25,-3.06,-1.67,1.11,-6.39,-1.67,0.00,1789_March_25
1789-03-26,0.56,3.89,6.67,0.28,7.78,6.67,1789_March_26
1789-03-27,3.33,7.22,5.56,0.56,8.89,7.22,1789_March_27
1789-03-28,3.33,10.56,8.33,-0.28,12.50,5.83,1789_March_28
1789-03-29,8.61,10.00,9.44,7.22,10.56,4.44,1789_March_29
1789-03-30,4.44,5.56,5.00,0.56,3.89,2.22,1789_March_30
1789-03-31,4.44,5.56,7.22,1.39,8.89,3.06,1789_March_31
1789-04-01,5.00,5.28,3.89,0.28,4.17,0.83,1789_April_1
1789-04-02,3.61,5.56,6.67,2.78,7.78,4.17,1789_April_2
1789-04-03,3.89,9.44,10.56,0.83,13.33,7.78,1789_April_3
1789-04-04,8.61,12.22,11.67,7.50,14.17,8.89,1789_April_4
1789-04-05,6.94,8.89,8.89,5.28,8.89,2.78,1789_April_5
1789-04-06,6.67,12.50,11.11,1.94,16.11,7.22,1789_April_6
1789-04-07,13.89,13.61,7.22,13.89,12.78,2.22,1789_April_7
1789-04-08,1.67,3.33,3.33,1.11,5.00,1.67,1789_April_8
1789-04-09,1.67,6.67,8.33,0.00,8.61,6.67,1789_April_9
1789-04-10,6.67,5.83,9.44,5.28,5.28,8.89,1789_April_10
1789-04-11,7.50,8.33,6.67,8.33,10.28,3.06,1789_April_11
1789-04-12,3.33,6.39,5.00,1.67,7.22,3.06,1789_April_12
1789-04-13,2.78,6.11,7.78,2.22,9.72,3.89,1789_April_13
1789-04-14,5.56,8.06,12.22,5.00,16.39,8.61,1789_April_14
1789-04-15,11.67,17.22,15.00,11.11,21.11,8.33,1789_April_15
1789-04-16,8.33,10.56,9.17,1.94,11.67,4.17,1789_April_16
1789-04-17,5.28,8.33,8.89,2.78,10.56,6.11,1789_April_17
1789-04-18,5.83,10.56,6.67,2.78,14.17,7.78,1789_April_18
1789-04-19,8.89,16.11,16.67,12.22,20.00,15.00,1789_April_19
1789-04-20,15.00,17.22,13.33,14.44,19.44,6.67,1789_April_20
1789-04-21,6.11,5.56,5.28,2.22,5.28,0.56,1789_April_21
1789-04-22,4.44,9.72,11.11,-0.56,12.50,10.00,1789_April_22
1789-04-23,10.00,15.56,15.28,8.33,20.83,11.94,1789_April_23
1789-04-24,13.61,14.44,13.89,12.22,14.44,10.83,1789_April_24
1789-04-25,8.89,7.22,5.56,7.50,5.83,5.56,1789_April_25
1789-04-26,3.33,6.67,7.78,0.56,9.44,3.89,1789_April_26
1789-04-27,4.44,6.67,7.22,0.56,9.72,1.11,1789_April_27
1789-04-28,5.56,11.11,9.44,4.44,13.33,5.56,1789_April_28
1789-04-29,7.78,9.44,2.78,5.83,10.00,4.44,1789_April_29
1789-04-30,6.67,8.89,8.89,3.89,9.72,4.72,1789_April_30
,-99.90,-99.90,-99.90,-99.90,-99.90,-99.90,1789_April_31
1789-05-01,7.22,9.44,8.61,5.00,12.50,4.17,1789_May_1
1789-05-02,6.67,10.00,9.44,3.89,12.22,8.33,1789_May_2
1789-05-03,8.06,12.78,12.22,7.50,17.78,13.61,1789_May_3
1789-05-04,10.56,15.00,15.56,8.89,21.67,13.33,1789_May_4
1789-05-05,11.67,11.11,10.00,8.33,8.06,6.67,1789_May_5
1789-05-06,8.61,11.11,11.11,8.89,11.67,8.06,1789_May_6
1789-05-07,9.44,14.72,12.78,7.78,17.22,10.00,1789_May_7
1789-05-08,11.11,10.83,7.78,7.22,6.94,5.00,1789_May_8
1789-05-09,8.89,12.22,13.61,7.22,15.56,9.44,1789_May_9
1789-05-10,11.11,14.72,12.22,10.56,16.11,7.78,1789_May_10
1789-05-11,10.00,12.22,11.67,7.22,14.44,6.67,1789_May_11
1789-05-12,11.67,17.22,15.56,13.33,20.56,9.44,1789_May_12
1789-05-13,11.67,13.89,12.78,8.33,14.44,9.44,1789_May_13
1789-05-14,16.11,9.17,8.06,7.78,6.67,5.56,1789_May_14
1789-05-15,10.28,11.67,9.44,9.44,12.50,6.11,1789_May_15
1789-05-16,8.33,8.89,10.83,9.44,8.89,9.17,1789_May_16
1789-05-17,10.56,14.44,13.06,7.22,16.11,8.33,1789_May_17
1789-05-18,11.39,15.56,12.50,7.22,18.33,8.89,1789_May_18
1789-05-19,11.11,13.33,11.11,8.33,15.00,12.78,1789_May_19
1789-05-20,12.22,15.56,13.06,12.22,19.17,8.89,1789_May_20
1789-05-21,10.56,12.22,11.67,10.00,13.61,7.50,1789_May_21
1789-05-22,10.00,14.44,13.89,11.94,17.78,11.67,1789_May_22
1789-05-23,12.78,16.11,17.22,12.22,20.00,12.78,1789_May_23
1789-05-24,14.72,17.22,18.06,11.67,20.00,13.89,1789_May_24
1789-05-25,16.11,15.28,12.78,12.22,13.33,8.89,1789_May_25
1789-05-26,11.67,11.94,11.67,10.00,11.94,6.67,1789_May_26
1789-05-27,10.56,14.17,13.89,6.11,18.33,8.33,1789_May_27
1789-05-28,11.67,14.44,13.33,8.33,15.83,8.06,1789_May_28
1789-05-29,11.94,15.83,15.00,7.78,19.72,11.94,1789_May_29
1789-05-30,13.33,21.67,21.11,12.78,28.89,12.22,1789_May_30
1789-05-31,13.89,15.56,16.67,8.33,15.00,12.22,1789_May_31
1789-06-01,14.44,18.33,17.78,10.56,19.72,13.33,1789_June_1
1789-06-02,15.28,18.89,18.89,10.56,24.44,16.67,1789_June_2
1789-06-03,16.67,20.00,17.78,13.33,21.67,10.56,1789_June_3
1789-06-04,14.44,18.61,17.22,8.89,23.61,13.61,1789_June_4
1789-06-05,15.56,22.78,21.11,12.22,27.50,18.61,1789_June_5
1789-06-06,20.28,25.28,25.00,18.33,30.28,23.06,1789_June_6
1789-06-07,21.67,26.39,22.78,20.56,30.83,20.00,1789_June_7
1789-06-08,20.56,22.78,23.33,18.33,25.83,20.83,1789_June_8
1789-06-09,22.78,25.00,22.22,20.56,26.94,18.33,1789_June_9
1789-06-10,19.44,17.50,15.00,15.00,13.33,11.94,1789_June_10
1789-06-11,15.00,16.11,15.83,14.44,14.72,12.78,1789_June_11
1789-06-12,14.44,15.56,16.11,12.78,16.94,14.44,1789_June_12
1789-06-13,16.11,20.00,17.78,15.00,23.33,15.00,1789_June_13
1789-06-14,16.67,20.28,21.11,16.67,25.56,22.22,1789_June_14
1789-06-15,21.67,25.00,21.67,19.44,27.78,15.56,1789_June_15
1789-06-16,17.78,20.00,19.44,15.00,23.61,15.56,1789_June_16
1789-06-17,18.89,20.56,20.28,17.22,23.33,16.11,1789_June_17
1789-06-18,17.78,23.89,23.33,15.56,28.33,19.44,1789_June_18
1789-06-19,21.11,27.22,24.72,21.67,31.11,20.56,1789_June_19
1789-06-20,22.22,25.83,23.89,19.44,28.06,20.56,1789_June_20
1789-06-21,22.78,27.22,23.06,20.56,31.67,18.06,1789_June_21
1789-06-22,20.00,21.67,21.11,17.22,21.39,21.11,1789_June_22
1789-06-23,23.89,27.22,24.44,24.44,30.00,21.11,1789_June_23
1789-06-24,21.11,23.06,21.11,18.33,25.00,14.44,1789_June_24
1789-06-25,18.33,21.11,20.56,15.00,21.67,14.44,1789_June_25
1789-06-26,18.33,22.78,21.11,16.67,26.11,13.61,1789_June_26
1789-06-27,19.44,26.11,23.89,17.50,27.22,20.56,1789_June_27
1789-06-28,21.39,27.22,23.61,20.00,30.56,20.00,1789_June_28
1789-06-29,22.22,27.78,26.11,19.72,31.39,23.89,1789_June_29
1789-06-30,24.72,30.56,28.06,24.44,35.00,26.11,1789_June_30
,-99.90,-99.90,-99.90,-99.90,-99.90,-99.90,1789_June_31
1789-07-01,26.67,30.83,26.11,25.00,33.89,24.72,1789_July_1
1789-07-02,26.67,30.56,26.11,25.00,32.22,24.44,1789_July_2
1789-07-03,26.67,28.33,26.67,25.00,30.00,22.78,1789_July_3
1789-07-04,24.44,21.11,18.89,15.83,16.67,20.00,1789_July_4
1789-07-05,18.33,19.72,19.44,16.67,19.17,20.56,1789_July_5
1789-07-06,20.56,22.50,22.78,20.00,28.61,18.61,1789_July_6
1789-07-07,20.56,22.22,21.67,17.22,23.33,18.33,1789_July_7
1789-07-08,21.11,26.11,23.89,19.44,29.17,22.78,1789_July_8
1789-07-09,23.89,28.89,27.22,22.78,32.22,24.44,1789_July_9
1789-07-10,25.00,27.22,23.89,22.78,29.44,19.44,1789_July_10
1789-07-11,21.39,23.33,21.67,18.33,24.44,21.11,1789_July_11
1789-07-12,21.11,23.06,23.61,22.22,19.72,21.94,1789_July_12
1789-07-13,23.06,25.56,24.44,21.94,28.61,21.39,1789_July_13
1789-07-14,22.50,22.78,21.94,20.28,23.89,15.83,1789_July_14
1789-07-15,18.89,20.56,23.33,16.94,25.00,17.22,1789_July_15
1789-07-16,18.89,22.50,21.11,17.22,25.00,18.61,1789_July_16
1789-07-17,20.83,23.06,21.67,19.44,26.11,20.00,1789_July_17
1789-07-18,20.56,24.17,21.11,19.44,27.50,15.56,1789_July_18
1789-07-19,20.28,23.33,22.50,19.17,28.61,17.22,1789_July_19
1789-07-20,21.67,23.89,24.17,20.00,28.89,20.56,1789_July_20
1789-07-21,21.67,25.56,23.33,17.78,29.44,19.44,1789_July_21
1789-07-22,22.50,26.67,24.17,21.67,32.78,19.17,1789_July_22
1789-07-23,23.33,29.17,25.00,22.22,32.78,23.33,1789_July_23
1789-07-24,25.00,29.44,28.89,24.44,33.33,27.50,1789_July_24
1789-07-25,23.89,22.78,22.22,22.22,23.89,16.11,1789_July_25
1789-07-26,19.44,22.78,21.94,17.22,23.89,16.39,1789_July_26
1789-07-27,20.00,23.33,21.94,16.67,23.06,16.11,1789_July_27
1789-07-28,19.44,22.78,21.39,16.11,23.89,15.83,1789_July_28
1789-07-29,18.33,23.06,21.11,15.00,23.89,17.78,1789_July_29
1789-07-30,19.44,21.67,20.00,19.72,23.33,17.78,1789_July_30
1789-07-31,20.56,19.44,19.44,17.78,18.33,18.06,1789_July_31
1789-08-01,17.78,19.44,19.44,17.78,20.00,18.33,1789_August_1
1789-08-02,19.44,19.44,18.33,19.17,20.00,17.22,1789_August_2
1789-08-03,17.78,18.89,18.33,16.39,17.50,16.67,1789_August_3
1789-08-04,17.78,19.44,19.17,16.39,21.67,17.22,1789_August_4
1789-08-05,19.44,25.00,23.33,21.11,29.72,19.72,1789_August_5
1789-08-06,23.61,26.11,25.00,22.50,29.44,25.56,1789_August_6
1789-08-07,23.89,27.50,25.83,22.78,31.11,23.61,1789_August_7
1789-08-08,24.17,29.44,25.28,25.56,31.11,23.33,1789_August_8
1789-08-09,25.00,28.61,26.67,25.00,34.44,25.00,1789_August_9
1789-08-10,25.56,29.72,29.72,23.89,33.89,25.56,1789_August_10
1789-08-11,26.11,34.44,27.78,23.89,35.00,25.28,1789_August_11
1789-08-12,25.56,28.89,26.39,24.44,33.33,25.00,1789_August_12
1789-08-13,25.83,27.78,26.39,23.89,29.44,22.78,1789_August_13
1789-08-14,23.06,23.06,22.50,20.83,22.78,19.44,1789_August_14
1789-08-15,22.50,23.89,22.22,25.00,24.44,19.44,1789_August_15
1789-08-16,21.67,22.50,23.89,20.00,22.78,23.89,1789_August_16
1789-08-17,21.11,21.67,20.56,18.61,23.89,16.11,1789_August_17
1789-08-18,17.78,21.67,21.11,13.89,25.00,16.39,1789_August_18
1789-08-19,19.44,21.11,21.11,18.61,22.50,18.89,1789_August_19
1789-08-20,20.00,23.33,22.22,16.67,26.11,17.78,1789_August_20
1789-08-21,16.94,19.44,18.89,12.22,21.11,12.78,1789_August_21
1789-08-22,16.11,19.72,19.17,12.50,22.78,12.22,1789_August_22
1789-08-23,17.22,20.00,20.00,11.67,21.67,13.33,1789_August_23
1789-08-24,16.67,19.44,19.72,11.11,21.11,15.28,1789_August_24
1789-08-25,18.61,20.56,21.11,12.22,21.67,19.44,1789_August_25
1789-08-26,21.11,23.33,22.22,20.00,23.61,20.83,1789_August_26
1789-08-27,22.78,25.56,25.00,22.22,28.89,23.89,1789_August_27
1789-08-28,23.33,23.89,22.78,21.11,26.67,19.44,1789_August_28
1789-08-29,21.11,19.72,18.61,18.61,16.11,15.83,1789_August_29
1789-08-30,18.33,20.56,17.50,16.11,25.00,10.56,1789_August_30
1789-08-31,13.06,15.00,15.56,7.22,16.67,9.44,1789_August_31
1789-09-01,12.22,16.11,17.22,8.06,19.44,13.89,1789_September_1
1789-09-02,17.78,20.28,21.11,17.22,21.67,18.89,1789_September_2
1789-09-03,19.17,18.89,17.22,16.67,20.00,11.67,1789_September_3
1789-09-04,13.33,16.11,15.56,12.22,18.06,12.78,1789_September_4
1789-09-05,13.89,16.11,16.11,10.00,18.33,12.22,1789_September_5
1789-09-06,13.89,16.39,16.94,12.50,18.61,15.00,1789_September_6
1789-09-07,15.00,17.22,17.22,9.17,20.28,11.67,1789_September_7
1789-09-08,13.89,17.22,18.33,8.33,21.67,14.44,1789_September_8
1789-09-09,15.56,18.06,18.89,13.33,23.89,13.33,1789_September_9
1789-09-10,14.72,19.72,20.56,11.67,23.89,18.06,1789_September_10
1789-09-11,19.44,21.67,20.56,17.22,23.89,14.72,1789_September_11
1789-09-12,18.06,21.67,22.50,15.83,24.44,20.56,1789_September_12
1789-09-13,20.56,22.22,21.67,18.61,25.56,14.72,1789_September_13
1789-09-14,16.67,19.72,19.17,12.78,22.22,13.89,1789_September_14
1789-09-15,18.33,19.72,19.72,16.67,20.00,17.22,1789_September_15
1789-09-16,16.94,17.78,18.33,11.39,18.89,13.61,1789_September_16
1789-09-17,13.89,15.00,14.44,11.94,15.00,11.11,1789_September_17
1789-09-18,13.06,15.28,16.39,12.78,18.33,13.06,1789_September_18
1789-09-19,12.78,13.61,14.44,8.89,15.28,8.61,1789_September_19
1789-09-20,12.22,16.11,17.50,8.06,21.67,16.11,1789_September_20
1789-09-21,16.39,22.78,23.89,17.78,27.78,21.11,1789_September_21
1789-09-22,21.39,22.22,20.00,18.89,20.83,11.94,1789_September_22
1789-09-23,16.11,21.67,20.56,12.50,24.44,15.28,1789_September_23
1789-09-24,17.78,22.22,20.00,15.56,25.00,14.72,1789_September_24
1789-09-25,17.22,20.00,20.00,14.72,20.00,16.67,1789_September_25
1789-09-26,19.44,20.83,20.56,17.78,23.33,18.33,1789_September_26
1789-09-27,19.72,17.78,15.56,17.78,15.56,13.89,1789_September_27
1789-09-28,16.11,19.72,20.83,15.00,23.33,19.44,1789_September_28
1789-09-29,17.50,15.56,14.17,12.78,13.33,13.89,1789_September_29
1789-09-30,13.89,14.44,15.56,11.94,15.56,10.28,1789_September_30
,-99.90,-99.90,-99.90,-99.90,-99.90,-99.90,1789_September_31
1789-10-01,11.11,13.61,13.06,7.50,16.11,7.22,1789_October_1
1789-10-02,8.89,10.83,11.11,4.44,11.94,5.56,1789_October_2
1789-10-03,7.22,11.11,11.39,0.83,14.44,7.22,1789_October_3
1789-10-04,11.11,12.78,12.78,11.67,14.72,11.39,1789_October_4
1789-10-05,12.78,13.33,13.33,10.56,15.00,9.44,1789_October_5
1789-10-06,10.56,10.56,8.89,8.06,8.61,6.11,1789_October_6
1789-10-07,7.22,10.56,11.11,6.94,13.61,8.33,1789_October_7
1789-10-08,8.33,13.33,14.44,5.56,16.94,10.00,1789_October_8
1789-10-09,8.61,9.44,9.44,3.33,9.72,5.28,1789_October_9
1789-10-10,6.11,8.61,10.00,-0.56,11.11,5.83,1789_October_10
1789-10-11,6.94,9.44,10.00,5.56,13.06,8.06,1789_October_11
1789-10-12,6.94,8.06,7.78,4.72,6.94,5.28,1789_October_12
1789-10-13,4.44,9.44,10.56,2.78,11.67,6.11,1789_October_13
1789-10-14,9.44,10.56,11.11,7.50,10.56,7.22,1789_October_14
1789-10-15,12.22,13.89,14.44,12.78,16.67,13.06,1789_October_15
1789-10-16,13.06,14.44,12.22,10.56,16.11,7.22,1789_October_16
1789-10-17,8.89,13.06,12.78,2.78,15.56,4.44,1789_October_17
1789-10-18,8.89,9.72,10.56,1.67,12.50,8.89,1789_October_18
1789-10-19,10.00,11.11,10.83,8.33,13.33,5.56,1789_October_19
1789-10-20,7.22,13.33,13.33,4.17,16.67,10.56,1789_October_20
1789-10-21,10.28,9.17,7.78,3.89,5.56,2.22,1789_October_21
1789-10-22,4.44,6.67,5.00,3.06,8.33,0.83,1789_October_22
1789-10-23,2.78,5.00,5.28,2.78,6.11,-1.94,1789_October_23
1789-10-24,1.67,4.17,6.11,-2.22,10.28,6.11,1789_October_24
1789-10-25,6.11,9.44,9.17,2.78,11.67,3.61,1789_October_25
1789-10-26,6.67,7.78,8.89,5.00,7.50,8.89,1789_October_26
1789-10-27,6.94,6.67,5.28,2.22,6.11,3.33,1789_October_27
1789-10-28,3.33,4.72,3.89,2.22,6.11,3.89,1789_October_28
1789-10-29,3.06,4.17,4.44,1.39,5.00,2.78,1789_October_29
1789-10-30,8.89,3.33,2.78,0.56,3.06,0.56,1789_October_30
1789-10-31,1.11,3.06,3.33,-0.28,5.00,-0.28,1789_October_31
1789-11-01,1.67,5.56,6.11,0.00,10.28,3.06,1789_November_1
1789-11-02,8.33,12.78,7.22,3.89,13.33,3.33,1789_November_2
1789-11-03,6.11,7.22,7.78,8.33,7.50,6.94,1789_November_3
1789-11-04,0.00,0.28,-3.06,-3.33,-2.22,-5.83,1789_November_4
1789-11-05,-4.44,0.00,1.11,-5.00,1.94,-0.56,1789_November_5
1789-11-06,0.56,3.89,6.11,0.00,10.56,5.83,1789_November_6
1789-11-07,6.67,12.22,12.22,7.78,16.67,11.39,1789_November_7
1789-11-08,12.22,11.67,8.89,10.00,10.56,1.94,1789_November_8
1789-11-09,5.00,7.22,9.17,0.00,10.28,19.44,1789_November_9
1789-11-10,10.56,12.22,12.78,11.67,13.61,11.94,1789_November_10
1789-11-11,10.00,11.39,10.56,6.11,12.78,6.67,1789_November_11
1789-11-12,9.44,9.72,8.89,8.89,8.06,7.22,1789_November_12
1789-11-13,8.33,8.61,9.17,6.11,8.89,8.89,1789_November_13
1789-11-14,10.00,12.78,11.11,11.94,15.56,5.56,1789_November_14
1789-11-15,5.83,7.78,8.33,26.67,10.56,7.22,1789_November_15
1789-11-16,10.56,12.78,10.56,12.22,15.56,13.33,1789_November_16
1789-11-17,9.44,8.89,5.83,3.61,6.11,0.00,1789_November_17
1789-11-18,1.11,1.11,0.56,-5.56,-0.56,-5.72,1789_November_18
1789-11-19,-16.17,1.67,2.50,-2.78,3.89,0.56,1789_November_19
1789-11-20,1.11,3.33,4.17,-1.67,5.28,1.11,1789_November_20
1789-11-21,4.44,7.22,8.89,3.89,10.00,10.00,1789_November_21
1789-11-22,11.67,12.22,11.11,12.22,13.89,8.33,1789_November_22
1789-11-23,5.28,5.00,1.11,1.39,1.67,-2.78,1789_November_23
1789-11-24,-2.78,0.28,2.50,-3.33,4.44,-0.28,1789_November_24
1789-11-25,-0.56,2.78,4.44,-3.33,6.94,3.33,1789_November_25
1789-11-26,5.00,5.56,5.56,5.28,5.83,5.00,1789_November_26
1789-11-27,5.00,4.44,4.44,3.33,3.33,4.72,1789_November_27
1789-11-28,5.00,5.83,5.28,5.00,5.28,4.44,1789_November_28
1789-11-29,5.56,6.11,6.11,4.44,8.06,5.56,1789_November_29
1789-11-30,6.67,8.89,9.17,7.22,10.00,8.33,1789_November_30
,-99.90,-99.90,-99.90,-99.90,-99.90,-99.90,1789_November_31
1789-12-01,5.56,5.83,3.33,3.89,5.56,2.78,1789_December_1
1789-12-02,1.94,3.33,2.78,1.67,5.00,0.56,1789_December_2
1789-12-03,0.28,1.11,0.83,-1.67,0.56,-0.28,1789_December_3
1789-12-04,1.67,1.11,1.11,-1.67,3.89,-0.83,1789_December_4
1789-12-05,-0.83,3.61,2.78,-2.22,9.44,12.22,1789_December_5
1789-12-06,3.33,4.72,5.56,3.06,5.56,2.78,1789_December_6
1789-12-07,6.39,12.22,12.50,9.44,15.83,8.89,1789_December_7
1789-12-08,5.00,5.83,3.61,1.94,5.56,-1.11,1789_December_8
1789-12-09,0.56,4.17,3.33,-1.67,6.39,0.00,1789_December_9
1789-12-10,0.00,5.83,6.94,-3.33,9.72,4.44,1789_December_10
1789-12-11,4.44,5.83,6.67,0.56,7.50,5.83,1789_December_11
1789-12-12,5.00,1.94,-0.56,0.56,-1.11,-4.72,1789_December_12
1789-12-13,-3.89,-3.89,-5.83,-6.94,-7.22,-9.44,1789_December_13
1789-12-14,-8.33,-5.28,-3.89,-10.56,-3.33,-8.06,1789_December_14
1789-12-15,-6.94,-4.44,-0.56,-9.44,0.00,0.56,1789_December_15
1789-12-16,1.67,3.89,5.00,3.33,7.22,4.72,1789_December_16
1789-12-17,5.00,5.56,5.00,4.72,6.11,3.89,1789_December_17
1789-12-18,4.44,5.56,5.00,3.33,5.83,2.22,1789_December_18
1789-12-19,1.94,-0.28,-4.17,-1.11,-4.44,-9.44,1789_December_19
1789-12-20,-6.67,-3.33,-1.67,-7.78,0.00,-2.78,1789_December_20
1789-12-21,-0.56,0.28,0.00,-6.11,0.00,-1.67,1789_December_21
1789-12-22,-1.11,0.00,0.00,-2.50,0.83,-3.89,1789_December_22
1789-12-23,-2.22,0.00,0.56,-4.44,2.22,0.56,1789_December_23
1789-12-24,0.00,1.67,1.11,0.00,1.39,-6.11,1789_December_24
1789-12-25,-1.11,-0.56,-0.56,-3.33,-0.28,-7.22,1789_December_25
1789-12-26,-4.44,0.56,1.67,-7.78,5.00,1.39,1789_December_26
1789-12-27,3.33,4.44,4.44,3.33,7.22,1.94,1789_December_27
1789-12-28,3.06,2.78,1.67,1.67,0.83,0.28,1789_December_28
1789-12-29,1.67,1.67,0.00,0.56,0.56,-3.89,1789_December_29
1789-12-30,3.33,0.28,0.00,-7.78,1.67,-2.78,1789_December_30
1789-12-31,1.11,3.61,7.22,1.11,9.72,8.89,1789_December_31
