,81201 Paramaribo,luchtdruk (in mm Hg),luchtdruk (in mm Hg),luchtdruk (in mm Hg),droge (TT) en natte (TW) bol temperatuur (oC),droge (TT) en natte (TW) bol temperatuur (oC),droge (TT) en natte (TW) bol temperatuur (oC),droge (TT) en natte (TW) bol temperatuur (oC),droge (TT) en natte (TW) bol temperatuur (oC),droge (TT) en natte (TW) bol temperatuur (oC),droge (TT) en natte (TW) bol temperatuur (oC),droge (TT) en natte (TW) bol temperatuur (oC),droge (TT) en natte (TW) bol temperatuur (oC),temperatuur (oC),temperatuur (oC),dampdrukking (in mm Hg),dampdrukking (in mm Hg),dampdrukking (in mm Hg),relatieve vochtigheid,relatieve vochtigheid,relatieve vochtigheid,windrichting en -kracht (in Beaufort: 0-12),windrichting en -kracht (in Beaufort: 0-12),windrichting en -kracht (in Beaufort: 0-12),windrichting en -kracht (in Beaufort: 0-12),windrichting en -kracht (in Beaufort: 0-12),windrichting en -kracht (in Beaufort: 0-12),bewolking (0-10),bewolking (0-10),bewolking (0-10),regen,regen,ijtlmjn
,Unnamed: 0_level_1,PT 8,PT 14,PT 19,TT 8,TW 8,verschil,TT 14,TW 14,verschil.1,TT 19,TW 19,verschil.2,Max,Min,dampdruk 8,dampdruk 14,dampdruk 19,RH 8,RH 14,RH 19,DD 8,FF 8,DD 14,FF 14,DD 19,FF 19,8,14,19,Rd 8,Rd 8.1,Unnamed: 32_level_1
0,18990101.0,620.0,605.0,609.0,239.0,,239.0,262.0,,262.0,246.0,,246.0,286.0,225.0,201.0,220.0,210.0,91.0,87.0,92.0,ENE,2.0,NE,6.0,N,4.0,9.0,9.0,10.0,127.0,,
1,18990102.0,625.0,608.0,615.0,241.0,,241.0,275.0,,275.0,248.0,,248.0,291.0,227.0,212.0,224.0,205.0,95.0,82.0,88.0,ESE,2.0,NE,5.0,N,4.0,9.0,9.0,10.0,93.0,,
2,18990103.0,619.0,604.0,609.0,245.0,,245.0,272.0,,272.0,245.0,,245.0,295.0,225.0,207.0,230.0,219.0,91.0,86.0,96.0,NE,6.0,ENE,7.0,NE,2.0,8.0,9.0,10.0,259.0,,
3,18990104.0,616.0,605.0,601.0,246.0,,246.0,247.0,,247.0,245.0,,245.0,287.0,234.0,209.0,214.0,213.0,91.0,92.0,93.0,E,1.0,SE,1.0,NNW,2.0,9.0,10.0,3.0,177.0,,
4,18990105.0,605.0,596.0,598.0,220.0,,220.0,267.0,,267.0,249.0,,249.0,281.0,198.0,193.0,211.0,207.0,98.0,81.0,88.0,SE,1.0,NE,5.0,NNE,4.0,7.0,9.0,4.0,40.0,,
5,18990106.0,617.0,606.0,607.0,235.0,,235.0,283.0,,283.0,244.0,,244.0,289.0,218.0,199.0,207.0,206.0,92.0,72.0,91.0,NE,1.0,ENE,6.0,NE,4.0,9.0,9.0,3.0,15.0,,
6,18990107.0,627.0,617.0,616.0,238.0,,238.0,275.0,,275.0,245.0,,245.0,283.0,210.0,198.0,206.0,229.0,90.0,76.0,100.0,NE,3.0,ENE,5.0,N,1.0,9.0,10.0,10.0,27.0,,
7,18990108.0,618.0,608.0,605.0,229.0,,229.0,238.0,,238.0,232.0,,232.0,275.0,218.0,202.0,212.0,202.0,97.0,97.0,96.0,,0.0,SE,4.0,NE,3.0,9.0,10.0,10.0,353.0,,
8,18990109.0,619.0,599.0,605.0,236.0,,236.0,293.0,,293.0,258.0,,258.0,296.0,224.0,207.0,195.0,209.0,96.0,64.0,85.0,SE,2.0,ESE,3.0,NE,6.0,10.0,5.0,10.0,1.0,,
9,18990110.0,621.0,608.0,612.0,255.0,,255.0,292.0,,292.0,254.0,,254.0,303.0,236.0,211.0,205.0,221.0,87.0,68.0,92.0,ENE,6.0,ENE,7.0,ENE,2.0,7.0,8.0,3.0,111.0,,
10,18990111.0,624.0,609.0,610.0,239.0,,239.0,294.0,,294.0,248.0,,248.0,294.0,227.0,213.0,221.0,217.0,97.0,72.0,93.0,SE,2.0,NE,5.0,ENE,3.0,10.0,9.0,7.0,14.0,,
11,18990112.0,625.0,605.0,603.0,241.0,,241.0,260.0,,260.0,247.0,,247.0,294.0,218.0,215.0,225.0,212.0,97.0,90.0,92.0,NE,2.0,E,1.0,NNE,3.0,8.0,9.0,0.0,174.0,,
12,18990113.0,618.0,600.0,609.0,254.0,,254.0,285.0,,285.0,246.0,,246.0,288.0,232.0,227.0,212.0,218.0,94.0,73.0,95.0,NE,4.0,NE,7.0,NNW,2.0,9.0,8.0,9.0,53.0,,
13,18990114.0,629.0,608.0,611.0,254.0,,254.0,289.0,,289.0,252.0,,252.0,294.0,236.0,221.0,213.0,212.0,92.0,72.0,89.0,ENE,4.0,ENE,7.0,N,4.0,5.0,7.0,0.0,,,
14,18990115.0,619.0,601.0,604.0,243.0,,243.0,276.0,,276.0,238.0,,238.0,290.0,228.0,218.0,232.0,217.0,97.0,84.0,97.0,SE,1.0,NW,7.0,NE,2.0,7.0,9.0,9.0,85.0,,
15,18990116.0,615.0,602.0,609.0,246.0,,246.0,285.0,,285.0,254.0,,254.0,286.0,233.0,216.0,202.0,213.0,94.0,69.0,89.0,SE,1.0,NE,7.0,NW,5.0,9.0,10.0,10.0,,,
16,18990117.0,624.0,608.0,617.0,258.0,,258.0,295.0,,295.0,263.0,,263.0,301.0,242.0,207.0,196.0,219.0,84.0,64.0,86.0,NE,1.0,NNE,7.0,NE,2.0,9.0,9.0,0.0,,,
17,18990118.0,625.0,609.0,618.0,254.0,,254.0,282.0,,282.0,246.0,,246.0,285.0,224.0,206.0,198.0,203.0,85.0,70.0,88.0,NE,4.0,NNE,5.0,NE,4.0,9.0,8.0,9.0,,,
18,18990119.0,624.0,610.0,614.0,244.0,,244.0,271.0,,271.0,242.0,,242.0,281.0,210.0,202.0,199.0,207.0,89.0,75.0,92.0,NE,4.0,ENE,7.0,E,1.0,9.0,9.0,0.0,1.0,,
19,18990120.0,626.0,608.0,610.0,222.0,,222.0,290.0,,290.0,243.0,,243.0,291.0,187.0,195.0,178.0,212.0,98.0,60.0,94.0,SSE,3.0,NNE,7.0,NE,2.0,5.0,4.0,0.0,,,
20,18990121.0,631.0,613.0,618.0,233.0,,233.0,282.0,,282.0,248.0,,248.0,290.0,194.0,207.0,196.0,215.0,98.0,69.0,92.0,ENE,2.0,NE,7.0,NNE,2.0,8.0,6.0,3.0,,,
21,18990122.0,628.0,613.0,616.0,249.0,,249.0,284.0,,284.0,248.0,,248.0,287.0,219.0,201.0,197.0,207.0,86.0,69.0,89.0,ENE,6.0,NE,5.0,NNE,3.0,7.0,8.0,9.0,19.0,,
22,18990123.0,627.0,610.0,609.0,233.0,,233.0,255.0,,255.0,242.0,,242.0,295.0,224.0,201.0,203.0,202.0,95.0,84.0,90.0,SE,1.0,NE,7.0,NNE,6.0,9.0,9.0,6.0,133.0,,
23,18990124.0,624.0,615.0,614.0,249.0,,249.0,276.0,,276.0,238.0,,238.0,283.0,228.0,184.0,182.0,202.0,79.0,67.0,92.0,NNE,3.0,ENE,6.0,NNE,1.0,6.0,5.0,3.0,8.0,,
24,18990125.0,626.0,613.0,615.0,243.0,,243.0,285.0,,285.0,252.0,,252.0,286.0,194.0,197.0,192.0,209.0,88.0,66.0,88.0,ENE,2.0,N,7.0,NNE,3.0,4.0,7.0,9.0,16.0,,
25,18990126.0,624.0,609.0,609.0,238.0,,238.0,284.0,,284.0,248.0,,248.0,290.0,222.0,198.0,191.0,209.0,90.0,66.0,90.0,E,3.0,ENE,7.0,SE,3.0,8.0,7.0,5.0,,,
26,18990127.0,616.0,604.0,609.0,254.0,,254.0,289.0,,289.0,244.0,,244.0,293.0,216.0,190.0,186.0,200.0,79.0,63.0,88.0,NNE,4.0,NW,7.0,NE,2.0,6.0,7.0,4.0,,,
27,18990128.0,626.0,613.0,619.0,244.0,,244.0,294.0,,294.0,243.0,,243.0,296.0,198.0,195.0,185.0,210.0,86.0,61.0,93.0,ENE,6.0,NE,7.0,SE,3.0,5.0,6.0,0.0,,,
28,18990129.0,629.0,622.0,625.0,218.0,,218.0,286.0,,286.0,242.0,,242.0,294.0,183.0,190.0,169.0,207.0,98.0,58.0,92.0,E,1.0,NE,7.0,NW,1.0,1.0,3.0,0.0,10.0,,
29,18990130.0,626.0,616.0,616.0,234.0,,234.0,284.0,,284.0,243.0,,243.0,291.0,191.0,193.0,191.0,203.0,90.0,66.0,90.0,NE,4.0,ENE,6.0,ENE,7.0,2.0,6.0,4.0,,,
30,,762.2433333333333,760.8133333333333,761.1066666666667,24.113333333333333,,24.113333333333333,,,27.833333333333332,,,24.643333333333334,28.98333333333333,21.736666666666668,20.383333333333333,20.306666666666665,21.05,91.46666666666667,73.43333333333334,91.33333333333333,,2.7333333333333334,,5.833333333333333,,3.033333333333333,7.4,7.8,5.333333333333333,171.6,,
31,18990131.0,623.0,615.0,618.0,218.0,,218.0,289.0,,289.0,242.0,,242.0,292.0,190.0,189.0,182.0,205.0,97.0,62.0,91.0,NE,1.0,NE,7.0,NNE,5.0,6.0,5.0,1.0,,,
32,18990201.0,624.0,615.0,620.0,250.0,,250.0,281.0,,281.0,253.0,,253.0,289.0,182.0,206.0,196.0,206.0,87.0,70.0,86.0,ENE,4.0,NE,6.0,ENE,3.0,6.0,8.0,9.0,13.0,,
33,18990202.0,632.0,616.0,620.0,236.0,,236.0,302.0,,302.0,246.0,,246.0,306.0,198.0,196.0,189.0,207.0,90.0,59.0,90.0,NE,1.0,NE,6.0,NE,5.0,3.0,6.0,1.0,,,
34,18990203.0,631.0,612.0,617.0,229.0,,229.0,299.0,,299.0,246.0,,246.0,303.0,195.0,189.0,193.0,207.0,91.0,62.0,90.0,NE,1.0,NE,7.0,NNE,7.0,6.0,4.0,0.0,,,
35,18990204.0,629.0,616.0,619.0,243.0,,243.0,287.0,,287.0,247.0,,247.0,299.0,191.0,197.0,180.0,200.0,88.0,62.0,87.0,NNE,1.0,N,6.0,N,2.0,2.0,9.0,10.0,40.0,,
36,18990205.0,636.0,619.0,620.0,226.0,,226.0,269.0,,269.0,237.0,,237.0,287.0,179.0,198.0,210.0,206.0,97.0,80.0,95.0,NE,2.0,NE,5.0,SW,2.0,10.0,9.0,10.0,140.0,,
37,18990206.0,629.0,614.0,614.0,244.0,,244.0,264.0,,264.0,244.0,,244.0,283.0,219.0,215.0,223.0,217.0,95.0,87.0,96.0,ENE,4.0,NNW,5.0,NNE,1.0,9.0,9.0,10.0,62.0,,
38,18990207.0,626.0,610.0,608.0,230.0,,230.0,278.0,,278.0,255.0,,255.0,283.0,215.0,201.0,216.0,213.0,96.0,78.0,88.0,ENE,5.0,NE,7.0,NE,4.0,10.0,9.0,9.0,10.0,,
39,18990208.0,625.0,614.0,612.0,256.0,,256.0,283.0,,283.0,252.0,,252.0,288.0,230.0,208.0,199.0,214.0,85.0,70.0,90.0,N,3.0,ENE,7.0,ENE,7.0,8.0,8.0,6.0,,,
40,18990209.0,630.0,620.0,623.0,260.0,,260.0,285.0,,285.0,252.0,,252.0,292.0,232.0,202.0,200.0,199.0,81.0,69.0,84.0,NE,5.0,N,6.0,N,5.0,9.0,8.0,3.0,2.0,,
41,18990210.0,635.0,629.0,629.0,247.0,,247.0,274.0,,274.0,248.0,,248.0,293.0,214.0,182.0,203.0,205.0,79.0,75.0,88.0,NE,7.0,NE,7.0,N,2.0,10.0,10.0,7.0,6.0,,
42,18990211.0,628.0,637.0,633.0,258.0,,258.0,284.0,,284.0,247.0,,247.0,286.0,218.0,188.0,185.0,204.0,76.0,65.0,88.0,NE,5.0,NE,7.0,ENE,5.0,8.0,9.0,2.0,2.0,,
43,18990212.0,638.0,633.0,627.0,231.0,,231.0,283.0,,283.0,236.0,,236.0,286.0,207.0,183.0,189.0,196.0,88.0,66.0,90.0,E,2.0,NW,6.0,S,1.0,9.0,9.0,4.0,,,
44,18990213.0,632.0,616.0,623.0,207.0,,207.0,284.0,,284.0,240.0,,240.0,288.0,173.0,178.0,187.0,199.0,98.0,65.0,90.0,SW,1.0,NE,7.0,ENE,2.0,8.0,7.0,2.0,,,
45,18990214.0,632.0,621.0,626.0,223.0,,223.0,291.0,,291.0,245.0,,245.0,296.0,178.0,173.0,186.0,198.0,87.0,62.0,87.0,S,3.0,E,7.0,E,4.0,6.0,7.0,2.0,10.0,,
46,18990215.0,633.0,624.0,629.0,238.0,,238.0,292.0,,292.0,248.0,,248.0,296.0,207.0,191.0,176.0,179.0,87.0,59.0,77.0,ENE,3.0,NE,7.0,ENE,7.0,8.0,7.0,8.0,10.0,,
47,18990216.0,632.0,616.0,620.0,244.0,,244.0,291.0,,291.0,246.0,,246.0,294.0,221.0,195.0,173.0,195.0,86.0,58.0,85.0,SE,5.0,NE,7.0,NE,7.0,8.0,4.0,0.0,3.0,,
48,18990217.0,629.0,617.0,622.0,226.0,,226.0,298.0,,298.0,243.0,,243.0,302.0,174.0,175.0,180.0,192.0,86.0,58.0,85.0,ENE,4.0,NE,7.0,E,5.0,3.0,5.0,0.0,,,
49,18990218.0,628.0,619.0,622.0,232.0,,232.0,307.0,,307.0,249.0,,249.0,310.0,186.0,185.0,180.0,193.0,88.0,54.0,83.0,ENE,3.0,E,7.0,NE,4.0,8.0,5.0,0.0,,,
50,18990219.0,628.0,620.0,623.0,221.0,,221.0,302.0,,302.0,248.0,,248.0,307.0,186.0,180.0,176.0,200.0,91.0,55.0,86.0,E,4.0,E,7.0,NE,6.0,3.0,7.0,0.0,,,
51,18990220.0,627.0,615.0,617.0,250.0,,250.0,291.0,,291.0,252.0,,252.0,302.0,200.0,189.0,179.0,193.0,80.0,59.0,81.0,ENE,4.0,NE,7.0,NE,4.0,6.0,8.0,7.0,,,
52,18990221.0,626.0,613.0,610.0,254.0,,254.0,294.0,,294.0,246.0,,246.0,296.0,212.0,192.0,183.0,194.0,80.0,60.0,84.0,ENE,5.0,NE,7.0,N,6.0,5.0,7.0,4.0,,,
53,18990222.0,624.0,612.0,613.0,231.0,,231.0,296.0,,296.0,246.0,,246.0,296.0,188.0,183.0,180.0,199.0,88.0,58.0,87.0,E,3.0,NNE,7.0,N,3.0,4.0,7.0,1.0,28.0,,
54,18990223.0,628.0,613.0,616.0,232.0,,232.0,286.0,,286.0,249.0,,249.0,296.0,216.0,200.0,188.0,203.0,95.0,65.0,87.0,NE,2.0,ENE,6.0,NE,5.0,8.0,8.0,9.0,36.0,,
55,18990224.0,623.0,613.0,610.0,237.0,,237.0,289.0,,289.0,248.0,,248.0,295.0,198.0,197.0,186.0,202.0,90.0,63.0,87.0,SE,2.0,N,7.0,NE,6.0,9.0,7.0,2.0,27.0,,
56,18990225.0,623.0,610.0,614.0,237.0,,237.0,293.0,,293.0,241.0,,241.0,293.0,185.0,192.0,187.0,200.0,88.0,62.0,90.0,E,5.0,NE,7.0,N,2.0,3.0,6.0,3.0,3.0,,
57,18990226.0,625.0,618.0,622.0,244.0,,244.0,290.0,,290.0,242.0,,242.0,293.0,194.0,178.0,183.0,203.0,79.0,62.0,91.0,SE,4.0,ENE,7.0,SE,2.0,3.0,5.0,0.0,,,
58,18990227.0,625.0,619.0,616.0,241.0,,241.0,276.0,,276.0,244.0,,244.0,290.0,174.0,184.0,186.0,200.0,83.0,68.0,88.0,ENE,3.0,N,7.0,NW,2.0,3.0,7.0,0.0,2.0,,
59,18990228.0,624.0,617.0,616.0,240.0,,240.0,278.0,,278.0,241.0,,241.0,290.0,183.0,195.0,185.0,200.0,88.0,67.0,90.0,NNE,2.0,N,6.0,NNE,3.0,8.0,7.0,2.0,,,
60,18990301.0,623.0,616.0,618.0,227.0,,227.0,291.0,,291.0,243.0,,243.0,302.0,181.0,190.0,190.0,203.0,93.0,63.0,90.0,ESE,1.0,N,7.0,NE,6.0,8.0,7.0,1.0,27.0,,
61,,762.8266666666667,761.7633333333333,761.9233333333333,23.706666666666667,,23.706666666666667,,,28.756666666666668,,,24.586666666666666,29.443333333333335,19.753333333333334,19.10333333333333,18.9,20.106666666666666,87.9,64.76666666666667,87.7,,3.1666666666666665,,6.633333333333334,,4.1,6.566666666666666,7.133333333333334,3.7666666666666666,42.1,,
62,18990302.0,635.0,625.0,624.0,221.0,,221.0,241.0,,241.0,229.0,,229.0,291.0,202.0,187.0,213.0,193.0,95.0,96.0,93.0,N,5.0,E,3.0,N,1.0,10.0,10.0,10.0,27.0,,
63,18990303.0,631.0,615.0,616.0,241.0,,241.0,294.0,,294.0,250.0,,250.0,294.0,213.0,195.0,183.0,202.0,88.0,60.0,86.0,SE,2.0,ENE,6.0,NE,6.0,8.0,8.0,3.0,53.0,,
64,18990304.0,626.0,614.0,616.0,234.0,,234.0,290.0,,290.0,246.0,,246.0,294.0,189.0,199.0,195.0,197.0,93.0,65.0,86.0,NE,2.0,ENE,7.0,NE,5.0,4.0,6.0,3.0,,,
65,18990305.0,620.0,615.0,613.0,251.0,,251.0,283.0,,283.0,250.0,,250.0,296.0,198.0,192.0,186.0,200.0,81.0,65.0,85.0,NE,4.0,N,6.0,NNE,3.0,6.0,8.0,5.0,,,
66,18990306.0,619.0,621.0,612.0,256.0,,256.0,302.0,,302.0,251.0,,251.0,302.0,224.0,200.0,180.0,200.0,82.0,56.0,84.0,NE,5.0,NE,6.0,NNE,5.0,7.0,8.0,3.0,7.0,,
67,18990307.0,630.0,624.0,618.0,265.0,,265.0,278.0,,278.0,258.0,,258.0,302.0,214.0,191.0,193.0,201.0,74.0,70.0,82.0,NE,6.0,NNE,7.0,NE,7.0,6.0,9.0,10.0,,,
68,18990308.0,633.0,618.0,618.0,251.0,,251.0,287.0,,287.0,253.0,,253.0,291.0,232.0,202.0,197.0,204.0,85.0,67.0,85.0,N,5.0,NE,7.0,NNE,6.0,9.0,9.0,10.0,37.0,,
69,18990309.0,630.0,614.0,614.0,257.0,,257.0,283.0,,283.0,251.0,,251.0,288.0,240.0,205.0,199.0,205.0,83.0,70.0,87.0,NE,5.0,NE,7.0,E,6.0,10.0,9.0,4.0,5.0,,
70,18990310.0,618.0,607.0,605.0,259.0,,259.0,280.0,,280.0,257.0,,257.0,283.0,239.0,193.0,199.0,204.0,78.0,71.0,83.0,N,7.0,NE,7.0,NE,7.0,9.0,9.0,5.0,,,
71,18990311.0,618.0,608.0,606.0,257.0,,257.0,249.0,,249.0,252.0,,252.0,282.0,246.0,202.0,212.0,207.0,82.0,91.0,87.0,NE,6.0,NE,3.0,ENE,6.0,10.0,10.0,9.0,1.0,,
72,18990312.0,624.0,618.0,618.0,255.0,,255.0,295.0,,295.0,247.0,,247.0,295.0,238.0,199.0,186.0,199.0,82.0,61.0,86.0,ENE,6.0,E,7.0,N,5.0,8.0,7.0,0.0,29.0,,
73,18990313.0,633.0,620.0,623.0,259.0,,259.0,290.0,,290.0,246.0,,246.0,300.0,206.0,193.0,181.0,194.0,78.0,61.0,84.0,NE,6.0,ENE,7.0,NE,5.0,6.0,7.0,0.0,,,
74,18990314.0,631.0,619.0,617.0,259.0,,259.0,282.0,,282.0,233.0,,233.0,290.0,208.0,185.0,186.0,198.0,75.0,66.0,93.0,NE,6.0,E,7.0,NE,3.0,6.0,8.0,9.0,,,
75,18990315.0,622.0,609.0,611.0,251.0,,251.0,301.0,,301.0,246.0,,246.0,303.0,212.0,198.0,184.0,195.0,84.0,58.0,85.0,E,5.0,NE,6.0,ENE,4.0,6.0,6.0,0.0,42.0,,
76,18990316.0,624.0,616.0,616.0,246.0,,246.0,292.0,,292.0,248.0,,248.0,301.0,209.0,195.0,186.0,192.0,85.0,62.0,83.0,ESE,3.0,NW,6.0,SE,2.0,9.0,6.0,0.0,,,
77,18990317.0,633.0,618.0,613.0,257.0,,257.0,301.0,,301.0,254.0,,254.0,302.0,190.0,189.0,194.0,194.0,77.0,61.0,80.0,ENE,5.0,N,7.0,NE,4.0,6.0,7.0,1.0,,,
78,18990318.0,636.0,625.0,622.0,266.0,,266.0,277.0,,277.0,259.0,,259.0,301.0,219.0,198.0,193.0,199.0,77.0,70.0,80.0,NNE,6.0,N,6.0,ENE,7.0,7.0,10.0,9.0,,,
79,18990319.0,631.0,617.0,615.0,261.0,,261.0,296.0,,296.0,254.0,,254.0,297.0,235.0,195.0,187.0,198.0,78.0,61.0,82.0,NE,6.0,NE,7.0,NE,6.0,8.0,9.0,8.0,16.0,,
80,18990320.0,622.0,605.0,607.0,262.0,,262.0,280.0,,280.0,255.0,,255.0,296.0,242.0,197.0,189.0,199.0,78.0,67.0,82.0,NE,5.0,N,6.0,N,5.0,9.0,9.0,8.0,,,
81,18990321.0,618.0,601.0,605.0,248.0,,248.0,291.0,,291.0,256.0,,256.0,301.0,227.0,202.0,185.0,202.0,87.0,62.0,83.0,NE,4.0,NE,6.0,NNE,5.0,9.0,8.0,3.0,34.0,,
82,18990322.0,618.0,608.0,605.0,265.0,,265.0,295.0,,295.0,258.0,,258.0,296.0,215.0,197.0,186.0,207.0,77.0,61.0,84.0,ENE,6.0,NE,7.0,NE,4.0,8.0,8.0,2.0,,,
83,18990323.0,620.0,605.0,602.0,234.0,,234.0,296.0,,296.0,247.0,,247.0,300.0,193.0,207.0,189.0,200.0,97.0,61.0,87.0,ENE,1.0,NNE,7.0,N,5.0,8.0,7.0,3.0,,,
84,18990324.0,615.0,596.0,599.0,257.0,,257.0,285.0,,285.0,258.0,,258.0,296.0,216.0,200.0,194.0,203.0,82.0,67.0,82.0,NE,5.0,NNW,6.0,E,6.0,9.0,9.0,9.0,,,
85,18990325.0,615.0,611.0,609.0,227.0,,227.0,231.0,,231.0,222.0,,222.0,285.0,213.0,196.0,201.0,193.0,96.0,96.0,97.0,,0.0,NE,2.0,SE,3.0,10.0,10.0,10.0,111.0,,
86,18990326.0,618.0,614.0,617.0,225.0,,225.0,229.0,,229.0,234.0,,234.0,253.0,217.0,199.0,202.0,205.0,98.0,97.0,96.0,SW,2.0,,0.0,S,2.0,10.0,10.0,10.0,874.0,,
87,18990327.0,638.0,622.0,625.0,231.0,,231.0,237.0,,237.0,238.0,,238.0,271.0,219.0,203.0,210.0,213.0,96.0,96.0,97.0,SE,2.0,SE,5.0,,0.0,10.0,10.0,10.0,317.0,,
88,18990328.0,625.0,617.0,614.0,253.0,,253.0,290.0,,290.0,255.0,,255.0,292.0,208.0,204.0,197.0,205.0,85.0,66.0,85.0,E,5.0,N,6.0,E,4.0,8.0,7.0,4.0,229.0,,
89,18990329.0,617.0,602.0,600.0,263.0,,263.0,298.0,,298.0,253.0,,253.0,299.0,228.0,200.0,198.0,204.0,79.0,63.0,85.0,NE,5.0,NE,6.0,NE,4.0,7.0,6.0,0.0,,,
90,18990330.0,622.0,610.0,611.0,268.0,,268.0,293.0,,293.0,252.0,,252.0,298.0,209.0,201.0,187.0,205.0,77.0,62.0,86.0,NE,6.0,NE,7.0,NW,4.0,7.0,7.0,2.0,,,
91,18990331.0,622.0,613.0,614.0,259.0,,259.0,288.0,,288.0,237.0,,237.0,293.0,198.0,191.0,187.0,203.0,77.0,63.0,93.0,E,5.0,NE,7.0,E,2.0,4.0,7.0,0.0,,,
92,,762.48,761.3566666666667,761.2833333333333,25.12666666666667,,25.12666666666667,,,28.113333333333333,,,24.830000000000002,29.306666666666665,21.663333333333334,19.716666666666665,19.263333333333332,20.07,83.53333333333333,69.06666666666666,86.26666666666667,,4.533333333333333,,5.9,,4.4,7.8,8.133333333333333,5.0,178.2,,
93,18990401.0,619.0,610.0,611.0,255.0,,255.0,291.0,,291.0,248.0,,248.0,291.0,208.0,195.0,188.0,203.0,81.0,63.0,87.0,N,5.0,NE,6.0,NE,3.0,6.0,7.0,3.0,,,
94,18990402.0,625.0,610.0,613.0,245.0,,245.0,299.0,,299.0,252.0,,252.0,308.0,190.0,190.0,195.0,205.0,83.0,62.0,86.0,SE,4.0,NE,6.0,NE,3.0,0.0,7.0,0.0,,,
95,18990403.0,624.0,618.0,609.0,252.0,,252.0,299.0,,299.0,252.0,,252.0,307.0,194.0,193.0,197.0,201.0,81.0,63.0,84.0,NE,3.0,N,6.0,N,5.0,0.0,8.0,0.0,6.0,,
96,18990404.0,626.0,603.0,608.0,267.0,,267.0,294.0,,294.0,253.0,,253.0,299.0,230.0,199.0,196.0,206.0,77.0,64.0,86.0,NE,5.0,N,7.0,NE,5.0,8.0,9.0,8.0,14.0,,
97,18990405.0,622.0,610.0,610.0,256.0,,256.0,296.0,,296.0,251.0,,251.0,299.0,202.0,204.0,181.0,204.0,84.0,59.0,86.0,ENE,4.0,NE,6.0,NE,3.0,8.0,6.0,0.0,,,
98,18990406.0,620.0,603.0,605.0,224.0,,224.0,295.0,,295.0,247.0,,247.0,303.0,188.0,194.0,178.0,204.0,96.0,58.0,88.0,N,3.0,NE,4.0,N,2.0,9.0,7.0,0.0,,,
99,18990407.0,629.0,615.0,615.0,250.0,,250.0,296.0,,296.0,245.0,,245.0,302.0,191.0,193.0,189.0,203.0,82.0,61.0,89.0,NE,3.0,NE,4.0,NE,5.0,8.0,7.0,0.0,,,
100,18990408.0,632.0,615.0,612.0,250.0,,250.0,301.0,,301.0,251.0,,251.0,302.0,190.0,200.0,194.0,202.0,85.0,61.0,85.0,NNE,3.0,NE,6.0,NE,4.0,6.0,3.0,0.0,,,
101,18990409.0,624.0,613.0,613.0,258.0,,258.0,292.0,,292.0,252.0,,252.0,301.0,201.0,201.0,198.0,203.0,82.0,65.0,85.0,ENE,4.0,N,6.0,NE,3.0,6.0,7.0,0.0,85.0,,
102,18990410.0,627.0,615.0,617.0,254.0,,254.0,296.0,,296.0,249.0,,249.0,296.0,227.0,202.0,191.0,209.0,84.0,62.0,89.0,SE,3.0,N,6.0,NW,2.0,9.0,8.0,2.0,,,
103,18990411.0,632.0,618.0,619.0,259.0,,259.0,296.0,,296.0,257.0,,257.0,299.0,200.0,193.0,191.0,192.0,78.0,62.0,79.0,SE,4.0,NE,6.0,ENE,4.0,5.0,7.0,10.0,,,
104,18990412.0,623.0,613.0,614.0,260.0,,260.0,293.0,,293.0,253.0,,253.0,298.0,198.0,202.0,201.0,204.0,81.0,66.0,85.0,SE,4.0,NE,6.0,ENE,4.0,5.0,7.0,2.0,,,
105,18990413.0,624.0,612.0,615.0,262.0,,262.0,294.0,,294.0,250.0,,250.0,295.0,202.0,193.0,183.0,206.0,77.0,60.0,87.0,ENE,5.0,ENE,6.0,NE,3.0,7.0,5.0,0.0,,,
106,18990414.0,630.0,615.0,615.0,252.0,,252.0,281.0,,281.0,253.0,,253.0,294.0,201.0,207.0,204.0,206.0,87.0,72.0,86.0,ENE,3.0,N,6.0,N,4.0,9.0,8.0,5.0,25.0,,
107,18990415.0,624.0,614.0,618.0,266.0,,266.0,291.0,,291.0,255.0,,255.0,297.0,237.0,210.0,202.0,205.0,81.0,67.0,85.0,N,3.0,NE,6.0,ENE,4.0,4.0,6.0,9.0,,,
108,18990416.0,630.0,613.0,616.0,269.0,,269.0,296.0,,296.0,258.0,,258.0,299.0,234.0,198.0,199.0,201.0,76.0,64.0,82.0,NE,5.0,NE,6.0,ENE,4.0,7.0,9.0,3.0,,,
109,18990417.0,634.0,621.0,620.0,263.0,,263.0,298.0,,298.0,259.0,,259.0,299.0,219.0,198.0,200.0,199.0,78.0,64.0,80.0,NE,4.0,NNE,7.0,NE,3.0,7.0,8.0,5.0,,,
110,18990418.0,634.0,618.0,618.0,272.0,,272.0,296.0,,296.0,257.0,,257.0,298.0,218.0,200.0,197.0,204.0,74.0,64.0,83.0,NNE,4.0,NE,7.0,NE,6.0,7.0,6.0,9.0,108.0,,
111,18990419.0,624.0,615.0,610.0,250.0,,250.0,279.0,,279.0,255.0,,255.0,302.0,181.0,208.0,206.0,199.0,88.0,73.0,82.0,SSE,3.0,NE,7.0,NE,6.0,9.0,9.0,0.0,27.0,,
112,18990420.0,629.0,615.0,613.0,250.0,,250.0,290.0,,290.0,253.0,,253.0,292.0,211.0,206.0,185.0,202.0,87.0,62.0,84.0,SE,2.0,NE,3.0,ENE,4.0,5.0,8.0,0.0,63.0,,
113,18990421.0,628.0,613.0,617.0,259.0,,259.0,301.0,,301.0,256.0,,256.0,304.0,204.0,197.0,196.0,202.0,79.0,62.0,83.0,SE,4.0,NE,6.0,ENE,4.0,2.0,6.0,0.0,,,
114,18990422.0,630.0,611.0,610.0,247.0,,247.0,303.0,,303.0,251.0,,251.0,308.0,186.0,191.0,199.0,207.0,83.0,62.0,87.0,SE,4.0,SE,5.0,ENE,4.0,1.0,7.0,0.0,,,
115,18990423.0,621.0,608.0,611.0,240.0,,240.0,296.0,,296.0,255.0,,255.0,303.0,186.0,193.0,201.0,205.0,87.0,65.0,85.0,SE,2.0,N,4.0,NE,2.0,2.0,8.0,0.0,16.0,,
116,18990424.0,631.0,615.0,617.0,226.0,,226.0,291.0,,291.0,256.0,,256.0,304.0,188.0,193.0,202.0,206.0,95.0,67.0,85.0,NE,3.0,NE,5.0,ENE,4.0,10.0,7.0,1.0,7.0,,
117,18990425.0,636.0,620.0,624.0,270.0,,270.0,299.0,,299.0,255.0,,255.0,302.0,188.0,198.0,203.0,205.0,75.0,65.0,85.0,NE,5.0,NE,6.0,SE,3.0,8.0,7.0,0.0,3.0,,
118,18990426.0,637.0,621.0,624.0,260.0,,260.0,299.0,,299.0,256.0,,256.0,303.0,210.0,209.0,215.0,206.0,84.0,68.0,85.0,S,1.0,N,7.0,ENE,2.0,3.0,7.0,0.0,3.0,,
119,18990427.0,636.0,619.0,620.0,248.0,,248.0,298.0,,298.0,256.0,,256.0,302.0,209.0,198.0,208.0,204.0,85.0,66.0,84.0,E,3.0,ENE,6.0,E,2.0,9.0,8.0,0.0,6.0,,
120,18990428.0,635.0,614.0,617.0,232.0,,232.0,281.0,,281.0,255.0,,255.0,298.0,197.0,198.0,191.0,205.0,94.0,68.0,85.0,NE,3.0,NE,5.0,ENE,3.0,10.0,8.0,0.0,,,
121,18990429.0,633.0,617.0,616.0,259.0,,259.0,304.0,,304.0,256.0,,256.0,304.0,206.0,206.0,214.0,206.0,83.0,66.0,85.0,E,3.0,NE,6.0,NE,4.0,8.0,6.0,0.0,,,
122,18990430.0,633.0,616.0,614.0,256.0,,256.0,296.0,,296.0,257.0,,257.0,304.0,196.0,199.0,205.0,202.0,82.0,66.0,82.0,NE,2.0,NE,6.0,ENE,2.0,9.0,8.0,0.0,,,
123,,762.84,761.4,761.47,25.369999999999997,,25.369999999999997,,,29.47,,,25.343333333333334,30.043333333333333,20.306666666666665,19.893333333333334,19.696666666666665,20.35333333333333,82.96666666666667,64.23333333333333,84.8,,3.466666666666667,,5.766666666666667,,3.566666666666667,6.233333333333333,7.133333333333334,1.9,36.3,,
124,18990501.0,626.0,609.0,612.0,271.0,,271.0,302.0,,302.0,258.0,,258.0,302.0,203.0,203.0,213.0,205.0,76.0,67.0,83.0,ENE,4.0,NE,5.0,ENE,2.0,5.0,6.0,1.0,,,
125,18990502.0,621.0,607.0,611.0,261.0,,261.0,303.0,,303.0,266.0,,266.0,303.0,203.0,209.0,199.0,206.0,80.0,62.0,80.0,NE,2.0,NE,7.0,ENE,6.0,8.0,7.0,9.0,,,
126,18990503.0,617.0,611.0,611.0,258.0,,258.0,237.0,,237.0,236.0,,236.0,303.0,229.0,213.0,210.0,205.0,86.0,96.0,95.0,NE,5.0,SW,2.0,,0.0,7.0,10.0,10.0,345.0,,
127,18990504.0,628.0,611.0,618.0,269.0,,269.0,301.0,,301.0,255.0,,255.0,306.0,230.0,208.0,198.0,201.0,79.0,62.0,83.0,SE,4.0,NE,6.0,NE,5.0,6.0,7.0,0.0,,,
128,18990505.0,635.0,621.0,624.0,258.0,,258.0,301.0,,301.0,255.0,,255.0,301.0,194.0,197.0,208.0,203.0,80.0,65.0,84.0,SE,5.0,NE,5.0,ENE,4.0,2.0,7.0,0.0,,,
129,18990506.0,640.0,619.0,616.0,268.0,,268.0,292.0,,292.0,256.0,,256.0,301.0,198.0,206.0,209.0,204.0,79.0,69.0,84.0,NE,3.0,NE,6.0,ENE,2.0,8.0,8.0,0.0,60.0,,
130,18990507.0,622.0,612.0,617.0,240.0,,240.0,268.0,,268.0,243.0,,243.0,301.0,223.0,201.0,197.0,210.0,91.0,75.0,93.0,E,1.0,NE,1.0,,0.0,10.0,9.0,2.0,106.0,,
131,18990508.0,633.0,621.0,621.0,260.0,,260.0,299.0,,299.0,263.0,,263.0,300.0,222.0,213.0,207.0,214.0,85.0,66.0,84.0,ENE,1.0,ENE,6.0,ENE,2.0,9.0,7.0,9.0,39.0,,
132,18990509.0,633.0,624.0,627.0,270.0,,270.0,296.0,,296.0,253.0,,253.0,300.0,230.0,207.0,207.0,210.0,78.0,67.0,88.0,NE,5.0,NE,7.0,ENE,3.0,8.0,8.0,2.0,1.0,,
133,18990510.0,641.0,626.0,624.0,252.0,,252.0,301.0,,301.0,256.0,,256.0,305.0,203.0,201.0,210.0,208.0,84.0,66.0,85.0,SE,3.0,NE,6.0,SE,2.0,7.0,6.0,0.0,,,
134,18990511.0,637.0,623.0,622.0,256.0,,256.0,300.0,,300.0,252.0,,252.0,305.0,199.0,206.0,209.0,216.0,85.0,66.0,91.0,SE,3.0,ENE,2.0,NE,4.0,2.0,6.0,0.0,,,
135,18990512.0,635.0,619.0,618.0,254.0,,254.0,298.0,,298.0,255.0,,255.0,306.0,182.0,196.0,206.0,207.0,82.0,66.0,85.0,SE,4.0,ENE,6.0,SE,3.0,6.0,7.0,0.0,,,
136,18990513.0,631.0,616.0,618.0,258.0,,258.0,274.0,,274.0,260.0,,260.0,298.0,204.0,209.0,205.0,209.0,85.0,75.0,84.0,SE,2.0,ENE,3.0,NE,3.0,4.0,8.0,9.0,121.0,,
137,18990514.0,634.0,618.0,614.0,241.0,,241.0,282.0,,282.0,260.0,,260.0,286.0,189.0,202.0,206.0,198.0,90.0,72.0,79.0,SE,3.0,ENE,5.0,NE,4.0,9.0,9.0,10.0,62.0,,
138,18990515.0,630.0,613.0,618.0,263.0,,263.0,296.0,,296.0,252.0,,252.0,298.0,210.0,210.0,209.0,211.0,82.0,67.0,88.0,SE,4.0,NE,7.0,NE,3.0,4.0,7.0,0.0,,,
139,18990516.0,633.0,624.0,623.0,265.0,,265.0,288.0,,288.0,262.0,,262.0,296.0,205.0,206.0,210.0,204.0,80.0,71.0,81.0,NE,5.0,NNE,6.0,NW,1.0,5.0,8.0,9.0,55.0,,
140,18990517.0,636.0,619.0,628.0,270.0,,270.0,298.0,,298.0,262.0,,262.0,302.0,229.0,211.0,208.0,206.0,80.0,66.0,82.0,NE,6.0,NE,7.0,NE,2.0,7.0,6.0,9.0,48.0,,
141,18990518.0,640.0,617.0,622.0,240.0,,240.0,278.0,,278.0,255.0,,255.0,298.0,232.0,199.0,196.0,205.0,90.0,71.0,85.0,SE,1.0,ENE,4.0,SE,2.0,10.0,9.0,9.0,82.0,,
142,18990519.0,625.0,612.0,623.0,259.0,,259.0,292.0,,292.0,263.0,,263.0,295.0,237.0,220.0,209.0,219.0,89.0,69.0,86.0,SE,3.0,ENE,6.0,NE,3.0,9.0,8.0,10.0,66.0,,
143,18990520.0,640.0,620.0,622.0,259.0,,259.0,275.0,,275.0,260.0,,260.0,292.0,237.0,218.0,212.0,225.0,88.0,78.0,90.0,ENE,5.0,ENE,4.0,NE,3.0,9.0,9.0,8.0,52.0,,
144,18990521.0,641.0,624.0,622.0,267.0,,267.0,301.0,,301.0,258.0,,258.0,304.0,228.0,215.0,212.0,209.0,83.0,66.0,85.0,E,2.0,N,5.0,NNE,4.0,8.0,7.0,0.0,,,
145,18990522.0,637.0,626.0,620.0,269.0,,269.0,301.0,,301.0,261.0,,261.0,304.0,219.0,216.0,216.0,227.0,82.0,68.0,90.0,ENE,4.0,NNE,6.0,NE,3.0,8.0,7.0,8.0,,,
146,18990523.0,637.0,624.0,619.0,271.0,,271.0,300.0,,300.0,255.0,,255.0,301.0,219.0,213.0,215.0,211.0,80.0,68.0,87.0,NNE,5.0,N,7.0,NE,4.0,6.0,7.0,0.0,,,
147,18990524.0,632.0,619.0,618.0,267.0,,267.0,287.0,,287.0,260.0,,260.0,300.0,217.0,211.0,219.0,211.0,81.0,75.0,85.0,N,5.0,NE,5.0,NE,4.0,9.0,9.0,9.0,41.0,,
148,18990525.0,626.0,620.0,613.0,265.0,,265.0,295.0,,295.0,267.0,,267.0,297.0,237.0,220.0,220.0,213.0,85.0,71.0,82.0,ENE,4.0,NE,7.0,N,4.0,9.0,8.0,10.0,57.0,,
149,18990526.0,639.0,620.0,618.0,243.0,,243.0,287.0,,287.0,254.0,,254.0,295.0,231.0,205.0,213.0,204.0,91.0,72.0,85.0,E,2.0,WNW,6.0,NE,3.0,9.0,9.0,9.0,10.0,,
150,18990527.0,633.0,620.0,621.0,271.0,,271.0,301.0,,301.0,253.0,,253.0,305.0,211.0,203.0,206.0,206.0,76.0,65.0,86.0,ENE,5.0,ENE,6.0,NW,2.0,7.0,6.0,0.0,,,
151,18990528.0,636.0,625.0,629.0,251.0,,251.0,303.0,,303.0,256.0,,256.0,304.0,196.0,204.0,213.0,210.0,86.0,66.0,86.0,SE,2.0,NE,7.0,N,3.0,4.0,6.0,0.0,,,
152,18990529.0,640.0,629.0,623.0,262.0,,262.0,276.0,,276.0,261.0,,261.0,303.0,189.0,214.0,230.0,213.0,85.0,84.0,85.0,S,2.0,SW,2.0,NE,6.0,6.0,9.0,9.0,45.0,,
153,18990530.0,631.0,613.0,616.0,265.0,,265.0,290.0,,290.0,257.0,,257.0,294.0,228.0,214.0,223.0,206.0,83.0,75.0,84.0,SE,4.0,N,6.0,ENE,4.0,8.0,7.0,9.0,13.0,,
154,18990531.0,625.0,616.0,618.0,263.0,,263.0,285.0,,285.0,259.0,,259.0,291.0,205.0,212.0,210.0,214.0,83.0,72.0,86.0,SE,4.0,N,5.0,ENE,3.0,5.0,9.0,9.0,5.0,,
155,,763.2709677419355,761.8645161290323,761.9548387096775,26.019354838709678,,26.019354838709678,,,29.05483870967742,,,25.68709677419355,29.98709677419355,21.416129032258063,20.84516129032258,20.983870967741936,20.93548387096774,83.35483870967742,70.25806451612904,85.51612903225806,,3.4838709677419355,,5.258064516129032,,3.032258064516129,6.903225806451613,7.612903225806452,5.161290322580645,120.8,,
156,18990601.0,632.0,615.0,619.0,255.0,,255.0,275.0,,275.0,263.0,,263.0,304.0,237.0,203.0,218.0,215.0,84.0,80.0,85.0,E,6.0,N,2.0,NE,5.0,9.0,7.0,4.0,5.0,,
157,18990602.0,640.0,620.0,622.0,263.0,,263.0,297.0,,297.0,241.0,,241.0,301.0,233.0,200.0,210.0,217.0,79.0,67.0,97.0,E,3.0,ENE,6.0,NE,1.0,9.0,7.0,0.0,50.0,,
158,18990603.0,626.0,602.0,606.0,241.0,,241.0,293.0,,293.0,249.0,,249.0,297.0,230.0,212.0,211.0,214.0,95.0,69.0,92.0,,0.0,ENE,5.0,ENE,2.0,10.0,9.0,10.0,300.0,,
159,18990604.0,610.0,601.0,604.0,247.0,,247.0,294.0,,294.0,252.0,,252.0,303.0,231.0,214.0,204.0,224.0,92.0,67.0,94.0,E,2.0,ENE,5.0,NE,4.0,9.0,9.0,9.0,10.0,,
160,18990605.0,625.0,605.0,604.0,243.0,,243.0,283.0,,283.0,257.0,,257.0,305.0,229.0,209.0,213.0,215.0,92.0,75.0,88.0,SE,3.0,NE,5.0,NE,5.0,9.0,7.0,9.0,113.0,,
161,18990606.0,624.0,618.0,623.0,267.0,,267.0,250.0,,250.0,239.0,,239.0,283.0,234.0,217.0,220.0,215.0,83.0,93.0,97.0,ENE,4.0,ENE,5.0,NE,3.0,8.0,10.0,10.0,19.0,,
162,18990607.0,627.0,614.0,611.0,253.0,,253.0,259.0,,259.0,250.0,,250.0,286.0,220.0,216.0,218.0,216.0,90.0,88.0,92.0,NE,2.0,NNE,5.0,NE,4.0,9.0,9.0,10.0,19.0,,
163,18990608.0,618.0,603.0,608.0,256.0,,256.0,265.0,,265.0,258.0,,258.0,299.0,224.0,218.0,218.0,221.0,90.0,85.0,90.0,SE,5.0,NW,4.0,E,2.0,8.0,9.0,9.0,120.0,,
164,18990609.0,625.0,616.0,617.0,247.0,,247.0,241.0,,241.0,234.0,,234.0,285.0,217.0,210.0,212.0,201.0,91.0,95.0,94.0,NE,3.0,ENE,4.0,SE,2.0,9.0,10.0,10.0,39.0,,
165,18990610.0,629.0,608.0,613.0,245.0,,245.0,304.0,,304.0,257.0,,257.0,307.0,223.0,209.0,218.0,217.0,92.0,67.0,89.0,S,4.0,N,6.0,SE,2.0,7.0,8.0,9.0,178.0,,
166,18990611.0,632.0,616.0,621.0,260.0,,260.0,299.0,,299.0,263.0,,263.0,304.0,230.0,223.0,217.0,214.0,90.0,69.0,84.0,E,2.0,ENE,5.0,NE,4.0,8.0,9.0,9.0,57.0,,
167,18990612.0,629.0,616.0,618.0,277.0,,277.0,297.0,,297.0,257.0,,257.0,299.0,236.0,213.0,219.0,215.0,77.0,70.0,88.0,NE,5.0,N,6.0,N,4.0,8.0,8.0,9.0,,,
168,18990613.0,634.0,630.0,618.0,237.0,,237.0,248.0,,248.0,251.0,,251.0,297.0,233.0,205.0,211.0,213.0,94.0,91.0,90.0,SE,3.0,NE,2.0,SE,2.0,9.0,10.0,10.0,270.0,,
169,18990614.0,626.0,611.0,620.0,243.0,,243.0,269.0,,269.0,243.0,,243.0,281.0,222.0,210.0,218.0,212.0,93.0,83.0,94.0,NE,3.0,ENE,5.0,NE,2.0,9.0,9.0,10.0,272.0,,
170,18990615.0,626.0,614.0,623.0,220.0,,220.0,252.0,,252.0,247.0,,247.0,269.0,219.0,189.0,224.0,212.0,96.0,94.0,92.0,SE,3.0,N,5.0,NW,2.0,10.0,9.0,10.0,300.0,,
171,18990616.0,635.0,623.0,627.0,244.0,,244.0,265.0,,265.0,247.0,,247.0,283.0,223.0,214.0,222.0,216.0,94.0,86.0,93.0,E,4.0,NE,5.0,SE,3.0,7.0,10.0,9.0,86.0,,
172,18990617.0,642.0,627.0,630.0,257.0,,257.0,292.0,,292.0,259.0,,259.0,307.0,226.0,211.0,216.0,222.0,86.0,71.0,90.0,E,5.0,ENE,5.0,SE,3.0,6.0,7.0,0.0,16.0,,
173,18990618.0,634.0,627.0,632.0,257.0,,257.0,288.0,,288.0,260.0,,260.0,297.0,220.0,221.0,210.0,225.0,90.0,71.0,90.0,E,2.0,N,4.0,NE,3.0,7.0,8.0,4.0,,,
174,18990619.0,641.0,626.0,631.0,272.0,,272.0,310.0,,310.0,256.0,,256.0,310.0,209.0,216.0,219.0,220.0,80.0,65.0,90.0,E,5.0,ENE,6.0,NE,3.0,3.0,6.0,0.0,30.0,,
175,18990620.0,643.0,628.0,630.0,262.0,,262.0,246.0,,246.0,255.0,,255.0,310.0,216.0,224.0,212.0,215.0,89.0,92.0,89.0,S,4.0,NE,5.0,E,2.0,3.0,7.0,0.0,40.0,,
176,18990621.0,645.0,629.0,632.0,260.0,,260.0,268.0,,268.0,239.0,,239.0,273.0,231.0,219.0,220.0,213.0,88.0,84.0,97.0,SE,4.0,NE,5.0,,0.0,8.0,9.0,2.0,168.0,,
177,18990622.0,641.0,624.0,630.0,238.0,,238.0,297.0,,297.0,241.0,,241.0,300.0,205.0,213.0,217.0,213.0,97.0,69.0,96.0,S,4.0,NW,6.0,,0.0,7.0,8.0,10.0,55.0,,
178,18990623.0,637.0,620.0,615.0,240.0,,240.0,300.0,,300.0,228.0,,228.0,300.0,220.0,216.0,217.0,201.0,97.0,68.0,97.0,SW,4.0,WNW,3.0,NE,3.0,8.0,9.0,10.0,209.0,,
179,18990624.0,633.0,626.0,619.0,249.0,,249.0,254.0,,254.0,260.0,,260.0,300.0,219.0,222.0,225.0,223.0,95.0,93.0,90.0,NE,5.0,NW,4.0,NE,2.0,2.0,10.0,0.0,161.0,,
180,18990625.0,632.0,622.0,621.0,258.0,,258.0,299.0,,299.0,252.0,,252.0,308.0,216.0,227.0,230.0,226.0,92.0,73.0,95.0,E,1.0,NE,4.0,NE,3.0,7.0,8.0,0.0,59.0,,
181,18990626.0,624.0,613.0,617.0,254.0,,254.0,311.0,,311.0,244.0,,244.0,314.0,204.0,227.0,225.0,215.0,94.0,67.0,95.0,ENE,5.0,NE,4.0,NE,2.0,0.0,7.0,10.0,,,
182,18990627.0,637.0,615.0,622.0,229.0,,229.0,279.0,,279.0,218.0,,218.0,312.0,227.0,200.0,216.0,185.0,96.0,77.0,96.0,SE,2.0,SW,3.0,NE,2.0,10.0,9.0,10.0,260.0,,
183,18990628.0,625.0,614.0,618.0,236.0,,236.0,283.0,,283.0,249.0,,249.0,285.0,216.0,203.0,215.0,220.0,94.0,75.0,94.0,E,2.0,NE,5.0,E,3.0,8.0,9.0,0.0,223.0,,
184,18990629.0,633.0,615.0,617.0,250.0,,250.0,295.0,,295.0,251.0,,251.0,298.0,228.0,228.0,219.0,231.0,97.0,71.0,97.0,NE,3.0,E,4.0,,0.0,3.0,8.0,10.0,14.0,,
185,18990630.0,623.0,618.0,610.0,245.0,,245.0,266.0,,266.0,257.0,,257.0,300.0,216.0,217.0,224.0,225.0,95.0,86.0,92.0,SE,3.0,E,2.0,SE,3.0,7.0,9.0,0.0,27.0,,
186,,763.0933333333334,761.72,761.9266666666666,25.016666666666666,,25.016666666666666,,,27.93,,,24.923333333333332,29.723333333333336,22.313333333333333,21.35333333333333,21.726666666666667,21.57,90.73333333333333,78.03333333333333,92.23333333333333,,3.3666666666666667,,4.5,,2.533333333333333,7.233333333333333,8.466666666666667,6.433333333333334,310.0,,
187,18990701.0,616.0,602.0,608.0,240.0,,240.0,284.0,,284.0,254.0,,254.0,289.0,206.0,214.0,219.0,227.0,97.0,76.0,94.0,S,2.0,N,6.0,,0.0,10.0,9.0,9.0,39.0,,
188,18990702.0,623.0,607.0,614.0,247.0,,247.0,291.0,,291.0,257.0,,257.0,300.0,218.0,217.0,224.0,227.0,94.0,75.0,93.0,E,1.0,E,6.0,NE,3.0,9.0,8.0,10.0,66.0,,
189,18990703.0,621.0,607.0,617.0,254.0,,254.0,301.0,,301.0,266.0,,266.0,310.0,220.0,227.0,229.0,222.0,94.0,72.0,85.0,SE,4.0,N,5.0,NE,4.0,2.0,8.0,10.0,91.0,,
190,18990704.0,624.0,604.0,609.0,252.0,,252.0,296.0,,296.0,258.0,,258.0,301.0,238.0,226.0,223.0,225.0,95.0,72.0,91.0,SE,6.0,SE,2.0,NW,6.0,9.0,9.0,10.0,54.0,,
191,18990705.0,622.0,606.0,614.0,250.0,,250.0,291.0,,291.0,260.0,,260.0,296.0,227.0,225.0,227.0,227.0,96.0,76.0,91.0,S,3.0,SE,2.0,NE,3.0,7.0,9.0,0.0,34.0,,
192,18990706.0,621.0,608.0,614.0,257.0,,257.0,293.0,,293.0,253.0,,253.0,300.0,240.0,229.0,229.0,228.0,93.0,76.0,95.0,E,5.0,NE,7.0,SE,3.0,8.0,9.0,0.0,,,
193,18990707.0,628.0,612.0,610.0,255.0,,255.0,258.0,,258.0,265.0,,265.0,297.0,231.0,228.0,229.0,236.0,94.0,93.0,92.0,E,4.0,NW,5.0,SE,2.0,6.0,8.0,9.0,1.0,,
194,18990708.0,629.0,609.0,618.0,252.0,,252.0,280.0,,280.0,251.0,,251.0,286.0,221.0,230.0,219.0,229.0,97.0,78.0,97.0,SE,4.0,SE,2.0,NW,3.0,7.0,9.0,9.0,98.0,,
195,18990709.0,621.0,604.0,609.0,261.0,,261.0,293.0,,293.0,263.0,,263.0,298.0,228.0,237.0,227.0,240.0,94.0,75.0,94.0,E,1.0,N,6.0,NW,4.0,7.0,8.0,0.0,21.0,,
196,18990710.0,618.0,601.0,608.0,255.0,,255.0,308.0,,308.0,263.0,,263.0,310.0,231.0,239.0,233.0,244.0,98.0,71.0,96.0,SE,6.0,E,7.0,NE,3.0,9.0,7.0,0.0,108.0,,
197,18990711.0,623.0,612.0,614.0,260.0,,260.0,290.0,,290.0,270.0,,270.0,314.0,235.0,242.0,242.0,242.0,97.0,81.0,91.0,SE,6.0,NE,7.0,NE,6.0,2.0,6.0,8.0,,,
198,18990712.0,631.0,621.0,618.0,253.0,,253.0,304.0,,304.0,267.0,,267.0,305.0,219.0,232.0,233.0,225.0,97.0,73.0,86.0,SE,7.0,NE,6.0,SE,3.0,2.0,8.0,0.0,,,
199,18990713.0,629.0,614.0,618.0,258.0,,258.0,310.0,,310.0,272.0,,272.0,314.0,237.0,221.0,225.0,222.0,90.0,68.0,83.0,SE,3.0,NE,4.0,SE,5.0,8.0,8.0,10.0,9.0,,
200,18990714.0,624.0,611.0,608.0,257.0,,257.0,304.0,,304.0,256.0,,256.0,310.0,233.0,215.0,225.0,234.0,88.0,70.0,96.0,NE,4.0,N,5.0,NE,4.0,8.0,9.0,0.0,,,
201,18990715.0,621.0,604.0,610.0,240.0,,240.0,245.0,,245.0,234.0,,234.0,304.0,228.0,208.0,217.0,205.0,94.0,95.0,96.0,NE,2.0,,0.0,SE,3.0,10.0,9.0,3.0,27.0,,
202,18990716.0,624.0,615.0,618.0,238.0,,238.0,305.0,,305.0,258.0,,258.0,306.0,208.0,212.0,224.0,237.0,97.0,69.0,96.0,S,3.0,NE,2.0,E,3.0,9.0,9.0,10.0,35.0,,
203,18990717.0,631.0,618.0,615.0,249.0,,249.0,270.0,,270.0,246.0,,246.0,305.0,233.0,218.0,235.0,214.0,93.0,89.0,93.0,SE,5.0,E,7.0,E,2.0,10.0,9.0,2.0,,,
204,18990718.0,621.0,605.0,608.0,235.0,,235.0,295.0,,295.0,249.0,,249.0,302.0,228.0,204.0,220.0,224.0,95.0,71.0,96.0,E,3.0,E,6.0,NW,2.0,10.0,7.0,7.0,14.0,,
205,18990719.0,624.0,604.0,607.0,246.0,,246.0,236.0,,236.0,237.0,,237.0,295.0,217.0,214.0,201.0,203.0,93.0,93.0,93.0,S,4.0,NE,3.0,SE,4.0,9.0,10.0,9.0,14.0,,
206,18990720.0,620.0,604.0,616.0,246.0,,246.0,302.0,,302.0,260.0,,260.0,316.0,224.0,214.0,218.0,242.0,93.0,68.0,97.0,SE,3.0,NE,7.0,N,2.0,9.0,8.0,7.0,361.0,,
207,18990721.0,620.0,608.0,609.0,238.0,,238.0,259.0,,259.0,241.0,,241.0,302.0,219.0,212.0,224.0,212.0,97.0,90.0,95.0,NE,4.0,SE,3.0,SE,2.0,10.0,10.0,9.0,124.0,,
208,18990722.0,617.0,607.0,622.0,229.0,,229.0,285.0,,285.0,246.0,,246.0,282.0,209.0,196.0,222.0,216.0,95.0,78.0,94.0,NE,3.0,SE,5.0,E,3.0,9.0,8.0,0.0,59.0,,
209,18990723.0,611.0,595.0,598.0,247.0,,247.0,286.0,,286.0,259.0,,259.0,305.0,209.0,214.0,223.0,226.0,92.0,77.0,91.0,E,1.0,NE,7.0,N,4.0,9.0,8.0,0.0,23.0,,
210,18990724.0,611.0,607.0,608.0,253.0,,253.0,285.0,,285.0,243.0,,243.0,308.0,219.0,226.0,226.0,210.0,94.0,78.0,93.0,SE,5.0,NW,6.0,SE,2.0,7.0,7.0,10.0,,,
211,18990725.0,620.0,605.0,609.0,246.0,,246.0,275.0,,275.0,269.0,,269.0,313.0,225.0,214.0,222.0,218.0,93.0,81.0,83.0,SE,6.0,N,5.0,NE,7.0,7.0,8.0,9.0,31.0,,
212,18990726.0,616.0,602.0,608.0,246.0,,246.0,294.0,,294.0,243.0,,243.0,298.0,228.0,212.0,227.0,213.0,92.0,74.0,93.0,S,2.0,NE,7.0,SE,3.0,9.0,8.0,9.0,68.0,,
213,18990727.0,621.0,604.0,613.0,253.0,,253.0,306.0,,306.0,267.0,,267.0,307.0,226.0,210.0,230.0,211.0,88.0,70.0,81.0,NE,4.0,E,5.0,E,5.0,6.0,8.0,4.0,132.0,,
214,18990728.0,624.0,615.0,618.0,248.0,,248.0,302.0,,302.0,256.0,,256.0,310.0,221.0,217.0,220.0,220.0,93.0,68.0,90.0,NE,3.0,E,7.0,E,3.0,2.0,6.0,8.0,70.0,,
215,18990729.0,623.0,606.0,612.0,264.0,,264.0,309.0,,309.0,263.0,,263.0,309.0,233.0,219.0,239.0,221.0,85.0,72.0,87.0,E,4.0,NE,4.0,E,2.0,8.0,8.0,6.0,,,
216,18990730.0,622.0,602.0,602.0,260.0,,260.0,309.0,,309.0,265.0,,265.0,312.0,227.0,211.0,230.0,216.0,85.0,69.0,84.0,SE,7.0,E,3.0,NW,5.0,7.0,4.0,0.0,1.0,,
217,18990731.0,623.0,604.0,609.0,258.0,,258.0,308.0,,308.0,265.0,,265.0,309.0,230.0,215.0,229.0,218.0,87.0,69.0,85.0,S,6.0,NE,7.0,NE,5.0,8.0,7.0,2.0,,,
218,,762.1903225806452,760.7193548387097,761.1645161290322,24.990322580645163,,24.990322580645163,,,28.948387096774194,,,25.664516129032258,30.364516129032257,22.47741935483871,21.929032258064517,22.55161290322581,22.36774193548387,93.2258064516129,76.35483870967742,91.3225806451613,,3.903225806451613,,4.967741935483871,,3.4193548387096775,7.516129032258065,8.03225806451613,5.483870967741935,148.0,,
219,18990801.0,627.0,615.0,617.0,259.0,,259.0,309.0,,309.0,262.0,,262.0,308.0,223.0,214.0,232.0,214.0,86.0,70.0,85.0,NE,7.0,E,6.0,E,4.0,5.0,8.0,0.0,,,
220,18990802.0,635.0,619.0,621.0,258.0,,258.0,311.0,,311.0,267.0,,267.0,315.0,226.0,221.0,235.0,223.0,90.0,70.0,85.0,E,7.0,NE,7.0,E,5.0,2.0,8.0,0.0,,,
221,18990803.0,634.0,613.0,618.0,253.0,,253.0,317.0,,317.0,259.0,,259.0,319.0,219.0,216.0,234.0,214.0,90.0,67.0,86.0,E,4.0,NE,6.0,E,2.0,3.0,7.0,2.0,,,
222,18990804.0,627.0,611.0,615.0,262.0,,262.0,302.0,,302.0,274.0,,274.0,319.0,226.0,226.0,226.0,229.0,90.0,70.0,84.0,E,3.0,NW,7.0,SE,2.0,6.0,8.0,2.0,,,
223,18990805.0,626.0,611.0,611.0,245.0,,245.0,307.0,,307.0,254.0,,254.0,305.0,220.0,215.0,231.0,213.0,94.0,70.0,89.0,S,2.0,NE,4.0,N,1.0,4.0,9.0,0.0,,,
224,18990806.0,621.0,602.0,612.0,259.0,,259.0,320.0,,320.0,276.0,,276.0,311.0,225.0,208.0,247.0,230.0,84.0,70.0,84.0,E,6.0,SE,6.0,E,3.0,7.0,8.0,0.0,,,
225,18990807.0,623.0,604.0,610.0,259.0,,259.0,327.0,,327.0,275.0,,275.0,326.0,239.0,206.0,247.0,218.0,83.0,68.0,80.0,SE,7.0,NE,6.0,N,4.0,6.0,8.0,0.0,,,
226,18990808.0,625.0,607.0,608.0,255.0,,255.0,321.0,,321.0,261.0,,261.0,329.0,230.0,199.0,244.0,225.0,82.0,69.0,90.0,E,5.0,SE,7.0,E,2.0,0.0,8.0,2.0,,,
227,18990809.0,623.0,615.0,609.0,264.0,,264.0,310.0,,310.0,276.0,,276.0,322.0,227.0,203.0,236.0,232.0,79.0,71.0,84.0,E,7.0,E,5.0,E,3.0,8.0,8.0,4.0,,,
228,18990810.0,634.0,620.0,620.0,252.0,,252.0,323.0,,323.0,270.0,,270.0,316.0,228.0,211.0,245.0,233.0,88.0,68.0,88.0,SE,5.0,NE,6.0,N,4.0,2.0,6.0,0.0,,,
229,18990811.0,628.0,616.0,615.0,268.0,,268.0,313.0,,313.0,261.0,,261.0,325.0,231.0,228.0,243.0,223.0,87.0,71.0,89.0,E,7.0,SE,2.0,E,7.0,7.0,8.0,9.0,23.0,,
230,18990812.0,617.0,605.0,603.0,260.0,,260.0,318.0,,318.0,267.0,,267.0,315.0,221.0,231.0,246.0,231.0,93.0,70.0,89.0,NE,4.0,S,6.0,NE,4.0,6.0,8.0,1.0,,,
231,18990813.0,620.0,607.0,612.0,257.0,,257.0,327.0,,327.0,273.0,,273.0,322.0,215.0,209.0,247.0,240.0,85.0,68.0,89.0,NE,5.0,NE,6.0,E,5.0,7.0,7.0,0.0,,,
232,18990814.0,631.0,619.0,622.0,264.0,,264.0,319.0,,319.0,269.0,,269.0,330.0,232.0,231.0,248.0,240.0,90.0,71.0,91.0,NE,5.0,E,7.0,NE,7.0,6.0,7.0,0.0,,,
233,18990815.0,633.0,616.0,618.0,261.0,,261.0,269.0,,269.0,250.0,,250.0,324.0,231.0,231.0,238.0,218.0,92.0,90.0,93.0,E,5.0,N,5.0,SE,2.0,4.0,8.0,3.0,86.0,,
234,18990816.0,622.0,607.0,611.0,253.0,,253.0,287.0,,287.0,261.0,,261.0,307.0,229.0,220.0,241.0,231.0,92.0,83.0,92.0,SE,6.0,SE,7.0,NE,4.0,9.0,9.0,9.0,70.0,,
235,18990817.0,624.0,607.0,608.0,256.0,,256.0,319.0,,319.0,262.0,,262.0,305.0,230.0,224.0,246.0,234.0,92.0,70.0,93.0,E,5.0,E,7.0,E,6.0,1.0,7.0,0.0,27.0,,
236,18990818.0,623.0,611.0,610.0,259.0,,259.0,249.0,,249.0,256.0,,256.0,321.0,220.0,231.0,216.0,224.0,94.0,93.0,92.0,SE,5.0,SW,4.0,E,1.0,3.0,9.0,0.0,59.0,,
237,18990819.0,619.0,599.0,598.0,247.0,,247.0,301.0,,301.0,253.0,,253.0,304.0,218.0,214.0,237.0,222.0,92.0,75.0,93.0,S,4.0,NE,7.0,SE,2.0,7.0,8.0,10.0,,,
238,18990820.0,613.0,594.0,599.0,257.0,,257.0,318.0,,318.0,270.0,,270.0,312.0,239.0,235.0,246.0,244.0,96.0,70.0,92.0,E,5.0,S,4.0,NE,4.0,4.0,7.0,0.0,,,
239,18990821.0,613.0,602.0,602.0,265.0,,265.0,307.0,,307.0,271.0,,271.0,320.0,232.0,236.0,233.0,239.0,92.0,71.0,90.0,E,5.0,NE,7.0,NE,7.0,3.0,9.0,9.0,,,
240,18990822.0,615.0,600.0,601.0,265.0,,265.0,283.0,,283.0,267.0,,267.0,321.0,240.0,232.0,238.0,233.0,90.0,83.0,90.0,S,7.0,NE,7.0,SE,3.0,8.0,9.0,9.0,87.0,,
241,18990823.0,616.0,597.0,615.0,255.0,,255.0,293.0,,293.0,260.0,,260.0,310.0,239.0,222.0,242.0,231.0,92.0,80.0,93.0,S,5.0,SE,6.0,NE,4.0,9.0,8.0,0.0,,,
242,18990824.0,607.0,596.0,603.0,263.0,,263.0,306.0,,306.0,256.0,,256.0,308.0,237.0,219.0,232.0,230.0,86.0,71.0,94.0,SE,6.0,S,6.0,E,4.0,5.0,10.0,10.0,15.0,,
243,18990825.0,606.0,592.0,597.0,246.0,,246.0,319.0,,319.0,270.0,,270.0,311.0,226.0,205.0,241.0,235.0,89.0,69.0,89.0,SE,5.0,NE,6.0,E,4.0,7.0,7.0,0.0,,,
244,18990826.0,611.0,597.0,602.0,262.0,,262.0,321.0,,321.0,276.0,,276.0,323.0,233.0,228.0,244.0,230.0,90.0,69.0,84.0,SE,5.0,SE,4.0,NE,6.0,7.0,7.0,8.0,,,
245,18990827.0,610.0,598.0,608.0,270.0,,270.0,325.0,,325.0,267.0,,267.0,327.0,221.0,225.0,244.0,227.0,85.0,67.0,87.0,NE,3.0,NE,6.0,NE,4.0,6.0,8.0,0.0,,,
246,18990828.0,616.0,598.0,604.0,266.0,,266.0,317.0,,317.0,256.0,,256.0,329.0,220.0,226.0,227.0,220.0,87.0,66.0,90.0,SE,6.0,S,5.0,,0.0,8.0,7.0,0.0,113.0,,
247,18990829.0,617.0,599.0,607.0,265.0,,265.0,301.0,,301.0,257.0,,257.0,322.0,241.0,224.0,231.0,209.0,87.0,73.0,85.0,E,4.0,NE,6.0,NE,2.0,5.0,8.0,0.0,111.0,,
248,18990830.0,622.0,603.0,609.0,254.0,,254.0,318.0,,318.0,265.0,,265.0,316.0,237.0,217.0,227.0,228.0,90.0,65.0,89.0,SE,6.0,S,5.0,ENE,5.0,6.0,7.0,0.0,,,
249,18990831.0,616.0,596.0,602.0,255.0,,255.0,309.0,,309.0,267.0,,267.0,322.0,210.0,222.0,230.0,229.0,92.0,69.0,88.0,SE,4.0,NE,6.0,SE,2.0,5.0,3.0,0.0,,,
250,,762.1096774193549,760.5677419354838,760.9258064516129,25.851612903225806,,25.851612903225806,,,30.85806451612903,,,26.47741935483871,31.754838709677422,22.79032258064516,22.029032258064515,23.78709677419355,22.738709677419354,89.0,72.16129032258064,88.61290322580645,,5.161290322580645,,5.774193548387097,,3.6451612903225805,5.354838709677419,7.709677419354839,2.5161290322580645,59.1,,
251,18990901.0,614.0,594.0,602.0,257.0,,257.0,313.0,,313.0,265.0,,265.0,318.0,327.0,217.0,225.0,232.0,89.0,66.0,90.0,S,5.0,ENE,5.0,NE,7.0,8.0,9.0,0.0,10.0,,
252,18990902.0,615.0,600.0,601.0,261.0,,261.0,310.0,,310.0,272.0,,272.0,323.0,347.0,213.0,225.0,232.0,85.0,68.0,87.0,SE,6.0,SW,5.0,E,6.0,7.0,8.0,2.0,,,
253,18990903.0,618.0,609.0,617.0,256.0,,256.0,322.0,,322.0,267.0,,267.0,311.0,235.0,216.0,235.0,231.0,89.0,66.0,89.0,S,5.0,ENE,5.0,NE,7.0,8.0,9.0,0.0,,,
254,18990904.0,637.0,623.0,631.0,251.0,,251.0,325.0,,325.0,257.0,,257.0,325.0,217.0,221.0,238.0,221.0,93.0,65.0,90.0,SE,6.0,SE,7.0,NE,5.0,1.0,7.0,0.0,,,
255,18990905.0,647.0,617.0,634.0,255.0,,255.0,323.0,,323.0,266.0,,266.0,326.0,208.0,217.0,234.0,228.0,90.0,65.0,88.0,SE,6.0,SE,4.0,N,3.0,1.0,8.0,0.0,,,
256,18990906.0,641.0,624.0,631.0,253.0,,253.0,337.0,,337.0,268.0,,268.0,330.0,226.0,218.0,243.0,249.0,91.0,63.0,95.0,ESE,4.0,E,5.0,ENE,2.0,5.0,7.0,2.0,,,
257,18990907.0,641.0,616.0,621.0,253.0,,253.0,330.0,,330.0,271.0,,271.0,340.0,229.0,220.0,243.0,245.0,92.0,65.0,92.0,SE,5.0,ENE,5.0,SE,3.0,1.0,6.0,0.0,,,
258,18990908.0,640.0,611.0,617.0,259.0,,259.0,326.0,,326.0,276.0,,276.0,335.0,230.0,222.0,243.0,251.0,90.0,67.0,91.0,S,6.0,NE,6.0,NE,5.0,3.0,7.0,0.0,,,
259,18990909.0,639.0,619.0,627.0,257.0,,257.0,325.0,,325.0,238.0,,238.0,334.0,228.0,217.0,242.0,208.0,89.0,67.0,95.0,S,5.0,ENE,6.0,NE,2.0,9.0,7.0,0.0,20.0,,
260,18990910.0,633.0,622.0,627.0,266.0,,266.0,320.0,,320.0,262.0,,262.0,326.0,229.0,218.0,238.0,212.0,84.0,67.0,84.0,E,2.0,E,4.0,ENE,4.0,8.0,8.0,2.0,,,
261,18990911.0,641.0,622.0,628.0,265.0,,265.0,318.0,,318.0,266.0,,266.0,321.0,245.0,226.0,237.0,232.0,88.0,68.0,89.0,S,6.0,NE,5.0,ENE,3.0,8.0,8.0,7.0,,,
262,18990912.0,643.0,620.0,622.0,257.0,,257.0,322.0,,322.0,274.0,,274.0,326.0,234.0,219.0,239.0,231.0,90.0,67.0,85.0,SE,6.0,NNE,6.0,N,5.0,6.0,7.0,0.0,,,
263,18990913.0,637.0,611.0,622.0,264.0,,264.0,322.0,,322.0,263.0,,263.0,323.0,235.0,229.0,244.0,227.0,89.0,68.0,89.0,SE,6.0,ENE,5.0,NE,5.0,1.0,7.0,0.0,,,
264,18990914.0,634.0,620.0,621.0,247.0,,247.0,266.0,,266.0,258.0,,258.0,322.0,220.0,217.0,238.0,232.0,94.0,92.0,94.0,S,4.0,SE,3.0,,0.0,9.0,8.0,9.0,87.0,,
265,18990915.0,631.0,609.0,615.0,253.0,,253.0,232.0,,232.0,268.0,,268.0,304.0,209.0,216.0,239.0,237.0,90.0,66.0,90.0,NE,3.0,W,5.0,ENE,4.0,8.0,7.0,9.0,,,
266,18990916.0,629.0,604.0,606.0,264.0,,264.0,324.0,,324.0,275.0,,275.0,329.0,233.0,229.0,240.0,245.0,89.0,66.0,90.0,SE,6.0,ENE,4.0,NE,6.0,7.0,8.0,2.0,35.0,,
267,18990917.0,628.0,611.0,617.0,254.0,,254.0,323.0,,323.0,259.0,,259.0,333.0,239.0,217.0,228.0,232.0,90.0,64.0,93.0,SE,5.0,NE,4.0,NE,5.0,8.0,7.0,9.0,,,
268,18990918.0,637.0,615.0,617.0,262.0,,262.0,334.0,,334.0,273.0,,273.0,327.0,232.0,232.0,236.0,244.0,92.0,62.0,90.0,E,6.0,SE,7.0,NE,3.0,7.0,7.0,0.0,,,
269,18990919.0,644.0,620.0,629.0,252.0,,252.0,332.0,,332.0,259.0,,259.0,334.0,237.0,220.0,240.0,232.0,93.0,64.0,93.0,SE,5.0,NE,6.0,NNE,5.0,8.0,7.0,2.0,,,
270,18990920.0,643.0,627.0,626.0,262.0,,262.0,311.0,,311.0,258.0,,258.0,334.0,214.0,228.0,242.0,223.0,90.0,72.0,90.0,NE,5.0,N,6.0,NE,3.0,3.0,7.0,2.0,,,
271,18990921.0,640.0,622.0,621.0,258.0,,258.0,319.0,,319.0,272.0,,272.0,324.0,230.0,223.0,244.0,232.0,90.0,70.0,87.0,SE,2.0,NE,7.0,NW,4.0,7.0,6.0,0.0,,,
272,18990922.0,634.0,618.0,617.0,269.0,,269.0,295.0,,295.0,267.0,,267.0,320.0,222.0,249.0,239.0,235.0,94.0,78.0,90.0,NE,4.0,NW,6.0,N,3.0,4.0,7.0,3.0,,,
273,18990923.0,629.0,610.0,616.0,261.0,,261.0,339.0,,339.0,277.0,,277.0,325.0,235.0,229.0,235.0,241.0,91.0,60.0,87.0,SE,6.0,E,6.0,ENE,7.0,2.0,7.0,3.0,,,
274,18990924.0,637.0,625.0,625.0,259.0,,259.0,272.0,,272.0,254.0,,254.0,340.0,238.0,230.0,240.0,225.0,93.0,90.0,93.0,SE,6.0,E,3.0,,0.0,4.0,10.0,8.0,53.0,,
275,18990925.0,637.0,624.0,622.0,259.0,,259.0,262.0,,262.0,266.0,,266.0,329.0,221.0,222.0,226.0,228.0,90.0,90.0,88.0,SE,4.0,E,5.0,S,5.0,6.0,9.0,3.0,10.0,,
276,18990926.0,631.0,611.0,614.0,257.0,,257.0,326.0,,326.0,266.0,,266.0,316.0,220.0,215.0,232.0,230.0,88.0,64.0,89.0,NE,5.0,E,6.0,SE,3.0,6.0,7.0,1.0,,,
277,18990927.0,625.0,604.0,606.0,264.0,,264.0,332.0,,332.0,273.0,,273.0,329.0,240.0,229.0,238.0,244.0,89.0,63.0,90.0,SE,7.0,SE,5.0,NE,6.0,4.0,7.0,3.0,,,
278,18990928.0,621.0,595.0,597.0,262.0,,262.0,333.0,,333.0,272.0,,272.0,333.0,222.0,232.0,239.0,242.0,92.0,63.0,90.0,SE,6.0,E,6.0,NE,6.0,7.0,6.0,0.0,,,
279,18990929.0,623.0,602.0,607.0,259.0,,259.0,329.0,,329.0,273.0,,273.0,344.0,232.0,230.0,235.0,244.0,93.0,63.0,90.0,SE,6.0,NE,6.0,NE,7.0,4.0,7.0,0.0,,,
280,18990930.0,624.0,600.0,607.0,263.0,,263.0,316.0,,316.0,267.0,,267.0,329.0,228.0,229.0,239.0,233.0,90.0,69.0,90.0,E,3.0,NE,6.0,NE,5.0,5.0,7.0,8.0,,,
281,,763.31,761.35,761.81,25.863333333333333,,25.863333333333333,,,31.46,,,26.606666666666666,32.7,23.54,22.333333333333336,23.72,23.326666666666668,90.23333333333333,68.6,89.93333333333334,,5.033333333333333,,5.3,,4.3,5.5,7.4,2.5,21.5,,
282,18991001.0,610.0,603.0,600.0,269.0,,269.0,315.0,,315.0,261.0,,261.0,330.0,220.0,249.0,244.0,225.0,94.0,71.0,90.0,SE,5.0,NE,4.0,SE,2.0,6.0,8.0,10.0,403.0,,
283,18991002.0,615.0,604.0,598.0,237.0,,237.0,298.0,,298.0,265.0,,265.0,318.0,225.0,192.0,237.0,228.0,88.0,76.0,89.0,,0.0,NE,6.0,NE,4.0,9.0,7.0,10.0,,,
284,18991003.0,617.0,601.0,606.0,266.0,,266.0,329.0,,329.0,269.0,,269.0,311.0,225.0,230.0,241.0,234.0,89.0,65.0,89.0,SE,6.0,E,6.0,E,5.0,4.0,7.0,0.0,,,
285,18991004.0,621.0,603.0,610.0,260.0,,260.0,324.0,,324.0,268.0,,268.0,330.0,237.0,229.0,234.0,249.0,92.0,65.0,95.0,E,7.0,SE,6.0,E,6.0,7.0,7.0,0.0,,,
286,18991005.0,623.0,600.0,613.0,259.0,,259.0,327.0,,327.0,264.0,,264.0,331.0,231.0,230.0,234.0,229.0,93.0,64.0,89.0,SE,7.0,S,6.0,NE,5.0,8.0,7.0,0.0,,,
287,18991006.0,621.0,597.0,595.0,250.0,,250.0,330.0,,330.0,272.0,,272.0,331.0,220.0,216.0,234.0,234.0,92.0,63.0,87.0,NE,3.0,S,6.0,SE,5.0,8.0,7.0,0.0,,,
288,18991007.0,621.0,594.0,593.0,259.0,,259.0,332.0,,332.0,275.0,,275.0,332.0,226.0,232.0,240.0,243.0,93.0,64.0,89.0,SE,7.0,S,6.0,NE,6.0,8.0,7.0,0.0,,,
289,18991008.0,619.0,612.0,623.0,246.0,,246.0,327.0,,327.0,267.0,,267.0,332.0,229.0,207.0,234.0,229.0,90.0,64.0,88.0,NE,7.0,NE,4.0,N,5.0,7.0,6.0,0.0,,,
290,18991009.0,629.0,607.0,613.0,266.0,,266.0,313.0,,313.0,270.0,,270.0,330.0,230.0,228.0,241.0,235.0,88.0,71.0,89.0,SE,6.0,NE,6.0,NW,4.0,5.0,9.0,0.0,,,
291,18991010.0,625.0,609.0,615.0,242.0,,242.0,310.0,,310.0,270.0,,270.0,318.0,204.0,207.0,238.0,244.0,92.0,71.0,92.0,NE,1.0,NW,6.0,NW,4.0,8.0,8.0,0.0,,,
292,18991011.0,622.0,610.0,610.0,266.0,,266.0,318.0,,318.0,269.0,,269.0,310.0,216.0,228.0,241.0,246.0,88.0,69.0,94.0,NE,4.0,N,6.0,N,5.0,8.0,7.0,0.0,,,
293,18991012.0,620.0,603.0,597.0,273.0,,273.0,303.0,,303.0,268.0,,268.0,322.0,221.0,234.0,234.0,245.0,87.0,73.0,93.0,NE,5.0,SE,6.0,NE,5.0,7.0,10.0,0.0,,,
294,18991013.0,616.0,592.0,595.0,258.0,,258.0,320.0,,320.0,271.0,,271.0,336.0,218.0,223.0,243.0,224.0,90.0,69.0,84.0,S,5.0,N,6.0,SE,3.0,8.0,6.0,0.0,,,
295,18991014.0,620.0,596.0,602.0,271.0,,271.0,324.0,,324.0,282.0,,282.0,330.0,235.0,245.0,243.0,249.0,92.0,67.0,88.0,SE,6.0,NE,7.0,NE,4.0,6.0,8.0,0.0,,,
296,18991015.0,617.0,610.0,602.0,263.0,,263.0,297.0,,297.0,263.0,,263.0,331.0,245.0,219.0,237.0,234.0,86.0,77.0,92.0,E,5.0,NE,4.0,N,3.0,8.0,7.0,8.0,,,
297,18991016.0,618.0,593.0,602.0,264.0,,264.0,315.0,,315.0,266.0,,266.0,329.0,237.0,211.0,237.0,218.0,82.0,69.0,84.0,NE,6.0,N,6.0,NE,5.0,2.0,8.0,10.0,1.0,,
298,18991017.0,624.0,595.0,602.0,266.0,,266.0,327.0,,327.0,270.0,,270.0,331.0,234.0,226.0,240.0,231.0,87.0,66.0,87.0,SE,6.0,S,6.0,NE,3.0,7.0,8.0,0.0,,,
299,18991018.0,617.0,602.0,615.0,263.0,,263.0,320.0,,320.0,274.0,,274.0,333.0,232.0,219.0,238.0,231.0,86.0,67.0,85.0,E,6.0,SE,3.0,N,1.0,7.0,7.0,8.0,,,
300,18991019.0,622.0,597.0,595.0,255.0,,255.0,335.0,,335.0,273.0,,273.0,326.0,239.0,218.0,240.0,229.0,90.0,64.0,85.0,SE,6.0,NE,6.0,N,5.0,8.0,6.0,2.0,,,
301,18991020.0,617.0,585.0,591.0,266.0,,266.0,311.0,,311.0,263.0,,263.0,339.0,230.0,226.0,242.0,217.0,87.0,72.0,85.0,SE,6.0,NW,7.0,NE,4.0,6.0,4.0,0.0,,,
302,18991021.0,614.0,589.0,603.0,254.0,,254.0,320.0,,320.0,275.0,,275.0,334.0,216.0,223.0,245.0,245.0,93.0,69.0,90.0,NE,5.0,SW,4.0,E,4.0,7.0,8.0,5.0,,,
303,18991022.0,615.0,597.0,606.0,262.0,,262.0,326.0,,326.0,264.0,,264.0,328.0,240.0,220.0,243.0,227.0,87.0,67.0,89.0,SE,6.0,NE,6.0,NE,5.0,6.0,7.0,0.0,,,
304,18991023.0,621.0,597.0,602.0,266.0,,266.0,334.0,,334.0,276.0,,276.0,331.0,234.0,228.0,238.0,242.0,88.0,63.0,88.0,NE,6.0,SE,6.0,E,5.0,4.0,6.0,0.0,,,
305,18991024.0,623.0,598.0,612.0,264.0,,264.0,330.0,,330.0,264.0,,264.0,337.0,231.0,227.0,239.0,235.0,89.0,64.0,92.0,SE,6.0,E,7.0,N,4.0,3.0,7.0,0.0,,,
306,18991025.0,621.0,597.0,610.0,263.0,,263.0,330.0,,330.0,268.0,,268.0,336.0,224.0,227.0,241.0,237.0,89.0,65.0,90.0,SE,5.0,N,6.0,NE,5.0,4.0,5.0,0.0,,,
307,18991026.0,619.0,601.0,615.0,268.0,,268.0,331.0,,331.0,262.0,,262.0,335.0,225.0,235.0,240.0,240.0,90.0,64.0,95.0,SE,6.0,E,7.0,NE,5.0,8.0,7.0,0.0,,,
308,18991027.0,625.0,602.0,610.0,269.0,,269.0,330.0,,330.0,274.0,,274.0,341.0,239.0,244.0,241.0,231.0,93.0,65.0,85.0,NE,5.0,N,6.0,NE,5.0,4.0,5.0,0.0,,,
309,18991028.0,629.0,608.0,610.0,275.0,,275.0,290.0,,290.0,266.0,,266.0,348.0,232.0,243.0,250.0,224.0,89.0,84.0,86.0,NE,5.0,NW,4.0,E,5.0,3.0,5.0,0.0,61.0,,
310,18991029.0,620.0,615.0,602.0,271.0,,271.0,282.0,,282.0,262.0,,262.0,322.0,221.0,243.0,240.0,220.0,91.0,85.0,87.0,SE,5.0,NE,5.0,NE,4.0,6.0,8.0,0.0,,,
311,18991030.0,617.0,594.0,622.0,258.0,,258.0,314.0,,314.0,271.0,,271.0,283.0,236.0,221.0,242.0,239.0,90.0,71.0,90.0,SE,5.0,NE,7.0,NE,4.0,6.0,7.0,3.0,,,
312,18991031.0,619.0,593.0,597.0,267.0,,267.0,336.0,,336.0,277.0,,277.0,340.0,234.0,225.0,244.0,227.0,86.0,64.0,82.0,SE,7.0,SW,4.0,NE,7.0,5.0,7.0,3.0,,,
313,,761.9903225806452,760.0129032258064,760.5354838709677,26.18064516129032,,26.18064516129032,,,31.929032258064517,,,26.9,32.85483870967742,22.858064516129033,22.596774193548388,23.983870967741936,23.358064516129033,89.38709677419355,68.64516129032258,88.64516129032258,,5.32258064516129,,5.645161290322581,,4.419354838709677,6.225806451612903,6.967741935483871,1.903225806451613,46.5,,
314,18991101.0,617.0,594.0,601.0,250.0,,250.0,336.0,,336.0,272.0,,272.0,339.0,241.0,216.0,242.0,222.0,92.0,63.0,83.0,SE,6.0,S,6.0,E,7.0,8.0,2.0,7.0,,,
315,18991102.0,621.0,599.0,611.0,257.0,,257.0,333.0,,333.0,273.0,,273.0,339.0,236.0,213.0,241.0,219.0,87.0,64.0,81.0,SE,6.0,NE,5.0,N,5.0,8.0,7.0,0.0,,,
316,18991103.0,623.0,607.0,613.0,266.0,,266.0,335.0,,335.0,274.0,,274.0,340.0,235.0,218.0,238.0,223.0,84.0,62.0,82.0,SE,6.0,NE,6.0,NE,4.0,0.0,4.0,0.0,,,
317,18991104.0,622.0,613.0,614.0,253.0,,253.0,324.0,,324.0,271.0,,271.0,336.0,231.0,216.0,234.0,224.0,90.0,65.0,84.0,NE,6.0,NE,6.0,N,4.0,3.0,8.0,7.0,,,
318,18991105.0,628.0,607.0,612.0,258.0,,258.0,322.0,,322.0,275.0,,275.0,341.0,240.0,221.0,237.0,226.0,90.0,66.0,83.0,SE,6.0,NE,7.0,NE,5.0,7.0,8.0,0.0,,,
319,18991106.0,621.0,601.0,613.0,255.0,,255.0,315.0,,315.0,275.0,,275.0,329.0,225.0,217.0,237.0,234.0,90.0,69.0,87.0,NE,4.0,E,6.0,NE,4.0,6.0,8.0,7.0,,,
320,18991107.0,621.0,609.0,611.0,263.0,,263.0,314.0,,314.0,257.0,,257.0,324.0,240.0,227.0,238.0,215.0,89.0,70.0,88.0,NE,4.0,NE,3.0,N,2.0,7.0,8.0,10.0,61.0,,
321,18991108.0,619.0,607.0,622.0,271.0,,271.0,329.0,,329.0,237.0,,237.0,326.0,225.0,233.0,235.0,195.0,87.0,63.0,90.0,NE,4.0,NE,5.0,E,1.0,6.0,8.0,10.0,173.0,,
322,18991109.0,622.0,602.0,605.0,266.0,,266.0,309.0,,309.0,269.0,,269.0,330.0,227.0,222.0,234.0,234.0,85.0,70.0,89.0,E,5.0,N,6.0,N,4.0,7.0,8.0,5.0,,,
323,18991110.0,614.0,587.0,593.0,274.0,,274.0,336.0,,336.0,278.0,,278.0,331.0,229.0,233.0,235.0,249.0,86.0,62.0,90.0,SE,5.0,E,6.0,E,7.0,6.0,7.0,3.0,,,
324,18991111.0,608.0,589.0,595.0,267.0,,267.0,313.0,,313.0,268.0,,268.0,336.0,221.0,225.0,241.0,232.0,86.0,71.0,89.0,E,5.0,NE,7.0,NE,6.0,6.0,7.0,2.0,,,
325,18991112.0,606.0,585.0,615.0,271.0,,271.0,313.0,,313.0,274.0,,274.0,320.0,223.0,233.0,230.0,233.0,87.0,68.0,86.0,E,6.0,NE,6.0,E,4.0,7.0,8.0,0.0,,,
326,18991113.0,613.0,589.0,602.0,263.0,,263.0,277.0,,277.0,243.0,,243.0,315.0,215.0,227.0,246.0,210.0,89.0,89.0,93.0,SE,6.0,N,2.0,NNE,3.0,6.0,7.0,9.0,189.0,,
327,18991114.0,620.0,601.0,612.0,267.0,,267.0,298.0,,298.0,262.0,,262.0,312.0,221.0,227.0,246.0,232.0,87.0,79.0,92.0,E,4.0,N,5.0,N,3.0,9.0,8.0,7.0,,,
328,18991115.0,614.0,586.0,599.0,249.0,,249.0,321.0,,321.0,266.0,,266.0,314.0,216.0,216.0,242.0,228.0,93.0,68.0,88.0,E,5.0,E,4.0,NE,5.0,9.0,8.0,3.0,6.0,,
329,18991116.0,605.0,581.0,597.0,253.0,,253.0,316.0,,316.0,269.0,,269.0,324.0,228.0,220.0,239.0,236.0,92.0,69.0,90.0,SE,4.0,E,4.0,E,5.0,9.0,7.0,4.0,,,
330,18991117.0,612.0,589.0,595.0,255.0,,255.0,336.0,,336.0,271.0,,271.0,327.0,237.0,218.0,237.0,233.0,90.0,61.0,87.0,SE,5.0,S,6.0,NE,6.0,8.0,7.0,5.0,,,
331,18991118.0,619.0,602.0,596.0,253.0,,253.0,334.0,,334.0,273.0,,273.0,336.0,236.0,216.0,234.0,242.0,90.0,62.0,90.0,E,6.0,SE,4.0,NE,5.0,7.0,7.0,2.0,,,
332,18991119.0,618.0,592.0,597.0,259.0,,259.0,330.0,,330.0,275.0,,275.0,336.0,231.0,220.0,234.0,241.0,89.0,63.0,88.0,NE,4.0,N,5.0,NE,5.0,6.0,7.0,3.0,,,
333,18991120.0,613.0,588.0,601.0,254.0,,254.0,331.0,,331.0,265.0,,265.0,335.0,236.0,213.0,234.0,228.0,89.0,62.0,89.0,SE,6.0,SE,6.0,NE,6.0,7.0,7.0,8.0,,,
334,18991121.0,617.0,594.0,600.0,267.0,,267.0,307.0,,307.0,259.0,,259.0,338.0,239.0,227.0,240.0,230.0,87.0,73.0,93.0,SE,5.0,NE,6.0,N,2.0,7.0,8.0,9.0,,,
335,18991122.0,613.0,598.0,597.0,254.0,,254.0,327.0,,327.0,280.0,,280.0,314.0,223.0,217.0,238.0,237.0,90.0,65.0,85.0,SE,6.0,SE,7.0,NE,5.0,9.0,8.0,8.0,,,
336,18991123.0,613.0,594.0,598.0,264.0,,264.0,324.0,,324.0,271.0,,271.0,329.0,240.0,227.0,236.0,235.0,89.0,65.0,88.0,SE,5.0,NE,7.0,NE,5.0,3.0,7.0,2.0,,,
337,18991124.0,614.0,593.0,595.0,258.0,,258.0,325.0,,325.0,271.0,,271.0,333.0,235.0,223.0,240.0,233.0,90.0,66.0,87.0,E,4.0,N,6.0,E,4.0,8.0,7.0,0.0,,,
338,18991125.0,617.0,591.0,605.0,263.0,,263.0,328.0,,328.0,270.0,,270.0,325.0,235.0,227.0,240.0,233.0,89.0,65.0,88.0,E,6.0,SE,4.0,E,5.0,3.0,7.0,0.0,,,
339,18991126.0,615.0,599.0,610.0,251.0,,251.0,330.0,,330.0,264.0,,264.0,336.0,235.0,215.0,241.0,227.0,91.0,65.0,89.0,SE,5.0,NE,6.0,N,6.0,4.0,7.0,6.0,,,
340,18991127.0,624.0,602.0,613.0,257.0,,257.0,316.0,,316.0,264.0,,264.0,331.0,235.0,215.0,241.0,231.0,88.0,70.0,90.0,NE,5.0,N,6.0,N,3.0,7.0,4.0,0.0,,,
341,18991128.0,626.0,607.0,615.0,269.0,,269.0,295.0,,295.0,265.0,,265.0,327.0,220.0,232.0,247.0,228.0,88.0,80.0,89.0,E,4.0,NE,5.0,E,3.0,6.0,7.0,0.0,,,
342,18991129.0,624.0,605.0,614.0,241.0,,241.0,251.0,,251.0,238.0,,238.0,311.0,211.0,212.0,227.0,212.0,95.0,96.0,97.0,,0.0,N,1.0,SW,2.0,8.0,9.0,10.0,211.0,,
343,18991130.0,629.0,612.0,617.0,250.0,,250.0,301.0,,301.0,259.0,,259.0,309.0,219.0,225.0,241.0,230.0,96.0,76.0,93.0,SE,4.0,NW,6.0,,0.0,7.0,8.0,10.0,,,
344,,761.76,759.7433333333333,760.56,25.926666666666666,,25.926666666666666,,,31.753333333333337,,,26.626666666666665,32.81,22.95,22.169999999999998,23.816666666666666,22.84,89.16666666666667,68.9,88.26666666666667,,4.9,,5.3,,4.2,6.466666666666667,7.1,4.566666666666666,64.0,,
345,18991201.0,632.0,609.0,622.0,235.0,,235.0,311.0,,311.0,256.0,,256.0,314.0,217.0,199.0,240.0,224.0,92.0,71.0,92.0,SE,3.0,NE,5.0,S,2.0,10.0,6.0,8.0,,,
346,18991202.0,633.0,614.0,610.0,234.0,,234.0,274.0,,274.0,269.0,,269.0,319.0,216.0,199.0,246.0,238.0,93.0,90.0,90.0,SE,2.0,N,4.0,E,5.0,10.0,8.0,6.0,,,
347,18991203.0,618.0,617.0,609.0,260.0,,260.0,291.0,,291.0,262.0,,262.0,277.0,219.0,219.0,239.0,234.0,88.0,80.0,93.0,N,2.0,NE,2.0,N,1.0,6.0,7.0,8.0,15.0,,
348,18991204.0,624.0,612.0,614.0,259.0,,259.0,247.0,,247.0,253.0,,253.0,298.0,236.0,222.0,208.0,222.0,90.0,90.0,93.0,SE,5.0,SE,4.0,NE,2.0,7.0,8.0,9.0,46.0,,
349,18991205.0,624.0,609.0,615.0,247.0,,247.0,311.0,,311.0,264.0,,264.0,311.0,214.0,207.0,237.0,229.0,89.0,71.0,89.0,ESE,4.0,SE,5.0,,0.0,7.0,8.0,0.0,,,
350,18991206.0,623.0,603.0,613.0,259.0,,259.0,282.0,,282.0,267.0,,267.0,311.0,220.0,226.0,253.0,227.0,91.0,89.0,87.0,NE,3.0,NW,4.0,SE,2.0,6.0,7.0,0.0,10.0,,
351,18991207.0,611.0,590.0,591.0,258.0,,258.0,286.0,,286.0,265.0,,265.0,305.0,216.0,223.0,253.0,226.0,90.0,87.0,88.0,SE,3.0,NE,5.0,E,2.0,3.0,8.0,8.0,20.0,,
352,18991208.0,599.0,583.0,583.0,255.0,,255.0,300.0,,300.0,267.0,,267.0,292.0,215.0,218.0,242.0,227.0,90.0,77.0,87.0,SE,2.0,N,5.0,NE,3.0,5.0,8.0,8.0,,,
353,18991209.0,602.0,578.0,590.0,250.0,,250.0,322.0,,322.0,279.0,,279.0,312.0,232.0,220.0,239.0,251.0,93.0,67.0,90.0,SE,6.0,SE,6.0,NE,5.0,7.0,7.0,2.0,,,
354,18991210.0,617.0,600.0,608.0,258.0,,258.0,266.0,,266.0,265.0,,265.0,331.0,239.0,223.0,230.0,228.0,90.0,89.0,89.0,SE,5.0,S,4.0,N,4.0,2.0,0.0,8.0,15.0,,
355,18991211.0,621.0,600.0,600.0,251.0,,251.0,289.0,,289.0,265.0,,265.0,310.0,221.0,219.0,247.0,226.0,93.0,83.0,88.0,E,6.0,E,5.0,NE,6.0,7.0,9.0,10.0,118.0,,
356,18991212.0,621.0,598.0,600.0,242.0,,242.0,255.0,,255.0,259.0,,259.0,291.0,219.0,213.0,222.0,228.0,95.0,92.0,92.0,NE,4.0,NW,2.0,N,4.0,5.0,9.0,0.0,168.0,,
357,18991213.0,614.0,588.0,593.0,259.0,,259.0,323.0,,323.0,270.0,,270.0,305.0,225.0,226.0,243.0,237.0,91.0,68.0,90.0,SE,4.0,SE,5.0,SE,5.0,5.0,7.0,0.0,,,
358,18991214.0,606.0,588.0,594.0,265.0,,265.0,316.0,,316.0,267.0,,267.0,325.0,226.0,241.0,243.0,241.0,93.0,70.0,93.0,SE,5.0,N,5.0,NE,5.0,8.0,7.0,7.0,,,
359,18991215.0,613.0,591.0,599.0,261.0,,261.0,310.0,,310.0,266.0,,266.0,322.0,226.0,241.0,236.0,240.0,96.0,71.0,93.0,SE,2.0,NE,6.0,NE,4.0,3.0,5.0,0.0,,,
360,18991216.0,614.0,597.0,598.0,251.0,,251.0,299.0,,299.0,261.0,,261.0,316.0,219.0,225.0,238.0,225.0,95.0,76.0,90.0,SE,3.0,NE,4.0,NE,4.0,1.0,7.0,0.0,,,
361,18991217.0,622.0,600.0,606.0,256.0,,256.0,315.0,,315.0,266.0,,266.0,312.0,214.0,224.0,237.0,226.0,92.0,69.0,87.0,N,2.0,NE,6.0,E,2.0,2.0,3.0,6.0,,,
362,18991218.0,634.0,601.0,607.0,256.0,,256.0,268.0,,268.0,266.0,,266.0,315.0,223.0,226.0,237.0,250.0,93.0,90.0,97.0,SE,3.0,,0.0,N,1.0,4.0,9.0,0.0,31.0,,
363,18991219.0,607.0,593.0,594.0,259.0,,259.0,272.0,,272.0,265.0,,265.0,307.0,206.0,216.0,240.0,241.0,87.0,90.0,93.0,N,1.0,,0.0,NE,3.0,7.0,9.0,0.0,26.0,,
364,18991220.0,609.0,589.0,617.0,262.0,,262.0,318.0,,318.0,269.0,,269.0,302.0,223.0,224.0,246.0,240.0,89.0,70.0,91.0,NE,5.0,NE,6.0,N,1.0,1.0,8.0,7.0,,,
365,18991221.0,606.0,592.0,596.0,253.0,,253.0,315.0,,315.0,270.0,,270.0,322.0,206.0,224.0,244.0,235.0,93.0,71.0,89.0,SE,3.0,NE,5.0,NE,3.0,7.0,7.0,0.0,,,
366,18991222.0,610.0,589.0,615.0,252.0,,252.0,315.0,,315.0,272.0,,272.0,320.0,223.0,220.0,246.0,234.0,93.0,72.0,87.0,SE,4.0,E,6.0,N,3.0,9.0,7.0,6.0,,,
367,18991223.0,604.0,579.0,591.0,263.0,,263.0,331.0,,331.0,263.0,,263.0,326.0,235.0,219.0,243.0,221.0,86.0,65.0,87.0,NE,3.0,E,6.0,NE,3.0,3.0,6.0,0.0,,,
368,18991224.0,613.0,611.0,597.0,266.0,,266.0,320.0,,320.0,271.0,,271.0,334.0,237.0,220.0,230.0,217.0,85.0,65.0,81.0,N,3.0,E,3.0,NE,5.0,6.0,7.0,0.0,,,
369,18991225.0,610.0,623.0,639.0,262.0,,262.0,306.0,,306.0,260.0,,260.0,329.0,245.0,224.0,236.0,223.0,89.0,72.0,90.0,SE,4.0,NE,4.0,N,2.0,5.0,6.0,7.0,,,
370,18991226.0,616.0,603.0,611.0,254.0,,254.0,307.0,,307.0,270.0,,270.0,309.0,213.0,223.0,236.0,244.0,93.0,71.0,92.0,SE,2.0,NE,4.0,,0.0,3.0,6.0,0.0,,,
371,18991227.0,615.0,591.0,590.0,235.0,,235.0,314.0,,314.0,273.0,,273.0,314.0,233.0,193.0,238.0,244.0,90.0,70.0,90.0,,0.0,NW,6.0,E,1.0,7.0,5.0,3.0,10.0,,
372,18991228.0,612.0,596.0,598.0,240.0,,240.0,280.0,,280.0,261.0,,261.0,315.0,222.0,206.0,250.0,219.0,93.0,89.0,88.0,W,2.0,N,6.0,NE,3.0,3.0,8.0,0.0,10.0,,
373,18991229.0,615.0,605.0,607.0,259.0,,259.0,276.0,,276.0,261.0,,261.0,300.0,221.0,224.0,251.0,245.0,90.0,91.0,97.0,SE,5.0,E,3.0,NE,1.0,8.0,9.0,10.0,26.0,,
374,18991230.0,616.0,602.0,602.0,259.0,,259.0,303.0,,303.0,268.0,,268.0,314.0,213.0,222.0,240.0,226.0,90.0,75.0,86.0,SE,4.0,NE,6.0,E,4.0,9.0,8.0,9.0,,,
375,18991231.0,614.0,606.0,609.0,255.0,,255.0,287.0,,287.0,257.0,,257.0,306.0,220.0,217.0,239.0,217.0,90.0,82.0,89.0,S,4.0,N,5.0,N,1.0,7.0,10.0,10.0,19.0,,
376,,761.5322580645161,759.8612903225807,760.3806451612903,25.403225806451612,,25.403225806451612,,,29.706451612903226,,,26.538709677419355,31.174193548387098,22.238709677419354,21.94516129032258,23.96451612903226,23.17741935483871,91.03225806451613,77.83870967741936,89.93548387096774,,3.3548387096774195,,4.419354838709677,,2.806451612903226,5.580645161290323,7.064516129032258,4.258064516129032,51.4,,
